match_id,season,season_year,half,round,date,home_team_id,home_team,away_team_id,away_team,home_goals,away_goals,home_goals_ht,away_goals_ht,venue,result_home,involves_cruz_azul,inconsistency_note
1000,Apertura 2010,2010,apertura,1,2010-07-01,T012,Club Tijuana,T008,Atlas Guadalajara,1,1,1,1,Estadio Caliente,D,0,
1001,Apertura 2010,2010,apertura,1,2010-07-01,T007,Pumas UNAM,T017,Puebla FC,2,1,1,1,Estadio Olímpico Universitario,W,0,
1002,Apertura 2010,2010,apertura,1,2010-07-01,T002,América,T015,Impulsora Necaxa,3,1,3,0,Estadio Azteca,W,0,
1003,Apertura 2010,2010,apertura,1,2010-07-01,T016,Querétaro,T005,Tigres UANL,2,0,1,0,Estadio Corregidora,W,0,
1004,Apertura 2010,2010,apertura,1,2010-07-01,T011,Monarcas Morelia,T001,Cruz Azul,4,2,4,2,Estadio Morelos,W,1,ALERTA: 'Monarcas Morelia' renombrado 'Mazatlán FC' desde 2020 — mismo club_id T011
1005,Apertura 2010,2010,apertura,1,2010-07-01,T018,Dorados Sinaloa,T004,Chivas,0,2,0,1,Estadio de Mazatlán,L,0,ALERTA: 'Dorados Sinaloa' → 'Mazatlán FC' (2020) — club_id T018
1006,Apertura 2010,2010,apertura,1,2010-07-01,T003,Rayados,T006,León,4,0,3,0,Estadio BBVA,W,0,
1007,Apertura 2010,2010,apertura,1,2010-07-01,T013,Bravos de Juárez,T009,Santos Laguna,3,0,1,0,Estadio Olímpico Benito Juárez,W,0,
1008,Apertura 2010,2010,apertura,2,2010-07-08,T016,Querétaro,T014,San Luis,1,0,0,0,Estadio Corregidora,W,0,
1009,Apertura 2010,2010,apertura,2,2010-07-08,T006,León FC,T015,Impulsora Necaxa,1,3,1,0,Estadio León,L,0,
1010,Apertura 2010,2010,apertura,2,2010-07-08,T009,Santos,T004,Chivas,0,3,0,0,Estadio Corona,L,0,
1011,Apertura 2010,2010,apertura,2,2010-07-08,T011,Monarcas Morelia,T005,Tigres UANL,2,0,1,0,Estadio Morelos,W,0,ALERTA: 'Monarcas Morelia' renombrado 'Mazatlán FC' desde 2020 — mismo club_id T011
1012,Apertura 2010,2010,apertura,2,2010-07-08,T007,UNAM Pumas,T002,América,2,0,1,0,Estadio Olímpico Universitario,W,0,
1013,Apertura 2010,2010,apertura,2,2010-07-08,T003,Monterrey,T013,FC Juárez,3,4,1,3,Estadio BBVA,L,0,
1014,Apertura 2010,2010,apertura,2,2010-07-08,T017,La Franja,T018,Dorados Sinaloa,1,1,0,1,Estadio Cuauhtémoc,D,0,ALERTA: 'Dorados Sinaloa' → 'Mazatlán FC' (2020) — club_id T018
1015,Apertura 2010,2010,apertura,2,2010-07-08,T012,Club Tijuana,T001,Cruz Azul,3,1,3,0,Estadio Caliente,W,1,
1016,Apertura 2010,2010,apertura,3,2010-07-15,T010,Toluca,T018,Dorados Sinaloa,0,0,0,0,Estadio Nemesio Díez,D,0,ALERTA: 'Dorados Sinaloa' → 'Mazatlán FC' (2020) — club_id T018
1017,Apertura 2010,2010,apertura,3,2010-07-15,T001,C. Azul,T017,Club Puebla,3,1,3,1,Estadio Ciudad de los Deportes,W,1,
1018,Apertura 2010,2010,apertura,3,2010-07-15,T012,Tijuana,T015,Necaxa,2,2,2,2,Estadio Caliente,D,0,
1019,Apertura 2010,2010,apertura,3,2010-07-15,T008,Atlas Guadalajara,T013,Bravos de Juárez,2,0,1,0,Estadio Jalisco,W,0,
1020,Apertura 2010,2010,apertura,3,2010-07-15,T009,Santos Laguna,T002,Club América,0,2,0,2,Estadio Corona,L,0,
1021,Apertura 2010,2010,apertura,3,2010-07-15,T006,León FC,T005,Tigres,2,3,0,1,Estadio León,L,0,
1022,Apertura 2010,2010,apertura,3,2010-07-15,T016,Querétaro FC,T003,CF Monterrey,2,1,0,0,Estadio Corregidora,W,0,
1023,Apertura 2010,2010,apertura,3,2010-07-15,T004,Chivas,T014,San Luis,0,1,0,0,Estadio Akron,L,0,
1024,Apertura 2010,2010,apertura,4,2010-07-22,T012,Club Tijuana,T005,Tigres UANL,3,0,0,0,Estadio Caliente,W,0,
1025,Apertura 2010,2010,apertura,4,2010-07-22,T013,Bravos de Juárez,T011,Monarcas Morelia,1,0,1,0,Estadio Olímpico Benito Juárez,W,0,ALERTA: 'Monarcas Morelia' renombrado 'Mazatlán FC' desde 2020 — mismo club_id T011
1026,Apertura 2010,2010,apertura,4,2010-07-22,T002,América,T016,Querétaro,1,2,1,0,Estadio Azteca,L,0,
1027,Apertura 2010,2010,apertura,4,2010-07-22,T015,Impulsora Necaxa,T006,Club León,1,0,1,0,Estadio Victoria,W,0,
1028,Apertura 2010,2010,apertura,4,2010-07-22,T001,Cruz Azul,T008,Atlas Guadalajara,1,2,1,0,Estadio Ciudad de los Deportes,L,1,
1029,Apertura 2010,2010,apertura,4,2010-07-22,T017,Club Puebla,T018,Dorados Sinaloa,3,1,1,1,Estadio Cuauhtémoc,W,0,ALERTA: 'Dorados Sinaloa' → 'Mazatlán FC' (2020) — club_id T018
1030,Apertura 2010,2010,apertura,4,2010-07-22,T009,Santos Laguna,T014,A. San Luis,3,4,1,2,Estadio Corona,L,0,
1031,Apertura 2010,2010,apertura,4,2010-07-22,T010,Toluca FC,T003,Monterrey,2,2,1,0,Estadio Nemesio Díez,D,0,
1032,Apertura 2010,2010,apertura,5,2010-07-29,T008,Atlas,T015,Necaxa,2,0,0,0,Estadio Jalisco,W,0,
1033,Apertura 2010,2010,apertura,5,2010-07-29,T018,Dorados Sinaloa,T003,Rayados,3,0,1,0,Estadio de Mazatlán,W,0,ALERTA: 'Dorados Sinaloa' → 'Mazatlán FC' (2020) — club_id T018
1034,Apertura 2010,2010,apertura,5,2010-07-29,T012,Club Tijuana,T013,Juárez,1,0,1,0,Estadio Caliente,W,0,
1035,Apertura 2010,2010,apertura,5,2010-07-29,T002,América,T010,Toluca,0,0,0,0,Estadio Azteca,D,0,
1036,Apertura 2010,2010,apertura,5,2010-07-29,T006,León,T007,Pumas UNAM,1,0,0,0,Estadio León,W,0,
1037,Apertura 2010,2010,apertura,5,2010-07-29,T011,Monarcas Morelia,T016,Querétaro FC,2,2,2,1,Estadio Morelos,D,0,ALERTA: 'Monarcas Morelia' renombrado 'Mazatlán FC' desde 2020 — mismo club_id T011
1038,Apertura 2010,2010,apertura,5,2010-07-29,T009,Santos Laguna FC,T014,A. San Luis,3,1,1,1,Estadio Corona,W,0,
1039,Apertura 2010,2010,apertura,5,2010-07-29,T004,Guadalajara,T001,Cruz Azul FC,0,2,0,0,Estadio Akron,L,1,
1040,Apertura 2010,2010,apertura,6,2010-08-05,T004,Deportivo Guadalajara,T003,Monterrey,2,1,1,0,Estadio Akron,W,0,
1041,Apertura 2010,2010,apertura,6,2010-08-05,T017,La Franja,T016,Gallos Blancos,3,1,1,1,Estadio Cuauhtémoc,W,0,
1042,Apertura 2010,2010,apertura,6,2010-08-05,T018,Dorados Sinaloa,T009,Santos Laguna FC,3,2,2,0,Estadio de Mazatlán,W,0,ALERTA: 'Dorados Sinaloa' → 'Mazatlán FC' (2020) — club_id T018
1043,Apertura 2010,2010,apertura,6,2010-08-05,T013,FC Juárez,T001,C. Azul,2,1,2,0,Estadio Olímpico Benito Juárez,W,1,
1044,Apertura 2010,2010,apertura,6,2010-08-05,T014,San Luis,T010,Deportivo Toluca,0,0,0,0,Estadio Alfonso Lastras,D,0,
1045,Apertura 2010,2010,apertura,6,2010-08-05,T002,Club América,T008,Atlas,1,0,1,0,Estadio Azteca,W,0,
1046,Apertura 2010,2010,apertura,6,2010-08-05,T007,Pumas UNAM,T006,León,1,3,0,1,Estadio Olímpico Universitario,L,0,
1047,Apertura 2010,2010,apertura,6,2010-08-05,T012,Tijuana,T015,Necaxa,4,2,0,2,Estadio Caliente,W,0,
1048,Apertura 2010,2010,apertura,7,2010-08-12,T017,La Franja,T007,Pumas,0,3,0,2,Estadio Cuauhtémoc,L,0,
1049,Apertura 2010,2010,apertura,7,2010-08-12,T002,América,T008,Atlas Guadalajara,0,2,0,2,Estadio Azteca,L,0,
1050,Apertura 2010,2010,apertura,7,2010-08-12,T013,Juárez,T003,Rayados,2,2,2,1,Estadio Olímpico Benito Juárez,D,0,
1051,Apertura 2010,2010,apertura,7,2010-08-12,T006,León,T011,Monarcas Morelia,2,0,0,0,Estadio León,W,0,ALERTA: 'Monarcas Morelia' renombrado 'Mazatlán FC' desde 2020 — mismo club_id T011
1052,Apertura 2010,2010,apertura,7,2010-08-12,T004,Guadalajara,T012,Xoloitzcuintles,3,1,0,0,Estadio Akron,W,0,
1053,Apertura 2010,2010,apertura,7,2010-08-12,T015,Necaxa,T014,Atlético San Luis,0,2,0,1,Estadio Victoria,L,0,
1054,Apertura 2010,2010,apertura,7,2010-08-12,T018,Dorados Sinaloa,T016,Querétaro FC,2,1,0,1,Estadio de Mazatlán,W,0,ALERTA: 'Dorados Sinaloa' → 'Mazatlán FC' (2020) — club_id T018
1055,Apertura 2010,2010,apertura,7,2010-08-12,T010,Toluca FC,T005,UANL Tigres,2,1,0,1,Estadio Nemesio Díez,W,0,
1056,Apertura 2010,2010,apertura,8,2010-08-19,T006,Club León,T003,Monterrey,1,0,0,0,Estadio León,W,0,
1057,Apertura 2010,2010,apertura,8,2010-08-19,T007,Pumas,T013,Bravos de Juárez,1,1,1,0,Estadio Olímpico Universitario,D,0,
1058,Apertura 2010,2010,apertura,8,2010-08-19,T018,Dorados Sinaloa,T017,Club Puebla,1,0,0,0,Estadio de Mazatlán,W,0,ALERTA: 'Dorados Sinaloa' → 'Mazatlán FC' (2020) — club_id T018
1059,Apertura 2010,2010,apertura,8,2010-08-19,T016,Querétaro FC,T010,Toluca,1,3,1,2,Estadio Corregidora,L,0,
1060,Apertura 2010,2010,apertura,8,2010-08-19,T002,Club América,T014,San Luis,1,1,1,1,Estadio Azteca,D,0,
1061,Apertura 2010,2010,apertura,8,2010-08-19,T009,Santos Laguna FC,T004,Guadalajara,1,0,1,0,Estadio Corona,W,0,
1062,Apertura 2010,2010,apertura,8,2010-08-19,T012,Xoloitzcuintles,T011,Monarcas Morelia,0,4,0,2,Estadio Caliente,L,0,ALERTA: 'Monarcas Morelia' renombrado 'Mazatlán FC' desde 2020 — mismo club_id T011
1063,Apertura 2010,2010,apertura,8,2010-08-19,T015,Club Necaxa,T008,Club Atlas,3,2,3,2,Estadio Victoria,W,0,
1064,Apertura 2010,2010,apertura,9,2010-08-26,T008,Club Atlas,T011,Monarcas Morelia,1,1,0,0,Estadio Jalisco,D,0,ALERTA: 'Monarcas Morelia' renombrado 'Mazatlán FC' desde 2020 — mismo club_id T011
1065,Apertura 2010,2010,apertura,9,2010-08-26,T013,Bravos de Juárez,T007,Pumas,1,0,0,0,Estadio Olímpico Benito Juárez,W,0,
1066,Apertura 2010,2010,apertura,9,2010-08-26,T010,Toluca FC,T015,Club Necaxa,0,1,0,0,Estadio Nemesio Díez,L,0,
1067,Apertura 2010,2010,apertura,9,2010-08-26,T005,Tigres UANL,T017,Puebla FC,0,2,0,0,Estadio Universitario,L,0,
1068,Apertura 2010,2010,apertura,9,2010-08-26,T016,Gallos Blancos,T004,Guadalajara,2,4,1,3,Estadio Corregidora,L,0,
1069,Apertura 2010,2010,apertura,9,2010-08-26,T006,Club León,T003,Rayados,1,1,1,1,Estadio León,D,0,
1070,Apertura 2010,2010,apertura,9,2010-08-26,T001,Cruz Azul,T018,Dorados Sinaloa,3,0,0,0,Estadio Ciudad de los Deportes,W,1,ALERTA: 'Dorados Sinaloa' → 'Mazatlán FC' (2020) — club_id T018
1071,Apertura 2010,2010,apertura,9,2010-08-26,T009,Santos,T014,San Luis,1,2,1,2,Estadio Corona,L,0,
1072,Apertura 2010,2010,apertura,10,2010-09-02,T016,Gallos Blancos,T012,Tijuana,0,4,0,1,Estadio Corregidora,L,0,
1073,Apertura 2010,2010,apertura,10,2010-09-02,T013,Juárez,T009,Santos Laguna FC,1,2,1,0,Estadio Olímpico Benito Juárez,L,0,
1074,Apertura 2010,2010,apertura,10,2010-09-02,T014,A. San Luis,T007,UNAM Pumas,1,3,1,3,Estadio Alfonso Lastras,L,0,
1075,Apertura 2010,2010,apertura,10,2010-09-02,T011,Monarcas Morelia,T010,Toluca FC,2,2,2,2,Estadio Morelos,D,0,ALERTA: 'Monarcas Morelia' renombrado 'Mazatlán FC' desde 2020 — mismo club_id T011
1076,Apertura 2010,2010,apertura,10,2010-09-02,T015,Necaxa,T005,Tigres UANL,3,0,3,0,Estadio Victoria,W,0,
1077,Apertura 2010,2010,apertura,10,2010-09-02,T006,León,T001,C. Azul,3,0,3,0,Estadio León,W,1,
1078,Apertura 2010,2010,apertura,10,2010-09-02,T004,Chivas,T002,CF América,2,1,0,0,Estadio Akron,W,0,
1079,Apertura 2010,2010,apertura,10,2010-09-02,T018,Dorados Sinaloa,T008,Club Atlas,2,1,1,0,Estadio de Mazatlán,W,0,ALERTA: 'Dorados Sinaloa' → 'Mazatlán FC' (2020) — club_id T018
1080,Apertura 2010,2010,apertura,11,2010-09-09,T013,Juárez,T007,Pumas UNAM,2,0,1,0,Estadio Olímpico Benito Juárez,W,0,
1081,Apertura 2010,2010,apertura,11,2010-09-09,T003,Monterrey,T005,UANL Tigres,3,1,2,1,Estadio BBVA,W,0,
1082,Apertura 2010,2010,apertura,11,2010-09-09,T006,Club León,T016,Gallos Blancos,2,0,0,0,Estadio León,W,0,
1083,Apertura 2010,2010,apertura,11,2010-09-09,T008,Atlas,T014,San Luis,2,0,1,0,Estadio Jalisco,W,0,
1084,Apertura 2010,2010,apertura,11,2010-09-09,T002,CF América,T009,Santos Laguna,1,2,0,0,Estadio Azteca,L,0,
1085,Apertura 2010,2010,apertura,11,2010-09-09,T001,Cruz Azul FC,T004,Chivas,4,1,3,1,Estadio Ciudad de los Deportes,W,1,
1086,Apertura 2010,2010,apertura,11,2010-09-09,T018,Dorados Sinaloa,T012,Tijuana,0,1,0,0,Estadio de Mazatlán,L,0,ALERTA: 'Dorados Sinaloa' → 'Mazatlán FC' (2020) — club_id T018
1087,Apertura 2010,2010,apertura,11,2010-09-09,T011,Monarcas Morelia,T017,Club Puebla,3,0,0,0,Estadio Morelos,W,0,ALERTA: 'Monarcas Morelia' renombrado 'Mazatlán FC' desde 2020 — mismo club_id T011
1088,Apertura 2010,2010,apertura,12,2010-09-16,T015,Necaxa,T013,Juárez,4,1,3,1,Estadio Victoria,W,0,
1089,Apertura 2010,2010,apertura,12,2010-09-16,T001,Cruz Azul,T007,Pumas,1,2,1,1,Estadio Ciudad de los Deportes,L,1,
1090,Apertura 2010,2010,apertura,12,2010-09-16,T006,León FC,T009,Santos Laguna FC,1,0,1,0,Estadio León,W,0,
1091,Apertura 2010,2010,apertura,12,2010-09-16,T004,Deportivo Guadalajara,T012,Tijuana,3,3,1,2,Estadio Akron,D,0,
1092,Apertura 2010,2010,apertura,12,2010-09-16,T008,Club Atlas,T014,San Luis,1,3,0,0,Estadio Jalisco,L,0,
1093,Apertura 2010,2010,apertura,12,2010-09-16,T005,Tigres UANL,T003,Monterrey,4,2,0,0,Estadio Universitario,W,0,
1094,Apertura 2010,2010,apertura,12,2010-09-16,T011,Monarcas Morelia,T010,Toluca FC,1,3,0,2,Estadio Morelos,L,0,ALERTA: 'Monarcas Morelia' renombrado 'Mazatlán FC' desde 2020 — mismo club_id T011
1095,Apertura 2010,2010,apertura,12,2010-09-16,T002,CF América,T018,Dorados Sinaloa,1,1,1,1,Estadio Azteca,D,0,ALERTA: 'Dorados Sinaloa' → 'Mazatlán FC' (2020) — club_id T018
1096,Apertura 2010,2010,apertura,13,2010-09-23,T007,UNAM Pumas,T008,Atlas,2,0,1,0,Estadio Olímpico Universitario,W,0,
1097,Apertura 2010,2010,apertura,13,2010-09-23,T006,León FC,T003,CF Monterrey,0,4,0,2,Estadio León,L,0,
1098,Apertura 2010,2010,apertura,13,2010-09-23,T017,Puebla FC,T005,Tigres UANL,2,3,2,1,Estadio Cuauhtémoc,L,0,
1099,Apertura 2010,2010,apertura,13,2010-09-23,T018,Dorados Sinaloa,T011,Monarcas Morelia,2,3,0,2,Estadio de Mazatlán,L,0,ALERTA: 'Dorados Sinaloa' → 'Mazatlán FC' (2020) — club_id T018
1100,Apertura 2010,2010,apertura,13,2010-09-23,T004,Chivas,T015,Necaxa,3,1,2,0,Estadio Akron,W,0,
1101,Apertura 2010,2010,apertura,13,2010-09-23,T010,Deportivo Toluca,T001,Cruz Azul,2,3,2,1,Estadio Nemesio Díez,L,1,
1102,Apertura 2010,2010,apertura,13,2010-09-23,T009,Santos Laguna,T016,Gallos Blancos,2,0,2,0,Estadio Corona,W,0,
1103,Apertura 2010,2010,apertura,13,2010-09-23,T013,FC Juárez,T014,San Luis,4,2,1,1,Estadio Olímpico Benito Juárez,W,0,
1104,Apertura 2010,2010,apertura,14,2010-09-30,T001,Cruz Azul FC,T006,León FC,0,2,0,2,Estadio Ciudad de los Deportes,L,1,
1105,Apertura 2010,2010,apertura,14,2010-09-30,T014,San Luis,T011,Monarcas Morelia,2,1,2,0,Estadio Alfonso Lastras,W,0,ALERTA: 'Monarcas Morelia' renombrado 'Mazatlán FC' desde 2020 — mismo club_id T011
1106,Apertura 2010,2010,apertura,14,2010-09-30,T002,América,T010,Toluca FC,2,2,0,0,Estadio Azteca,D,0,
1107,Apertura 2010,2010,apertura,14,2010-09-30,T018,Dorados Sinaloa,T005,Tigres,0,2,0,0,Estadio de Mazatlán,L,0,ALERTA: 'Dorados Sinaloa' → 'Mazatlán FC' (2020) — club_id T018
1108,Apertura 2010,2010,apertura,14,2010-09-30,T008,Club Atlas,T007,UNAM Pumas,4,4,1,1,Estadio Jalisco,D,0,
1109,Apertura 2010,2010,apertura,14,2010-09-30,T009,Santos,T015,Club Necaxa,0,4,0,1,Estadio Corona,L,0,
1110,Apertura 2010,2010,apertura,14,2010-09-30,T012,Tijuana,T003,Rayados,2,1,2,0,Estadio Caliente,W,0,
1111,Apertura 2010,2010,apertura,14,2010-09-30,T016,Gallos Blancos,T013,Juárez,1,1,0,0,Estadio Corregidora,D,0,
1112,Apertura 2010,2010,apertura,15,2010-10-07,T009,Santos,T016,Querétaro,0,2,0,1,Estadio Corona,L,0,
1113,Apertura 2010,2010,apertura,15,2010-10-07,T018,Dorados Sinaloa,T015,Necaxa,3,1,3,1,Estadio de Mazatlán,W,0,ALERTA: 'Dorados Sinaloa' → 'Mazatlán FC' (2020) — club_id T018
1114,Apertura 2010,2010,apertura,15,2010-10-07,T010,Toluca FC,T002,CF América,0,3,0,1,Estadio Nemesio Díez,L,0,
1115,Apertura 2010,2010,apertura,15,2010-10-07,T012,Tijuana,T011,Monarcas Morelia,0,2,0,0,Estadio Caliente,L,0,ALERTA: 'Monarcas Morelia' renombrado 'Mazatlán FC' desde 2020 — mismo club_id T011
1116,Apertura 2010,2010,apertura,15,2010-10-07,T007,Pumas,T006,León FC,1,3,1,2,Estadio Olímpico Universitario,L,0,
1117,Apertura 2010,2010,apertura,15,2010-10-07,T004,Deportivo Guadalajara,T014,A. San Luis,4,0,3,0,Estadio Akron,W,0,
1118,Apertura 2010,2010,apertura,15,2010-10-07,T001,Cruz Azul,T013,FC Juárez,2,3,2,1,Estadio Ciudad de los Deportes,L,1,
1119,Apertura 2010,2010,apertura,15,2010-10-07,T005,UANL Tigres,T003,Monterrey,2,3,2,3,Estadio Universitario,L,0,
1120,Apertura 2010,2010,apertura,16,2010-10-14,T008,Club Atlas,T006,Club León,0,0,0,0,Estadio Jalisco,D,0,
1121,Apertura 2010,2010,apertura,16,2010-10-14,T009,Santos Laguna FC,T003,CF Monterrey,1,0,1,0,Estadio Corona,W,0,
1122,Apertura 2010,2010,apertura,16,2010-10-14,T005,Tigres UANL,T001,C. Azul,2,3,2,3,Estadio Universitario,L,1,
1123,Apertura 2010,2010,apertura,16,2010-10-14,T018,Dorados Sinaloa,T014,A. San Luis,0,0,0,0,Estadio de Mazatlán,D,0,ALERTA: 'Dorados Sinaloa' → 'Mazatlán FC' (2020) — club_id T018
1124,Apertura 2010,2010,apertura,16,2010-10-14,T012,Club Tijuana,T002,CF América,2,3,2,0,Estadio Caliente,L,0,
1125,Apertura 2010,2010,apertura,16,2010-10-14,T017,Club Puebla,T007,Pumas UNAM,0,4,0,3,Estadio Cuauhtémoc,L,0,
1126,Apertura 2010,2010,apertura,16,2010-10-14,T004,Chivas,T011,Monarcas Morelia,3,1,1,1,Estadio Akron,W,0,ALERTA: 'Monarcas Morelia' renombrado 'Mazatlán FC' desde 2020 — mismo club_id T011
1127,Apertura 2010,2010,apertura,16,2010-10-14,T016,Querétaro,T015,Impulsora Necaxa,3,1,2,0,Estadio Corregidora,W,0,
1128,Apertura 2010,2010,apertura,17,2010-10-21,T012,Xoloitzcuintles,T014,Atlético San Luis,2,2,0,0,Estadio Caliente,D,0,
1129,Apertura 2010,2010,apertura,17,2010-10-21,T016,Gallos Blancos,T007,UNAM Pumas,1,2,0,1,Estadio Corregidora,L,0,
1130,Apertura 2010,2010,apertura,17,2010-10-21,T009,Santos Laguna FC,T004,Chivas,2,0,2,0,Estadio Corona,W,0,
1131,Apertura 2010,2010,apertura,17,2010-10-21,T008,Atlas Guadalajara,T005,UANL Tigres,3,0,2,0,Estadio Jalisco,W,0,
1132,Apertura 2010,2010,apertura,17,2010-10-21,T001,Cruz Azul FC,T018,Dorados Sinaloa,1,2,1,1,Estadio Ciudad de los Deportes,L,1,ALERTA: 'Dorados Sinaloa' → 'Mazatlán FC' (2020) — club_id T018
1133,Apertura 2010,2010,apertura,17,2010-10-21,T002,Club América,T006,León FC,3,0,1,0,Estadio Azteca,W,0,
1134,Apertura 2010,2010,apertura,17,2010-10-21,T010,Toluca FC,T017,La Franja,0,0,0,0,Estadio Nemesio Díez,D,0,
1135,Apertura 2010,2010,apertura,17,2010-10-21,T003,CF Monterrey,T013,Bravos de Juárez,2,1,2,1,Estadio BBVA,W,0,
1136,Clausura 2011,2011,clausura,1,2011-01-01,T015,Impulsora Necaxa,T005,Tigres UANL,3,1,0,1,Estadio Victoria,W,0,
1137,Clausura 2011,2011,clausura,1,2011-01-01,T004,Chivas,T012,Club Tijuana,1,0,0,0,Estadio Akron,W,0,
1138,Clausura 2011,2011,clausura,1,2011-01-01,T014,San Luis,T007,UNAM Pumas,1,2,1,1,Estadio Alfonso Lastras,L,0,
1139,Clausura 2011,2011,clausura,1,2011-01-01,T002,América,T016,Querétaro FC,3,0,1,0,Estadio Azteca,W,0,
1140,Clausura 2011,2011,clausura,1,2011-01-01,T006,León FC,T009,Santos Laguna FC,0,3,0,0,Estadio León,L,0,
1141,Clausura 2011,2011,clausura,1,2011-01-01,T010,Toluca FC,T017,Club Puebla,0,1,0,0,Estadio Nemesio Díez,L,0,
1142,Clausura 2011,2011,clausura,1,2011-01-01,T013,Bravos de Juárez,T008,Club Atlas,3,1,0,0,Estadio Olímpico Benito Juárez,W,0,
1143,Clausura 2011,2011,clausura,1,2011-01-01,T011,Monarcas Morelia,T001,Cruz Azul,1,1,0,1,Estadio Morelos,D,1,ALERTA: 'Monarcas Morelia' renombrado 'Mazatlán FC' desde 2020 — mismo club_id T011
1144,Clausura 2011,2011,clausura,2,2011-01-08,T009,Santos Laguna FC,T017,Puebla FC,1,2,0,0,Estadio Corona,L,0,
1145,Clausura 2011,2011,clausura,2,2011-01-08,T007,Pumas,T003,Monterrey,2,1,0,0,Estadio Olímpico Universitario,W,0,
1146,Clausura 2011,2011,clausura,2,2011-01-08,T006,León,T014,A. San Luis,1,1,1,0,Estadio León,D,0,
1147,Clausura 2011,2011,clausura,2,2011-01-08,T001,Cruz Azul,T011,Monarcas Morelia,3,2,0,0,Estadio Ciudad de los Deportes,W,1,ALERTA: 'Monarcas Morelia' renombrado 'Mazatlán FC' desde 2020 — mismo club_id T011
1148,Clausura 2011,2011,clausura,2,2011-01-08,T015,Necaxa,T013,Juárez,4,1,2,0,Estadio Victoria,W,0,
1149,Clausura 2011,2011,clausura,2,2011-01-08,T004,Guadalajara,T002,Club América,1,0,0,0,Estadio Akron,W,0,
1150,Clausura 2011,2011,clausura,2,2011-01-08,T010,Toluca,T012,Tijuana,3,1,0,1,Estadio Nemesio Díez,W,0,
1151,Clausura 2011,2011,clausura,2,2011-01-08,T018,Dorados Sinaloa,T005,UANL Tigres,3,2,2,2,Estadio de Mazatlán,W,0,ALERTA: 'Dorados Sinaloa' → 'Mazatlán FC' (2020) — club_id T018
1152,Clausura 2011,2011,clausura,3,2011-01-15,T007,Pumas,T012,Xoloitzcuintles,2,2,1,0,Estadio Olímpico Universitario,D,0,
1153,Clausura 2011,2011,clausura,3,2011-01-15,T010,Deportivo Toluca,T016,Gallos Blancos,3,0,1,0,Estadio Nemesio Díez,W,0,
1154,Clausura 2011,2011,clausura,3,2011-01-15,T006,León,T018,Dorados Sinaloa,2,3,2,2,Estadio León,L,0,ALERTA: 'Dorados Sinaloa' → 'Mazatlán FC' (2020) — club_id T018
1155,Clausura 2011,2011,clausura,3,2011-01-15,T014,San Luis,T009,Santos,1,2,1,0,Estadio Alfonso Lastras,L,0,
1156,Clausura 2011,2011,clausura,3,2011-01-15,T001,Cruz Azul,T002,Club América,3,2,3,1,Estadio Ciudad de los Deportes,W,1,
1157,Clausura 2011,2011,clausura,3,2011-01-15,T003,Rayados,T013,Bravos de Juárez,0,1,0,1,Estadio BBVA,L,0,
1158,Clausura 2011,2011,clausura,3,2011-01-15,T008,Atlas Guadalajara,T017,Club Puebla,0,0,0,0,Estadio Jalisco,D,0,
1159,Clausura 2011,2011,clausura,3,2011-01-15,T015,Necaxa,T005,UANL Tigres,2,0,2,0,Estadio Victoria,W,0,
1160,Clausura 2011,2011,clausura,4,2011-01-22,T008,Club Atlas,T011,Monarcas Morelia,1,2,1,1,Estadio Jalisco,L,0,ALERTA: 'Monarcas Morelia' renombrado 'Mazatlán FC' desde 2020 — mismo club_id T011
1161,Clausura 2011,2011,clausura,4,2011-01-22,T009,Santos Laguna FC,T003,Monterrey,1,1,0,0,Estadio Corona,D,0,
1162,Clausura 2011,2011,clausura,4,2011-01-22,T015,Necaxa,T012,Xoloitzcuintles,0,0,0,0,Estadio Victoria,D,0,
1163,Clausura 2011,2011,clausura,4,2011-01-22,T013,Bravos de Juárez,T016,Querétaro FC,0,3,0,1,Estadio Olímpico Benito Juárez,L,0,
1164,Clausura 2011,2011,clausura,4,2011-01-22,T007,UNAM Pumas,T002,CF América,1,3,0,1,Estadio Olímpico Universitario,L,0,
1165,Clausura 2011,2011,clausura,4,2011-01-22,T006,León,T014,San Luis,0,4,0,1,Estadio León,L,0,
1166,Clausura 2011,2011,clausura,4,2011-01-22,T017,La Franja,T004,Guadalajara,0,2,0,0,Estadio Cuauhtémoc,L,0,
1167,Clausura 2011,2011,clausura,4,2011-01-22,T005,UANL Tigres,T001,Cruz Azul FC,2,1,0,1,Estadio Universitario,W,1,
1168,Clausura 2011,2011,clausura,5,2011-01-29,T018,Dorados Sinaloa,T012,Xoloitzcuintles,3,0,0,0,Estadio de Mazatlán,W,0,ALERTA: 'Dorados Sinaloa' → 'Mazatlán FC' (2020) — club_id T018
1169,Clausura 2011,2011,clausura,5,2011-01-29,T007,Pumas,T002,América,2,2,1,1,Estadio Olímpico Universitario,D,0,
1170,Clausura 2011,2011,clausura,5,2011-01-29,T004,Deportivo Guadalajara,T009,Santos Laguna FC,1,1,1,0,Estadio Akron,D,0,
1171,Clausura 2011,2011,clausura,5,2011-01-29,T016,Gallos Blancos,T006,Club León,1,2,0,1,Estadio Corregidora,L,0,
1172,Clausura 2011,2011,clausura,5,2011-01-29,T011,Monarcas Morelia,T015,Club Necaxa,4,1,4,0,Estadio Morelos,W,0,ALERTA: 'Monarcas Morelia' renombrado 'Mazatlán FC' desde 2020 — mismo club_id T011
1173,Clausura 2011,2011,clausura,5,2011-01-29,T008,Club Atlas,T014,A. San Luis,2,2,1,0,Estadio Jalisco,D,0,
1174,Clausura 2011,2011,clausura,5,2011-01-29,T013,FC Juárez,T010,Toluca FC,1,3,1,2,Estadio Olímpico Benito Juárez,L,0,
1175,Clausura 2011,2011,clausura,5,2011-01-29,T005,Tigres,T017,La Franja,1,2,0,0,Estadio Universitario,L,0,
1176,Clausura 2011,2011,clausura,6,2011-02-05,T008,Atlas,T006,León,1,2,0,0,Estadio Jalisco,L,0,
1177,Clausura 2011,2011,clausura,6,2011-02-05,T001,Cruz Azul,T009,Santos Laguna,3,1,3,1,Estadio Ciudad de los Deportes,W,1,
1178,Clausura 2011,2011,clausura,6,2011-02-05,T004,Guadalajara,T005,UANL Tigres,1,3,0,0,Estadio Akron,L,0,
1179,Clausura 2011,2011,clausura,6,2011-02-05,T003,Rayados,T016,Querétaro,3,2,0,0,Estadio BBVA,W,0,
1180,Clausura 2011,2011,clausura,6,2011-02-05,T014,A. San Luis,T010,Toluca FC,2,3,2,2,Estadio Alfonso Lastras,L,0,
1181,Clausura 2011,2011,clausura,6,2011-02-05,T007,Pumas,T012,Club Tijuana,1,4,0,4,Estadio Olímpico Universitario,L,0,
1182,Clausura 2011,2011,clausura,6,2011-02-05,T011,Monarcas Morelia,T002,América,2,1,2,1,Estadio Morelos,W,0,ALERTA: 'Monarcas Morelia' renombrado 'Mazatlán FC' desde 2020 — mismo club_id T011
1183,Clausura 2011,2011,clausura,6,2011-02-05,T013,Bravos de Juárez,T018,Dorados Sinaloa,4,2,2,0,Estadio Olímpico Benito Juárez,W,0,ALERTA: 'Dorados Sinaloa' → 'Mazatlán FC' (2020) — club_id T018
1184,Clausura 2011,2011,clausura,7,2011-02-12,T003,Monterrey,T013,Juárez,1,2,1,1,Estadio BBVA,L,0,
1185,Clausura 2011,2011,clausura,7,2011-02-12,T011,Monarcas Morelia,T001,Cruz Azul,4,0,2,0,Estadio Morelos,W,1,ALERTA: 'Monarcas Morelia' renombrado 'Mazatlán FC' desde 2020 — mismo club_id T011
1186,Clausura 2011,2011,clausura,7,2011-02-12,T014,San Luis,T012,Xoloitzcuintles,0,2,0,1,Estadio Alfonso Lastras,L,0,
1187,Clausura 2011,2011,clausura,7,2011-02-12,T005,Tigres,T010,Deportivo Toluca,0,0,0,0,Estadio Universitario,D,0,
1188,Clausura 2011,2011,clausura,7,2011-02-12,T006,León FC,T016,Querétaro FC,1,2,1,2,Estadio León,L,0,
1189,Clausura 2011,2011,clausura,7,2011-02-12,T017,La Franja,T015,Impulsora Necaxa,2,1,0,0,Estadio Cuauhtémoc,W,0,
1190,Clausura 2011,2011,clausura,7,2011-02-12,T007,Pumas UNAM,T018,Dorados Sinaloa,2,3,2,2,Estadio Olímpico Universitario,L,0,ALERTA: 'Dorados Sinaloa' → 'Mazatlán FC' (2020) — club_id T018
1191,Clausura 2011,2011,clausura,7,2011-02-12,T004,Guadalajara,T009,Santos Laguna FC,1,0,1,0,Estadio Akron,W,0,
1192,Clausura 2011,2011,clausura,8,2011-02-19,T001,C. Azul,T015,Necaxa,2,3,2,1,Estadio Ciudad de los Deportes,L,1,
1193,Clausura 2011,2011,clausura,8,2011-02-19,T017,La Franja,T018,Dorados Sinaloa,4,3,2,1,Estadio Cuauhtémoc,W,0,ALERTA: 'Dorados Sinaloa' → 'Mazatlán FC' (2020) — club_id T018
1194,Clausura 2011,2011,clausura,8,2011-02-19,T014,San Luis,T003,Monterrey,2,0,2,0,Estadio Alfonso Lastras,W,0,
1195,Clausura 2011,2011,clausura,8,2011-02-19,T006,León,T009,Santos,3,1,2,0,Estadio León,W,0,
1196,Clausura 2011,2011,clausura,8,2011-02-19,T007,Pumas UNAM,T004,Guadalajara,0,2,0,1,Estadio Olímpico Universitario,L,0,
1197,Clausura 2011,2011,clausura,8,2011-02-19,T008,Atlas,T010,Toluca FC,0,0,0,0,Estadio Jalisco,D,0,
1198,Clausura 2011,2011,clausura,8,2011-02-19,T011,Monarcas Morelia,T013,Juárez,0,0,0,0,Estadio Morelos,D,0,ALERTA: 'Monarcas Morelia' renombrado 'Mazatlán FC' desde 2020 — mismo club_id T011
1199,Clausura 2011,2011,clausura,8,2011-02-19,T002,Club América,T012,Club Tijuana,1,1,1,0,Estadio Azteca,D,0,
1200,Clausura 2011,2011,clausura,9,2011-02-26,T017,La Franja,T016,Querétaro,0,2,0,2,Estadio Cuauhtémoc,L,0,
1201,Clausura 2011,2011,clausura,9,2011-02-26,T009,Santos Laguna FC,T001,C. Azul,4,2,1,2,Estadio Corona,W,1,
1202,Clausura 2011,2011,clausura,9,2011-02-26,T003,Rayados,T006,Club León,0,3,0,3,Estadio BBVA,L,0,
1203,Clausura 2011,2011,clausura,9,2011-02-26,T013,FC Juárez,T007,UNAM Pumas,4,0,3,0,Estadio Olímpico Benito Juárez,W,0,
1204,Clausura 2011,2011,clausura,9,2011-02-26,T011,Monarcas Morelia,T002,América,1,0,0,0,Estadio Morelos,W,0,ALERTA: 'Monarcas Morelia' renombrado 'Mazatlán FC' desde 2020 — mismo club_id T011
1205,Clausura 2011,2011,clausura,9,2011-02-26,T014,A. San Luis,T012,Xoloitzcuintles,4,0,0,0,Estadio Alfonso Lastras,W,0,
1206,Clausura 2011,2011,clausura,9,2011-02-26,T010,Deportivo Toluca,T008,Atlas,4,1,3,0,Estadio Nemesio Díez,W,0,
1207,Clausura 2011,2011,clausura,9,2011-02-26,T018,Dorados Sinaloa,T005,Tigres,0,1,0,0,Estadio de Mazatlán,L,0,ALERTA: 'Dorados Sinaloa' → 'Mazatlán FC' (2020) — club_id T018
1208,Clausura 2011,2011,clausura,10,2011-03-05,T003,CF Monterrey,T013,FC Juárez,0,2,0,0,Estadio BBVA,L,0,
1209,Clausura 2011,2011,clausura,10,2011-03-05,T005,Tigres UANL,T008,Atlas,0,2,0,2,Estadio Universitario,L,0,
1210,Clausura 2011,2011,clausura,10,2011-03-05,T004,Guadalajara,T011,Monarcas Morelia,1,1,1,1,Estadio Akron,D,0,ALERTA: 'Monarcas Morelia' renombrado 'Mazatlán FC' desde 2020 — mismo club_id T011
1211,Clausura 2011,2011,clausura,10,2011-03-05,T009,Santos Laguna,T016,Querétaro,0,0,0,0,Estadio Corona,D,0,
1212,Clausura 2011,2011,clausura,10,2011-03-05,T015,Club Necaxa,T006,León FC,4,0,3,0,Estadio Victoria,W,0,
1213,Clausura 2011,2011,clausura,10,2011-03-05,T018,Dorados Sinaloa,T012,Xoloitzcuintles,1,0,1,0,Estadio de Mazatlán,W,0,ALERTA: 'Dorados Sinaloa' → 'Mazatlán FC' (2020) — club_id T018
1214,Clausura 2011,2011,clausura,10,2011-03-05,T017,Puebla FC,T001,C. Azul,2,0,2,0,Estadio Cuauhtémoc,W,1,
1215,Clausura 2011,2011,clausura,10,2011-03-05,T010,Toluca FC,T014,Atlético San Luis,0,1,0,0,Estadio Nemesio Díez,L,0,
1216,Clausura 2011,2011,clausura,11,2011-03-12,T017,Puebla FC,T009,Santos Laguna FC,2,4,0,2,Estadio Cuauhtémoc,L,0,
1217,Clausura 2011,2011,clausura,11,2011-03-12,T011,Monarcas Morelia,T008,Atlas,4,0,3,0,Estadio Morelos,W,0,ALERTA: 'Monarcas Morelia' renombrado 'Mazatlán FC' desde 2020 — mismo club_id T011
1218,Clausura 2011,2011,clausura,11,2011-03-12,T004,Guadalajara,T010,Toluca,1,0,0,0,Estadio Akron,W,0,
1219,Clausura 2011,2011,clausura,11,2011-03-12,T001,C. Azul,T012,Club Tijuana,2,3,2,3,Estadio Ciudad de los Deportes,L,1,
1220,Clausura 2011,2011,clausura,11,2011-03-12,T002,Club América,T007,Pumas UNAM,4,1,3,0,Estadio Azteca,W,0,
1221,Clausura 2011,2011,clausura,11,2011-03-12,T003,Rayados,T016,Querétaro,1,0,1,0,Estadio BBVA,W,0,
1222,Clausura 2011,2011,clausura,11,2011-03-12,T014,A. San Luis,T006,León FC,1,1,1,1,Estadio Alfonso Lastras,D,0,
1223,Clausura 2011,2011,clausura,11,2011-03-12,T005,Tigres UANL,T018,Dorados Sinaloa,0,2,0,2,Estadio Universitario,L,0,ALERTA: 'Dorados Sinaloa' → 'Mazatlán FC' (2020) — club_id T018
1224,Clausura 2011,2011,clausura,12,2011-03-19,T015,Necaxa,T017,Club Puebla,0,4,0,0,Estadio Victoria,L,0,
1225,Clausura 2011,2011,clausura,12,2011-03-19,T002,Club América,T012,Club Tijuana,2,0,0,0,Estadio Azteca,W,0,
1226,Clausura 2011,2011,clausura,12,2011-03-19,T010,Toluca FC,T013,Juárez,0,0,0,0,Estadio Nemesio Díez,D,0,
1227,Clausura 2011,2011,clausura,12,2011-03-19,T009,Santos,T001,C. Azul,2,0,0,0,Estadio Corona,W,1,
1228,Clausura 2011,2011,clausura,12,2011-03-19,T006,Club León,T018,Dorados Sinaloa,2,0,2,0,Estadio León,W,0,ALERTA: 'Dorados Sinaloa' → 'Mazatlán FC' (2020) — club_id T018
1229,Clausura 2011,2011,clausura,12,2011-03-19,T005,UANL Tigres,T004,Chivas,2,1,0,1,Estadio Universitario,W,0,
1230,Clausura 2011,2011,clausura,12,2011-03-19,T008,Atlas,T016,Querétaro,3,4,0,1,Estadio Jalisco,L,0,
1231,Clausura 2011,2011,clausura,12,2011-03-19,T014,A. San Luis,T003,CF Monterrey,0,2,0,0,Estadio Alfonso Lastras,L,0,
1232,Clausura 2011,2011,clausura,13,2011-03-26,T002,América,T007,UNAM Pumas,1,3,1,0,Estadio Azteca,L,0,
1233,Clausura 2011,2011,clausura,13,2011-03-26,T004,Chivas,T014,A. San Luis,0,2,0,1,Estadio Akron,L,0,
1234,Clausura 2011,2011,clausura,13,2011-03-26,T003,Monterrey,T008,Atlas Guadalajara,1,4,1,4,Estadio BBVA,L,0,
1235,Clausura 2011,2011,clausura,13,2011-03-26,T005,UANL Tigres,T016,Gallos Blancos,2,4,0,0,Estadio Universitario,L,0,
1236,Clausura 2011,2011,clausura,13,2011-03-26,T006,Club León,T018,Dorados Sinaloa,2,1,1,0,Estadio León,W,0,ALERTA: 'Dorados Sinaloa' → 'Mazatlán FC' (2020) — club_id T018
1237,Clausura 2011,2011,clausura,13,2011-03-26,T012,Xoloitzcuintles,T010,Deportivo Toluca,4,0,2,0,Estadio Caliente,W,0,
1238,Clausura 2011,2011,clausura,13,2011-03-26,T013,Juárez,T015,Impulsora Necaxa,3,0,0,0,Estadio Olímpico Benito Juárez,W,0,
1239,Clausura 2011,2011,clausura,13,2011-03-26,T009,Santos,T011,Monarcas Morelia,2,1,2,0,Estadio Corona,W,0,ALERTA: 'Monarcas Morelia' renombrado 'Mazatlán FC' desde 2020 — mismo club_id T011
1240,Clausura 2011,2011,clausura,14,2011-04-02,T007,Pumas,T003,Rayados,0,0,0,0,Estadio Olímpico Universitario,D,0,
1241,Clausura 2011,2011,clausura,14,2011-04-02,T008,Atlas,T004,Chivas,4,1,0,1,Estadio Jalisco,W,0,
1242,Clausura 2011,2011,clausura,14,2011-04-02,T017,Puebla FC,T001,Cruz Azul FC,1,3,0,1,Estadio Cuauhtémoc,L,1,
1243,Clausura 2011,2011,clausura,14,2011-04-02,T012,Club Tijuana,T018,Dorados Sinaloa,4,2,0,1,Estadio Caliente,W,0,ALERTA: 'Dorados Sinaloa' → 'Mazatlán FC' (2020) — club_id T018
1244,Clausura 2011,2011,clausura,14,2011-04-02,T016,Querétaro,T011,Monarcas Morelia,4,1,3,1,Estadio Corregidora,W,0,ALERTA: 'Monarcas Morelia' renombrado 'Mazatlán FC' desde 2020 — mismo club_id T011
1245,Clausura 2011,2011,clausura,14,2011-04-02,T009,Santos Laguna,T010,Toluca,0,1,0,1,Estadio Corona,L,0,
1246,Clausura 2011,2011,clausura,14,2011-04-02,T005,UANL Tigres,T013,FC Juárez,2,1,1,0,Estadio Universitario,W,0,
1247,Clausura 2011,2011,clausura,14,2011-04-02,T014,A. San Luis,T015,Impulsora Necaxa,3,0,1,0,Estadio Alfonso Lastras,W,0,
1248,Clausura 2011,2011,clausura,15,2011-04-09,T012,Xoloitzcuintles,T005,UANL Tigres,2,3,0,1,Estadio Caliente,L,0,
1249,Clausura 2011,2011,clausura,15,2011-04-09,T001,Cruz Azul,T017,La Franja,2,1,2,1,Estadio Ciudad de los Deportes,W,1,
1250,Clausura 2011,2011,clausura,15,2011-04-09,T008,Club Atlas,T014,Atlético San Luis,2,1,1,0,Estadio Jalisco,W,0,
1251,Clausura 2011,2011,clausura,15,2011-04-09,T011,Monarcas Morelia,T018,Dorados Sinaloa,0,2,0,1,Estadio Morelos,L,0,ALERTA: 'Dorados Sinaloa' → 'Mazatlán FC' (2020) — club_id T018
1252,Clausura 2011,2011,clausura,15,2011-04-09,T006,Club León,T010,Deportivo Toluca,2,0,2,0,Estadio León,W,0,
1253,Clausura 2011,2011,clausura,15,2011-04-09,T004,Guadalajara,T015,Club Necaxa,1,0,0,0,Estadio Akron,W,0,
1254,Clausura 2011,2011,clausura,15,2011-04-09,T007,Pumas,T003,CF Monterrey,0,0,0,0,Estadio Olímpico Universitario,D,0,
1255,Clausura 2011,2011,clausura,15,2011-04-09,T002,Club América,T009,Santos,2,2,2,2,Estadio Azteca,D,0,
1256,Clausura 2011,2011,clausura,16,2011-04-16,T014,A. San Luis,T010,Toluca,1,3,0,3,Estadio Alfonso Lastras,L,0,
1257,Clausura 2011,2011,clausura,16,2011-04-16,T005,Tigres UANL,T004,Deportivo Guadalajara,1,1,1,0,Estadio Universitario,D,0,
1258,Clausura 2011,2011,clausura,16,2011-04-16,T007,UNAM Pumas,T018,Dorados Sinaloa,4,3,2,1,Estadio Olímpico Universitario,W,0,ALERTA: 'Dorados Sinaloa' → 'Mazatlán FC' (2020) — club_id T018
1259,Clausura 2011,2011,clausura,16,2011-04-16,T011,Monarcas Morelia,T012,Tijuana,0,2,0,0,Estadio Morelos,L,0,ALERTA: 'Monarcas Morelia' renombrado 'Mazatlán FC' desde 2020 — mismo club_id T011
1260,Clausura 2011,2011,clausura,16,2011-04-16,T008,Atlas,T017,La Franja,2,3,1,3,Estadio Jalisco,L,0,
1261,Clausura 2011,2011,clausura,16,2011-04-16,T001,C. Azul,T009,Santos,2,3,1,3,Estadio Ciudad de los Deportes,L,1,
1262,Clausura 2011,2011,clausura,16,2011-04-16,T003,Monterrey,T013,FC Juárez,1,2,0,0,Estadio BBVA,L,0,
1263,Clausura 2011,2011,clausura,16,2011-04-16,T015,Impulsora Necaxa,T006,Club León,0,3,0,0,Estadio Victoria,L,0,
1264,Clausura 2011,2011,clausura,17,2011-04-23,T013,FC Juárez,T010,Deportivo Toluca,0,4,0,1,Estadio Olímpico Benito Juárez,L,0,
1265,Clausura 2011,2011,clausura,17,2011-04-23,T005,Tigres UANL,T015,Club Necaxa,1,0,0,0,Estadio Universitario,W,0,
1266,Clausura 2011,2011,clausura,17,2011-04-23,T011,Monarcas Morelia,T006,Club León,1,2,1,1,Estadio Morelos,L,0,ALERTA: 'Monarcas Morelia' renombrado 'Mazatlán FC' desde 2020 — mismo club_id T011
1267,Clausura 2011,2011,clausura,17,2011-04-23,T004,Deportivo Guadalajara,T014,Atlético San Luis,1,1,1,1,Estadio Akron,D,0,
1268,Clausura 2011,2011,clausura,17,2011-04-23,T002,Club América,T001,Cruz Azul,4,2,4,2,Estadio Azteca,W,1,
1269,Clausura 2011,2011,clausura,17,2011-04-23,T007,Pumas,T003,Rayados,0,4,0,4,Estadio Olímpico Universitario,L,0,
1270,Clausura 2011,2011,clausura,17,2011-04-23,T018,Dorados Sinaloa,T016,Querétaro,4,0,3,0,Estadio de Mazatlán,W,0,ALERTA: 'Dorados Sinaloa' → 'Mazatlán FC' (2020) — club_id T018
1271,Clausura 2011,2011,clausura,17,2011-04-23,T012,Club Tijuana,T008,Atlas Guadalajara,1,3,1,2,Estadio Caliente,L,0,
1272,Apertura 2011,2011,apertura,1,2011-07-01,T001,C. Azul,T013,Bravos de Juárez,0,1,0,0,Estadio Ciudad de los Deportes,L,1,
1273,Apertura 2011,2011,apertura,1,2011-07-01,T002,Club América,T003,Rayados,1,2,0,0,Estadio Azteca,L,0,
1274,Apertura 2011,2011,apertura,1,2011-07-01,T007,Pumas,T005,Tigres,1,3,1,2,Estadio Olímpico Universitario,L,0,
1275,Apertura 2011,2011,apertura,1,2011-07-01,T008,Atlas Guadalajara,T006,León,4,2,4,2,Estadio Jalisco,W,0,
1276,Apertura 2011,2011,apertura,1,2011-07-01,T004,Guadalajara,T009,Santos,4,1,3,0,Estadio Akron,W,0,
1277,Apertura 2011,2011,apertura,1,2011-07-01,T018,Dorados Sinaloa,T014,A. San Luis,2,0,0,0,Estadio de Mazatlán,W,0,ALERTA: 'Dorados Sinaloa' → 'Mazatlán FC' (2020) — club_id T018
1278,Apertura 2011,2011,apertura,1,2011-07-01,T016,Querétaro FC,T012,Tijuana,2,2,1,2,Estadio Corregidora,D,0,
1279,Apertura 2011,2011,apertura,1,2011-07-01,T017,La Franja,T011,Monarcas Morelia,4,0,4,0,Estadio Cuauhtémoc,W,0,ALERTA: 'Monarcas Morelia' renombrado 'Mazatlán FC' desde 2020 — mismo club_id T011
1280,Apertura 2011,2011,apertura,2,2011-07-08,T003,Rayados,T007,Pumas,2,1,2,1,Estadio BBVA,W,0,
1281,Apertura 2011,2011,apertura,2,2011-07-08,T012,Tijuana,T009,Santos Laguna,3,1,3,1,Estadio Caliente,W,0,
1282,Apertura 2011,2011,apertura,2,2011-07-08,T014,Atlético San Luis,T004,Deportivo Guadalajara,2,1,2,0,Estadio Alfonso Lastras,W,0,
1283,Apertura 2011,2011,apertura,2,2011-07-08,T013,FC Juárez,T016,Querétaro FC,0,2,0,0,Estadio Olímpico Benito Juárez,L,0,
1284,Apertura 2011,2011,apertura,2,2011-07-08,T005,Tigres,T010,Toluca FC,2,0,1,0,Estadio Universitario,W,0,
1285,Apertura 2011,2011,apertura,2,2011-07-08,T002,Club América,T001,C. Azul,1,1,1,1,Estadio Azteca,D,1,
1286,Apertura 2011,2011,apertura,2,2011-07-08,T018,Dorados Sinaloa,T017,Club Puebla,1,1,0,1,Estadio de Mazatlán,D,0,ALERTA: 'Dorados Sinaloa' → 'Mazatlán FC' (2020) — club_id T018
1287,Apertura 2011,2011,apertura,2,2011-07-08,T011,Monarcas Morelia,T008,Club Atlas,0,2,0,2,Estadio Morelos,L,0,ALERTA: 'Monarcas Morelia' renombrado 'Mazatlán FC' desde 2020 — mismo club_id T011
1288,Apertura 2011,2011,apertura,3,2011-07-15,T017,Club Puebla,T007,UNAM Pumas,1,2,0,2,Estadio Cuauhtémoc,L,0,
1289,Apertura 2011,2011,apertura,3,2011-07-15,T013,Bravos de Juárez,T015,Club Necaxa,0,0,0,0,Estadio Olímpico Benito Juárez,D,0,
1290,Apertura 2011,2011,apertura,3,2011-07-15,T004,Deportivo Guadalajara,T002,América,2,0,1,0,Estadio Akron,W,0,
1291,Apertura 2011,2011,apertura,3,2011-07-15,T014,San Luis,T010,Toluca FC,1,3,0,1,Estadio Alfonso Lastras,L,0,
1292,Apertura 2011,2011,apertura,3,2011-07-15,T005,Tigres UANL,T003,Rayados,4,1,3,1,Estadio Universitario,W,0,
1293,Apertura 2011,2011,apertura,3,2011-07-15,T008,Atlas,T012,Tijuana,1,3,0,3,Estadio Jalisco,L,0,
1294,Apertura 2011,2011,apertura,3,2011-07-15,T016,Querétaro FC,T006,León FC,3,1,1,0,Estadio Corregidora,W,0,
1295,Apertura 2011,2011,apertura,3,2011-07-15,T011,Monarcas Morelia,T009,Santos,2,2,2,0,Estadio Morelos,D,0,ALERTA: 'Monarcas Morelia' renombrado 'Mazatlán FC' desde 2020 — mismo club_id T011
1296,Apertura 2011,2011,apertura,4,2011-07-22,T004,Guadalajara,T012,Xoloitzcuintles,4,1,3,1,Estadio Akron,W,0,
1297,Apertura 2011,2011,apertura,4,2011-07-22,T015,Club Necaxa,T008,Atlas Guadalajara,1,2,0,1,Estadio Victoria,L,0,
1298,Apertura 2011,2011,apertura,4,2011-07-22,T005,Tigres,T006,León,1,0,1,0,Estadio Universitario,W,0,
1299,Apertura 2011,2011,apertura,4,2011-07-22,T010,Toluca FC,T007,Pumas,3,2,0,0,Estadio Nemesio Díez,W,0,
1300,Apertura 2011,2011,apertura,4,2011-07-22,T018,Dorados Sinaloa,T009,Santos,3,1,2,0,Estadio de Mazatlán,W,0,ALERTA: 'Dorados Sinaloa' → 'Mazatlán FC' (2020) — club_id T018
1301,Apertura 2011,2011,apertura,4,2011-07-22,T003,CF Monterrey,T013,Bravos de Juárez,1,1,1,1,Estadio BBVA,D,0,
1302,Apertura 2011,2011,apertura,4,2011-07-22,T014,A. San Luis,T011,Monarcas Morelia,2,1,2,0,Estadio Alfonso Lastras,W,0,ALERTA: 'Monarcas Morelia' renombrado 'Mazatlán FC' desde 2020 — mismo club_id T011
1303,Apertura 2011,2011,apertura,4,2011-07-22,T002,Club América,T017,Club Puebla,0,1,0,1,Estadio Azteca,L,0,
1304,Apertura 2011,2011,apertura,5,2011-07-29,T015,Impulsora Necaxa,T008,Atlas Guadalajara,1,2,1,0,Estadio Victoria,L,0,
1305,Apertura 2011,2011,apertura,5,2011-07-29,T017,Club Puebla,T018,Dorados Sinaloa,2,0,2,0,Estadio Cuauhtémoc,W,0,ALERTA: 'Dorados Sinaloa' → 'Mazatlán FC' (2020) — club_id T018
1306,Apertura 2011,2011,apertura,5,2011-07-29,T001,C. Azul,T012,Xoloitzcuintles,3,1,0,0,Estadio Ciudad de los Deportes,W,1,
1307,Apertura 2011,2011,apertura,5,2011-07-29,T006,León FC,T013,Juárez,1,0,0,0,Estadio León,W,0,
1308,Apertura 2011,2011,apertura,5,2011-07-29,T004,Guadalajara,T010,Toluca,0,1,0,1,Estadio Akron,L,0,
1309,Apertura 2011,2011,apertura,5,2011-07-29,T005,UANL Tigres,T002,CF América,3,0,2,0,Estadio Universitario,W,0,
1310,Apertura 2011,2011,apertura,5,2011-07-29,T007,UNAM Pumas,T011,Monarcas Morelia,2,1,0,1,Estadio Olímpico Universitario,W,0,ALERTA: 'Monarcas Morelia' renombrado 'Mazatlán FC' desde 2020 — mismo club_id T011
1311,Apertura 2011,2011,apertura,5,2011-07-29,T016,Gallos Blancos,T003,Rayados,2,2,0,2,Estadio Corregidora,D,0,
1312,Apertura 2011,2011,apertura,6,2011-08-05,T005,UANL Tigres,T012,Club Tijuana,2,2,0,1,Estadio Universitario,D,0,
1313,Apertura 2011,2011,apertura,6,2011-08-05,T002,Club América,T003,Rayados,2,3,1,0,Estadio Azteca,L,0,
1314,Apertura 2011,2011,apertura,6,2011-08-05,T001,Cruz Azul,T011,Monarcas Morelia,2,0,1,0,Estadio Ciudad de los Deportes,W,1,ALERTA: 'Monarcas Morelia' renombrado 'Mazatlán FC' desde 2020 — mismo club_id T011
1315,Apertura 2011,2011,apertura,6,2011-08-05,T004,Deportivo Guadalajara,T008,Atlas Guadalajara,2,2,0,2,Estadio Akron,D,0,
1316,Apertura 2011,2011,apertura,6,2011-08-05,T007,Pumas,T009,Santos,4,1,4,0,Estadio Olímpico Universitario,W,0,
1317,Apertura 2011,2011,apertura,6,2011-08-05,T014,A. San Luis,T017,La Franja,1,0,0,0,Estadio Alfonso Lastras,W,0,
1318,Apertura 2011,2011,apertura,6,2011-08-05,T010,Toluca,T015,Club Necaxa,1,1,1,0,Estadio Nemesio Díez,D,0,
1319,Apertura 2011,2011,apertura,6,2011-08-05,T013,FC Juárez,T018,Dorados Sinaloa,2,4,2,2,Estadio Olímpico Benito Juárez,L,0,ALERTA: 'Dorados Sinaloa' → 'Mazatlán FC' (2020) — club_id T018
1320,Apertura 2011,2011,apertura,7,2011-08-12,T017,La Franja,T004,Deportivo Guadalajara,1,0,1,0,Estadio Cuauhtémoc,W,0,
1321,Apertura 2011,2011,apertura,7,2011-08-12,T001,C. Azul,T011,Monarcas Morelia,3,3,1,0,Estadio Ciudad de los Deportes,D,1,ALERTA: 'Monarcas Morelia' renombrado 'Mazatlán FC' desde 2020 — mismo club_id T011
1322,Apertura 2011,2011,apertura,7,2011-08-12,T016,Querétaro FC,T010,Deportivo Toluca,0,0,0,0,Estadio Corregidora,D,0,
1323,Apertura 2011,2011,apertura,7,2011-08-12,T005,UANL Tigres,T009,Santos,4,1,3,1,Estadio Universitario,W,0,
1324,Apertura 2011,2011,apertura,7,2011-08-12,T006,León FC,T014,San Luis,2,0,2,0,Estadio León,W,0,
1325,Apertura 2011,2011,apertura,7,2011-08-12,T008,Atlas,T002,Club América,4,1,2,1,Estadio Jalisco,W,0,
1326,Apertura 2011,2011,apertura,7,2011-08-12,T015,Impulsora Necaxa,T007,Pumas UNAM,1,1,0,1,Estadio Victoria,D,0,
1327,Apertura 2011,2011,apertura,7,2011-08-12,T013,Juárez,T018,Dorados Sinaloa,3,0,0,0,Estadio Olímpico Benito Juárez,W,0,ALERTA: 'Dorados Sinaloa' → 'Mazatlán FC' (2020) — club_id T018
1328,Apertura 2011,2011,apertura,8,2011-08-19,T016,Gallos Blancos,T004,Guadalajara,1,0,0,0,Estadio Corregidora,W,0,
1329,Apertura 2011,2011,apertura,8,2011-08-19,T010,Deportivo Toluca,T013,FC Juárez,1,4,1,3,Estadio Nemesio Díez,L,0,
1330,Apertura 2011,2011,apertura,8,2011-08-19,T003,Rayados,T011,Monarcas Morelia,2,1,2,1,Estadio BBVA,W,0,ALERTA: 'Monarcas Morelia' renombrado 'Mazatlán FC' desde 2020 — mismo club_id T011
1331,Apertura 2011,2011,apertura,8,2011-08-19,T014,San Luis,T001,Cruz Azul,0,1,0,1,Estadio Alfonso Lastras,L,1,
1332,Apertura 2011,2011,apertura,8,2011-08-19,T018,Dorados Sinaloa,T005,Tigres UANL,4,0,3,0,Estadio de Mazatlán,W,0,ALERTA: 'Dorados Sinaloa' → 'Mazatlán FC' (2020) — club_id T018
1333,Apertura 2011,2011,apertura,8,2011-08-19,T007,Pumas,T006,León,2,1,0,0,Estadio Olímpico Universitario,W,0,
1334,Apertura 2011,2011,apertura,8,2011-08-19,T008,Club Atlas,T009,Santos Laguna,3,0,3,0,Estadio Jalisco,W,0,
1335,Apertura 2011,2011,apertura,8,2011-08-19,T015,Club Necaxa,T017,Club Puebla,2,0,0,0,Estadio Victoria,W,0,
1336,Apertura 2011,2011,apertura,9,2011-08-26,T015,Club Necaxa,T008,Club Atlas,3,0,3,0,Estadio Victoria,W,0,
1337,Apertura 2011,2011,apertura,9,2011-08-26,T009,Santos Laguna,T011,Monarcas Morelia,0,1,0,1,Estadio Corona,L,0,ALERTA: 'Monarcas Morelia' renombrado 'Mazatlán FC' desde 2020 — mismo club_id T011
1338,Apertura 2011,2011,apertura,9,2011-08-26,T017,La Franja,T018,Dorados Sinaloa,4,1,0,1,Estadio Cuauhtémoc,W,0,ALERTA: 'Dorados Sinaloa' → 'Mazatlán FC' (2020) — club_id T018
1339,Apertura 2011,2011,apertura,9,2011-08-26,T012,Xoloitzcuintles,T014,A. San Luis,0,1,0,1,Estadio Caliente,L,0,
1340,Apertura 2011,2011,apertura,9,2011-08-26,T002,América,T003,Monterrey,1,1,0,1,Estadio Azteca,D,0,
1341,Apertura 2011,2011,apertura,9,2011-08-26,T013,Juárez,T001,Cruz Azul FC,2,1,1,1,Estadio Olímpico Benito Juárez,W,1,
1342,Apertura 2011,2011,apertura,9,2011-08-26,T006,León FC,T005,Tigres,1,0,1,0,Estadio León,W,0,
1343,Apertura 2011,2011,apertura,9,2011-08-26,T004,Guadalajara,T016,Gallos Blancos,2,1,1,0,Estadio Akron,W,0,
1344,Apertura 2011,2011,apertura,10,2011-09-02,T007,UNAM Pumas,T017,La Franja,1,1,0,0,Estadio Olímpico Universitario,D,0,
1345,Apertura 2011,2011,apertura,10,2011-09-02,T010,Toluca,T009,Santos Laguna FC,3,1,2,1,Estadio Nemesio Díez,W,0,
1346,Apertura 2011,2011,apertura,10,2011-09-02,T018,Dorados Sinaloa,T002,América,2,4,0,1,Estadio de Mazatlán,L,0,ALERTA: 'Dorados Sinaloa' → 'Mazatlán FC' (2020) — club_id T018
1347,Apertura 2011,2011,apertura,10,2011-09-02,T001,C. Azul,T003,CF Monterrey,0,2,0,1,Estadio Ciudad de los Deportes,L,1,
1348,Apertura 2011,2011,apertura,10,2011-09-02,T012,Club Tijuana,T004,Chivas,1,1,0,1,Estadio Caliente,D,0,
1349,Apertura 2011,2011,apertura,10,2011-09-02,T015,Impulsora Necaxa,T013,Juárez,1,1,0,1,Estadio Victoria,D,0,
1350,Apertura 2011,2011,apertura,10,2011-09-02,T014,San Luis,T008,Atlas,0,0,0,0,Estadio Alfonso Lastras,D,0,
1351,Apertura 2011,2011,apertura,10,2011-09-02,T005,UANL Tigres,T016,Querétaro FC,0,2,0,0,Estadio Universitario,L,0,
1352,Apertura 2011,2011,apertura,11,2011-09-09,T014,Atlético San Luis,T001,C. Azul,2,4,0,4,Estadio Alfonso Lastras,L,1,
1353,Apertura 2011,2011,apertura,11,2011-09-09,T016,Gallos Blancos,T017,La Franja,2,2,0,2,Estadio Corregidora,D,0,
1354,Apertura 2011,2011,apertura,11,2011-09-09,T005,Tigres,T003,Monterrey,1,2,1,2,Estadio Universitario,L,0,
1355,Apertura 2011,2011,apertura,11,2011-09-09,T009,Santos,T010,Deportivo Toluca,0,2,0,0,Estadio Corona,L,0,
1356,Apertura 2011,2011,apertura,11,2011-09-09,T012,Club Tijuana,T011,Monarcas Morelia,1,2,1,1,Estadio Caliente,L,0,ALERTA: 'Monarcas Morelia' renombrado 'Mazatlán FC' desde 2020 — mismo club_id T011
1357,Apertura 2011,2011,apertura,11,2011-09-09,T004,Chivas,T006,León FC,2,3,2,1,Estadio Akron,L,0,
1358,Apertura 2011,2011,apertura,11,2011-09-09,T007,Pumas,T015,Club Necaxa,1,1,1,1,Estadio Olímpico Universitario,D,0,
1359,Apertura 2011,2011,apertura,11,2011-09-09,T013,Bravos de Juárez,T002,América,3,2,2,1,Estadio Olímpico Benito Juárez,W,0,
1360,Apertura 2011,2011,apertura,12,2011-09-16,T009,Santos,T013,FC Juárez,0,1,0,1,Estadio Corona,L,0,
1361,Apertura 2011,2011,apertura,12,2011-09-16,T004,Chivas,T014,San Luis,0,2,0,2,Estadio Akron,L,0,
1362,Apertura 2011,2011,apertura,12,2011-09-16,T006,Club León,T012,Tijuana,1,0,1,0,Estadio León,W,0,
1363,Apertura 2011,2011,apertura,12,2011-09-16,T016,Querétaro FC,T008,Atlas,2,2,2,1,Estadio Corregidora,D,0,
1364,Apertura 2011,2011,apertura,12,2011-09-16,T011,Monarcas Morelia,T018,Dorados Sinaloa,3,1,0,1,Estadio Morelos,W,0,ALERTA: 'Dorados Sinaloa' → 'Mazatlán FC' (2020) — club_id T018
1365,Apertura 2011,2011,apertura,12,2011-09-16,T001,Cruz Azul FC,T017,Puebla FC,2,4,2,4,Estadio Ciudad de los Deportes,L,1,
1366,Apertura 2011,2011,apertura,12,2011-09-16,T003,Monterrey,T007,Pumas UNAM,1,2,0,2,Estadio BBVA,L,0,
1367,Apertura 2011,2011,apertura,12,2011-09-16,T010,Toluca,T005,Tigres UANL,1,2,1,2,Estadio Nemesio Díez,L,0,
1368,Apertura 2011,2011,apertura,13,2011-09-23,T018,Dorados Sinaloa,T009,Santos,1,0,0,0,Estadio de Mazatlán,W,0,ALERTA: 'Dorados Sinaloa' → 'Mazatlán FC' (2020) — club_id T018
1369,Apertura 2011,2011,apertura,13,2011-09-23,T003,CF Monterrey,T004,Chivas,1,0,1,0,Estadio BBVA,W,0,
1370,Apertura 2011,2011,apertura,13,2011-09-23,T015,Necaxa,T011,Monarcas Morelia,3,1,2,0,Estadio Victoria,W,0,ALERTA: 'Monarcas Morelia' renombrado 'Mazatlán FC' desde 2020 — mismo club_id T011
1371,Apertura 2011,2011,apertura,13,2011-09-23,T016,Gallos Blancos,T002,América,2,3,0,0,Estadio Corregidora,L,0,
1372,Apertura 2011,2011,apertura,13,2011-09-23,T013,FC Juárez,T012,Xoloitzcuintles,2,1,0,1,Estadio Olímpico Benito Juárez,W,0,
1373,Apertura 2011,2011,apertura,13,2011-09-23,T008,Club Atlas,T001,Cruz Azul,1,3,1,1,Estadio Jalisco,L,1,
1374,Apertura 2011,2011,apertura,13,2011-09-23,T006,León FC,T010,Toluca,3,1,1,0,Estadio León,W,0,
1375,Apertura 2011,2011,apertura,13,2011-09-23,T017,La Franja,T007,Pumas UNAM,1,4,0,3,Estadio Cuauhtémoc,L,0,
1376,Apertura 2011,2011,apertura,14,2011-09-30,T018,Dorados Sinaloa,T002,CF América,1,0,1,0,Estadio de Mazatlán,W,0,ALERTA: 'Dorados Sinaloa' → 'Mazatlán FC' (2020) — club_id T018
1377,Apertura 2011,2011,apertura,14,2011-09-30,T011,Monarcas Morelia,T005,Tigres,3,1,3,1,Estadio Morelos,W,0,ALERTA: 'Monarcas Morelia' renombrado 'Mazatlán FC' desde 2020 — mismo club_id T011
1378,Apertura 2011,2011,apertura,14,2011-09-30,T003,CF Monterrey,T008,Atlas,0,4,0,0,Estadio BBVA,L,0,
1379,Apertura 2011,2011,apertura,14,2011-09-30,T017,Puebla FC,T010,Toluca,2,3,2,0,Estadio Cuauhtémoc,L,0,
1380,Apertura 2011,2011,apertura,14,2011-09-30,T001,Cruz Azul,T012,Club Tijuana,2,1,1,1,Estadio Ciudad de los Deportes,W,1,
1381,Apertura 2011,2011,apertura,14,2011-09-30,T016,Querétaro,T013,FC Juárez,1,1,1,1,Estadio Corregidora,D,0,
1382,Apertura 2011,2011,apertura,14,2011-09-30,T007,Pumas UNAM,T009,Santos,0,0,0,0,Estadio Olímpico Universitario,D,0,
1383,Apertura 2011,2011,apertura,14,2011-09-30,T004,Guadalajara,T006,Club León,0,0,0,0,Estadio Akron,D,0,
1384,Apertura 2011,2011,apertura,15,2011-10-07,T014,A. San Luis,T016,Querétaro,2,0,1,0,Estadio Alfonso Lastras,W,0,
1385,Apertura 2011,2011,apertura,15,2011-10-07,T015,Impulsora Necaxa,T005,Tigres UANL,1,0,1,0,Estadio Victoria,W,0,
1386,Apertura 2011,2011,apertura,15,2011-10-07,T018,Dorados Sinaloa,T003,Monterrey,0,2,0,0,Estadio de Mazatlán,L,0,ALERTA: 'Dorados Sinaloa' → 'Mazatlán FC' (2020) — club_id T018
1387,Apertura 2011,2011,apertura,15,2011-10-07,T008,Atlas,T006,León,1,1,0,1,Estadio Jalisco,D,0,
1388,Apertura 2011,2011,apertura,15,2011-10-07,T010,Toluca,T012,Xoloitzcuintles,3,2,2,1,Estadio Nemesio Díez,W,0,
1389,Apertura 2011,2011,apertura,15,2011-10-07,T007,UNAM Pumas,T002,CF América,2,3,2,0,Estadio Olímpico Universitario,L,0,
1390,Apertura 2011,2011,apertura,15,2011-10-07,T011,Monarcas Morelia,T009,Santos,3,1,1,1,Estadio Morelos,W,0,ALERTA: 'Monarcas Morelia' renombrado 'Mazatlán FC' desde 2020 — mismo club_id T011
1391,Apertura 2011,2011,apertura,15,2011-10-07,T001,Cruz Azul FC,T017,La Franja,1,3,1,2,Estadio Ciudad de los Deportes,L,1,
1392,Apertura 2011,2011,apertura,16,2011-10-14,T011,Monarcas Morelia,T001,Cruz Azul FC,2,0,0,0,Estadio Morelos,W,1,ALERTA: 'Monarcas Morelia' renombrado 'Mazatlán FC' desde 2020 — mismo club_id T011
1393,Apertura 2011,2011,apertura,16,2011-10-14,T010,Toluca,T014,A. San Luis,1,2,0,1,Estadio Nemesio Díez,L,0,
1394,Apertura 2011,2011,apertura,16,2011-10-14,T015,Necaxa,T007,UNAM Pumas,2,2,2,1,Estadio Victoria,D,0,
1395,Apertura 2011,2011,apertura,16,2011-10-14,T008,Club Atlas,T003,Monterrey,0,1,0,0,Estadio Jalisco,L,0,
1396,Apertura 2011,2011,apertura,16,2011-10-14,T005,Tigres,T017,La Franja,1,2,0,2,Estadio Universitario,L,0,
1397,Apertura 2011,2011,apertura,16,2011-10-14,T006,León,T013,Juárez,4,0,3,0,Estadio León,W,0,
1398,Apertura 2011,2011,apertura,16,2011-10-14,T018,Dorados Sinaloa,T012,Club Tijuana,4,3,3,0,Estadio de Mazatlán,W,0,ALERTA: 'Dorados Sinaloa' → 'Mazatlán FC' (2020) — club_id T018
1399,Apertura 2011,2011,apertura,16,2011-10-14,T009,Santos Laguna FC,T002,CF América,3,0,2,0,Estadio Corona,W,0,
1400,Apertura 2011,2011,apertura,17,2011-10-21,T010,Deportivo Toluca,T011,Monarcas Morelia,3,0,0,0,Estadio Nemesio Díez,W,0,ALERTA: 'Monarcas Morelia' renombrado 'Mazatlán FC' desde 2020 — mismo club_id T011
1401,Apertura 2011,2011,apertura,17,2011-10-21,T015,Club Necaxa,T008,Club Atlas,1,1,1,0,Estadio Victoria,D,0,
1402,Apertura 2011,2011,apertura,17,2011-10-21,T017,Club Puebla,T003,Rayados,1,1,1,1,Estadio Cuauhtémoc,D,0,
1403,Apertura 2011,2011,apertura,17,2011-10-21,T014,San Luis,T009,Santos Laguna,0,0,0,0,Estadio Alfonso Lastras,D,0,
1404,Apertura 2011,2011,apertura,17,2011-10-21,T013,FC Juárez,T016,Gallos Blancos,2,0,1,0,Estadio Olímpico Benito Juárez,W,0,
1405,Apertura 2011,2011,apertura,17,2011-10-21,T018,Dorados Sinaloa,T005,Tigres UANL,0,1,0,0,Estadio de Mazatlán,L,0,ALERTA: 'Dorados Sinaloa' → 'Mazatlán FC' (2020) — club_id T018
1406,Apertura 2011,2011,apertura,17,2011-10-21,T007,Pumas,T002,Club América,3,2,3,0,Estadio Olímpico Universitario,W,0,
1407,Apertura 2011,2011,apertura,17,2011-10-21,T001,Cruz Azul,T012,Xoloitzcuintles,0,1,0,1,Estadio Ciudad de los Deportes,L,1,
1408,Clausura 2012,2012,clausura,1,2012-01-01,T002,CF América,T004,Chivas,3,4,3,4,Estadio Azteca,L,0,
1409,Clausura 2012,2012,clausura,1,2012-01-01,T008,Atlas Guadalajara,T001,C. Azul,2,1,1,0,Estadio Jalisco,W,1,
1410,Clausura 2012,2012,clausura,1,2012-01-01,T013,FC Juárez,T017,La Franja,0,1,0,1,Estadio Olímpico Benito Juárez,L,0,
1411,Clausura 2012,2012,clausura,1,2012-01-01,T006,Club León,T005,Tigres UANL,1,1,0,1,Estadio León,D,0,
1412,Clausura 2012,2012,clausura,1,2012-01-01,T007,UNAM Pumas,T003,Monterrey,2,0,1,0,Estadio Olímpico Universitario,W,0,
1413,Clausura 2012,2012,clausura,1,2012-01-01,T014,Atlético San Luis,T016,Gallos Blancos,0,1,0,0,Estadio Alfonso Lastras,L,0,
1414,Clausura 2012,2012,clausura,1,2012-01-01,T018,Dorados Sinaloa,T015,Club Necaxa,2,0,0,0,Estadio de Mazatlán,W,0,ALERTA: 'Dorados Sinaloa' → 'Mazatlán FC' (2020) — club_id T018
1415,Clausura 2012,2012,clausura,1,2012-01-01,T011,Monarcas Morelia,T012,Club Tijuana,1,1,0,0,Estadio Morelos,D,0,ALERTA: 'Monarcas Morelia' renombrado 'Mazatlán FC' desde 2020 — mismo club_id T011
1416,Clausura 2012,2012,clausura,2,2012-01-08,T015,Necaxa,T018,Dorados Sinaloa,3,3,2,0,Estadio Victoria,D,0,ALERTA: 'Dorados Sinaloa' → 'Mazatlán FC' (2020) — club_id T018
1417,Clausura 2012,2012,clausura,2,2012-01-08,T008,Club Atlas,T007,UNAM Pumas,1,1,0,1,Estadio Jalisco,D,0,
1418,Clausura 2012,2012,clausura,2,2012-01-08,T016,Gallos Blancos,T010,Toluca FC,4,2,3,0,Estadio Corregidora,W,0,
1419,Clausura 2012,2012,clausura,2,2012-01-08,T013,Juárez,T001,C. Azul,0,0,0,0,Estadio Olímpico Benito Juárez,D,1,
1420,Clausura 2012,2012,clausura,2,2012-01-08,T012,Club Tijuana,T011,Monarcas Morelia,0,2,0,2,Estadio Caliente,L,0,ALERTA: 'Monarcas Morelia' renombrado 'Mazatlán FC' desde 2020 — mismo club_id T011
1421,Clausura 2012,2012,clausura,2,2012-01-08,T006,Club León,T002,Club América,2,0,1,0,Estadio León,W,0,
1422,Clausura 2012,2012,clausura,2,2012-01-08,T017,Club Puebla,T009,Santos,1,0,1,0,Estadio Cuauhtémoc,W,0,
1423,Clausura 2012,2012,clausura,2,2012-01-08,T004,Guadalajara,T003,Rayados,4,1,2,1,Estadio Akron,W,0,
1424,Clausura 2012,2012,clausura,3,2012-01-15,T016,Querétaro,T001,Cruz Azul FC,3,0,3,0,Estadio Corregidora,W,1,
1425,Clausura 2012,2012,clausura,3,2012-01-15,T012,Tijuana,T003,Rayados,0,3,0,3,Estadio Caliente,L,0,
1426,Clausura 2012,2012,clausura,3,2012-01-15,T002,Club América,T006,Club León,2,2,0,2,Estadio Azteca,D,0,
1427,Clausura 2012,2012,clausura,3,2012-01-15,T014,Atlético San Luis,T013,FC Juárez,1,1,1,0,Estadio Alfonso Lastras,D,0,
1428,Clausura 2012,2012,clausura,3,2012-01-15,T015,Necaxa,T008,Atlas,0,1,0,0,Estadio Victoria,L,0,
1429,Clausura 2012,2012,clausura,3,2012-01-15,T009,Santos Laguna,T007,UNAM Pumas,2,1,1,0,Estadio Corona,W,0,
1430,Clausura 2012,2012,clausura,3,2012-01-15,T005,Tigres,T011,Monarcas Morelia,2,0,0,0,Estadio Universitario,W,0,ALERTA: 'Monarcas Morelia' renombrado 'Mazatlán FC' desde 2020 — mismo club_id T011
1431,Clausura 2012,2012,clausura,3,2012-01-15,T010,Toluca FC,T004,Deportivo Guadalajara,1,4,0,4,Estadio Nemesio Díez,L,0,
1432,Clausura 2012,2012,clausura,4,2012-01-22,T006,León,T011,Monarcas Morelia,4,0,2,0,Estadio León,W,0,ALERTA: 'Monarcas Morelia' renombrado 'Mazatlán FC' desde 2020 — mismo club_id T011
1433,Clausura 2012,2012,clausura,4,2012-01-22,T015,Necaxa,T002,CF América,3,1,0,1,Estadio Victoria,W,0,
1434,Clausura 2012,2012,clausura,4,2012-01-22,T005,UANL Tigres,T008,Club Atlas,1,0,1,0,Estadio Universitario,W,0,
1435,Clausura 2012,2012,clausura,4,2012-01-22,T010,Toluca FC,T017,La Franja,1,1,1,0,Estadio Nemesio Díez,D,0,
1436,Clausura 2012,2012,clausura,4,2012-01-22,T012,Club Tijuana,T007,Pumas,1,0,1,0,Estadio Caliente,W,0,
1437,Clausura 2012,2012,clausura,4,2012-01-22,T004,Chivas,T003,Monterrey,4,2,1,1,Estadio Akron,W,0,
1438,Clausura 2012,2012,clausura,4,2012-01-22,T001,C. Azul,T014,A. San Luis,2,0,1,0,Estadio Ciudad de los Deportes,W,1,
1439,Clausura 2012,2012,clausura,4,2012-01-22,T016,Querétaro FC,T009,Santos,4,0,3,0,Estadio Corregidora,W,0,
1440,Clausura 2012,2012,clausura,5,2012-01-29,T010,Toluca,T011,Monarcas Morelia,1,2,0,0,Estadio Nemesio Díez,L,0,ALERTA: 'Monarcas Morelia' renombrado 'Mazatlán FC' desde 2020 — mismo club_id T011
1441,Clausura 2012,2012,clausura,5,2012-01-29,T003,Rayados,T004,Guadalajara,4,1,2,0,Estadio BBVA,W,0,
1442,Clausura 2012,2012,clausura,5,2012-01-29,T013,FC Juárez,T012,Xoloitzcuintles,1,4,0,4,Estadio Olímpico Benito Juárez,L,0,
1443,Clausura 2012,2012,clausura,5,2012-01-29,T007,Pumas UNAM,T008,Atlas Guadalajara,2,2,2,2,Estadio Olímpico Universitario,D,0,
1444,Clausura 2012,2012,clausura,5,2012-01-29,T006,Club León,T015,Club Necaxa,1,1,0,1,Estadio León,D,0,
1445,Clausura 2012,2012,clausura,5,2012-01-29,T017,Puebla FC,T016,Querétaro,2,4,0,2,Estadio Cuauhtémoc,L,0,
1446,Clausura 2012,2012,clausura,5,2012-01-29,T009,Santos Laguna,T001,Cruz Azul FC,0,2,0,0,Estadio Corona,L,1,
1447,Clausura 2012,2012,clausura,5,2012-01-29,T018,Dorados Sinaloa,T005,Tigres UANL,3,2,3,0,Estadio de Mazatlán,W,0,ALERTA: 'Dorados Sinaloa' → 'Mazatlán FC' (2020) — club_id T018
1448,Clausura 2012,2012,clausura,6,2012-02-05,T007,Pumas UNAM,T014,Atlético San Luis,0,0,0,0,Estadio Olímpico Universitario,D,0,
1449,Clausura 2012,2012,clausura,6,2012-02-05,T017,La Franja,T018,Dorados Sinaloa,2,3,0,1,Estadio Cuauhtémoc,L,0,ALERTA: 'Dorados Sinaloa' → 'Mazatlán FC' (2020) — club_id T018
1450,Clausura 2012,2012,clausura,6,2012-02-05,T010,Toluca FC,T004,Deportivo Guadalajara,1,2,1,1,Estadio Nemesio Díez,L,0,
1451,Clausura 2012,2012,clausura,6,2012-02-05,T013,Juárez,T006,León FC,1,2,0,2,Estadio Olímpico Benito Juárez,L,0,
1452,Clausura 2012,2012,clausura,6,2012-02-05,T009,Santos Laguna FC,T012,Club Tijuana,1,3,1,1,Estadio Corona,L,0,
1453,Clausura 2012,2012,clausura,6,2012-02-05,T008,Club Atlas,T005,Tigres UANL,2,1,1,1,Estadio Jalisco,W,0,
1454,Clausura 2012,2012,clausura,6,2012-02-05,T015,Impulsora Necaxa,T003,Rayados,1,0,1,0,Estadio Victoria,W,0,
1455,Clausura 2012,2012,clausura,6,2012-02-05,T011,Monarcas Morelia,T001,Cruz Azul FC,3,0,3,0,Estadio Morelos,W,1,ALERTA: 'Monarcas Morelia' renombrado 'Mazatlán FC' desde 2020 — mismo club_id T011
1456,Clausura 2012,2012,clausura,7,2012-02-12,T013,FC Juárez,T002,CF América,4,2,0,2,Estadio Olímpico Benito Juárez,W,0,
1457,Clausura 2012,2012,clausura,7,2012-02-12,T007,Pumas,T010,Toluca,1,0,0,0,Estadio Olímpico Universitario,W,0,
1458,Clausura 2012,2012,clausura,7,2012-02-12,T016,Querétaro FC,T014,Atlético San Luis,2,0,0,0,Estadio Corregidora,W,0,
1459,Clausura 2012,2012,clausura,7,2012-02-12,T003,Rayados,T008,Atlas Guadalajara,3,1,3,1,Estadio BBVA,W,0,
1460,Clausura 2012,2012,clausura,7,2012-02-12,T015,Club Necaxa,T004,Guadalajara,0,0,0,0,Estadio Victoria,D,0,
1461,Clausura 2012,2012,clausura,7,2012-02-12,T009,Santos Laguna,T006,Club León,2,4,0,2,Estadio Corona,L,0,
1462,Clausura 2012,2012,clausura,7,2012-02-12,T005,UANL Tigres,T001,C. Azul,3,1,1,1,Estadio Universitario,W,1,
1463,Clausura 2012,2012,clausura,7,2012-02-12,T011,Monarcas Morelia,T017,Puebla FC,2,0,1,0,Estadio Morelos,W,0,ALERTA: 'Monarcas Morelia' renombrado 'Mazatlán FC' desde 2020 — mismo club_id T011
1464,Clausura 2012,2012,clausura,8,2012-02-19,T016,Gallos Blancos,T015,Necaxa,2,0,2,0,Estadio Corregidora,W,0,
1465,Clausura 2012,2012,clausura,8,2012-02-19,T017,La Franja,T011,Monarcas Morelia,4,1,2,0,Estadio Cuauhtémoc,W,0,ALERTA: 'Monarcas Morelia' renombrado 'Mazatlán FC' desde 2020 — mismo club_id T011
1466,Clausura 2012,2012,clausura,8,2012-02-19,T006,Club León,T010,Toluca,2,2,0,2,Estadio León,D,0,
1467,Clausura 2012,2012,clausura,8,2012-02-19,T012,Xoloitzcuintles,T003,CF Monterrey,3,0,2,0,Estadio Caliente,W,0,
1468,Clausura 2012,2012,clausura,8,2012-02-19,T009,Santos,T001,C. Azul,2,0,1,0,Estadio Corona,W,1,
1469,Clausura 2012,2012,clausura,8,2012-02-19,T005,Tigres UANL,T014,Atlético San Luis,1,1,1,0,Estadio Universitario,D,0,
1470,Clausura 2012,2012,clausura,8,2012-02-19,T007,UNAM Pumas,T002,CF América,1,0,0,0,Estadio Olímpico Universitario,W,0,
1471,Clausura 2012,2012,clausura,8,2012-02-19,T004,Deportivo Guadalajara,T008,Atlas Guadalajara,3,4,3,3,Estadio Akron,L,0,
1472,Clausura 2012,2012,clausura,9,2012-02-26,T017,Puebla FC,T018,Dorados Sinaloa,2,2,1,1,Estadio Cuauhtémoc,D,0,ALERTA: 'Dorados Sinaloa' → 'Mazatlán FC' (2020) — club_id T018
1473,Clausura 2012,2012,clausura,9,2012-02-26,T002,América,T016,Querétaro,1,0,0,0,Estadio Azteca,W,0,
1474,Clausura 2012,2012,clausura,9,2012-02-26,T006,Club León,T008,Atlas,4,3,3,2,Estadio León,W,0,
1475,Clausura 2012,2012,clausura,9,2012-02-26,T009,Santos,T004,Guadalajara,4,1,3,0,Estadio Corona,W,0,
1476,Clausura 2012,2012,clausura,9,2012-02-26,T015,Necaxa,T010,Toluca FC,2,0,1,0,Estadio Victoria,W,0,
1477,Clausura 2012,2012,clausura,9,2012-02-26,T005,UANL Tigres,T003,Rayados,0,1,0,0,Estadio Universitario,L,0,
1478,Clausura 2012,2012,clausura,9,2012-02-26,T001,Cruz Azul FC,T007,Pumas,2,1,1,1,Estadio Ciudad de los Deportes,W,1,
1479,Clausura 2012,2012,clausura,9,2012-02-26,T012,Club Tijuana,T011,Monarcas Morelia,1,3,0,3,Estadio Caliente,L,0,ALERTA: 'Monarcas Morelia' renombrado 'Mazatlán FC' desde 2020 — mismo club_id T011
1480,Clausura 2012,2012,clausura,10,2012-03-04,T004,Chivas,T008,Atlas,0,0,0,0,Estadio Akron,D,0,
1481,Clausura 2012,2012,clausura,10,2012-03-04,T002,CF América,T013,FC Juárez,3,0,0,0,Estadio Azteca,W,0,
1482,Clausura 2012,2012,clausura,10,2012-03-04,T014,San Luis,T017,Puebla FC,2,0,0,0,Estadio Alfonso Lastras,W,0,
1483,Clausura 2012,2012,clausura,10,2012-03-04,T018,Dorados Sinaloa,T005,Tigres UANL,2,3,2,0,Estadio de Mazatlán,L,0,ALERTA: 'Dorados Sinaloa' → 'Mazatlán FC' (2020) — club_id T018
1484,Clausura 2012,2012,clausura,10,2012-03-04,T006,León,T015,Necaxa,0,4,0,3,Estadio León,L,0,
1485,Clausura 2012,2012,clausura,10,2012-03-04,T012,Club Tijuana,T007,Pumas UNAM,1,3,1,0,Estadio Caliente,L,0,
1486,Clausura 2012,2012,clausura,10,2012-03-04,T011,Monarcas Morelia,T001,Cruz Azul FC,2,2,2,2,Estadio Morelos,D,1,ALERTA: 'Monarcas Morelia' renombrado 'Mazatlán FC' desde 2020 — mismo club_id T011
1487,Clausura 2012,2012,clausura,10,2012-03-04,T010,Toluca,T003,Rayados,1,0,1,0,Estadio Nemesio Díez,W,0,
1488,Clausura 2012,2012,clausura,11,2012-03-11,T011,Monarcas Morelia,T009,Santos Laguna,1,1,1,1,Estadio Morelos,D,0,ALERTA: 'Monarcas Morelia' renombrado 'Mazatlán FC' desde 2020 — mismo club_id T011
1489,Clausura 2012,2012,clausura,11,2012-03-11,T014,Atlético San Luis,T008,Atlas Guadalajara,1,2,0,0,Estadio Alfonso Lastras,L,0,
1490,Clausura 2012,2012,clausura,11,2012-03-11,T001,C. Azul,T013,FC Juárez,2,3,1,1,Estadio Ciudad de los Deportes,L,1,
1491,Clausura 2012,2012,clausura,11,2012-03-11,T006,Club León,T016,Querétaro FC,3,1,2,1,Estadio León,W,0,
1492,Clausura 2012,2012,clausura,11,2012-03-11,T003,CF Monterrey,T012,Tijuana,2,4,2,2,Estadio BBVA,L,0,
1493,Clausura 2012,2012,clausura,11,2012-03-11,T004,Guadalajara,T017,Club Puebla,2,2,0,1,Estadio Akron,D,0,
1494,Clausura 2012,2012,clausura,11,2012-03-11,T007,Pumas,T015,Necaxa,1,0,1,0,Estadio Olímpico Universitario,W,0,
1495,Clausura 2012,2012,clausura,11,2012-03-11,T002,Club América,T010,Deportivo Toluca,1,2,0,0,Estadio Azteca,L,0,
1496,Clausura 2012,2012,clausura,12,2012-03-18,T012,Club Tijuana,T007,UNAM Pumas,2,2,0,2,Estadio Caliente,D,0,
1497,Clausura 2012,2012,clausura,12,2012-03-18,T003,Monterrey,T009,Santos,0,1,0,1,Estadio BBVA,L,0,
1498,Clausura 2012,2012,clausura,12,2012-03-18,T015,Impulsora Necaxa,T016,Gallos Blancos,2,2,1,1,Estadio Victoria,D,0,
1499,Clausura 2012,2012,clausura,12,2012-03-18,T008,Atlas,T004,Deportivo Guadalajara,0,1,0,0,Estadio Jalisco,L,0,
1500,Clausura 2012,2012,clausura,12,2012-03-18,T010,Deportivo Toluca,T002,Club América,2,1,1,1,Estadio Nemesio Díez,W,0,
1501,Clausura 2012,2012,clausura,12,2012-03-18,T005,Tigres UANL,T018,Dorados Sinaloa,3,0,2,0,Estadio Universitario,W,0,ALERTA: 'Dorados Sinaloa' → 'Mazatlán FC' (2020) — club_id T018
1502,Clausura 2012,2012,clausura,12,2012-03-18,T006,Club León,T013,Bravos de Juárez,4,3,4,3,Estadio León,W,0,
1503,Clausura 2012,2012,clausura,12,2012-03-18,T017,La Franja,T014,San Luis,3,1,0,1,Estadio Cuauhtémoc,W,0,
1504,Clausura 2012,2012,clausura,13,2012-03-25,T010,Toluca,T003,Monterrey,4,0,2,0,Estadio Nemesio Díez,W,0,
1505,Clausura 2012,2012,clausura,13,2012-03-25,T007,Pumas UNAM,T004,Guadalajara,2,1,0,1,Estadio Olímpico Universitario,W,0,
1506,Clausura 2012,2012,clausura,13,2012-03-25,T015,Impulsora Necaxa,T014,San Luis,0,2,0,0,Estadio Victoria,L,0,
1507,Clausura 2012,2012,clausura,13,2012-03-25,T009,Santos,T018,Dorados Sinaloa,1,2,0,2,Estadio Corona,L,0,ALERTA: 'Dorados Sinaloa' → 'Mazatlán FC' (2020) — club_id T018
1508,Clausura 2012,2012,clausura,13,2012-03-25,T001,Cruz Azul FC,T006,Club León,1,0,1,0,Estadio Ciudad de los Deportes,W,1,
1509,Clausura 2012,2012,clausura,13,2012-03-25,T016,Gallos Blancos,T017,Puebla FC,2,2,2,0,Estadio Corregidora,D,0,
1510,Clausura 2012,2012,clausura,13,2012-03-25,T013,Bravos de Juárez,T011,Monarcas Morelia,1,2,0,2,Estadio Olímpico Benito Juárez,L,0,ALERTA: 'Monarcas Morelia' renombrado 'Mazatlán FC' desde 2020 — mismo club_id T011
1511,Clausura 2012,2012,clausura,13,2012-03-25,T002,América,T008,Atlas,3,0,3,0,Estadio Azteca,W,0,
1512,Clausura 2012,2012,clausura,14,2012-04-01,T015,Club Necaxa,T018,Dorados Sinaloa,3,3,1,1,Estadio Victoria,D,0,ALERTA: 'Dorados Sinaloa' → 'Mazatlán FC' (2020) — club_id T018
1513,Clausura 2012,2012,clausura,14,2012-04-01,T006,León FC,T008,Atlas Guadalajara,0,1,0,0,Estadio León,L,0,
1514,Clausura 2012,2012,clausura,14,2012-04-01,T014,San Luis,T005,Tigres UANL,3,2,1,2,Estadio Alfonso Lastras,W,0,
1515,Clausura 2012,2012,clausura,14,2012-04-01,T012,Xoloitzcuintles,T010,Toluca FC,0,0,0,0,Estadio Caliente,D,0,
1516,Clausura 2012,2012,clausura,14,2012-04-01,T003,Monterrey,T011,Monarcas Morelia,0,2,0,2,Estadio BBVA,L,0,ALERTA: 'Monarcas Morelia' renombrado 'Mazatlán FC' desde 2020 — mismo club_id T011
1517,Clausura 2012,2012,clausura,14,2012-04-01,T016,Querétaro FC,T004,Guadalajara,1,0,1,0,Estadio Corregidora,W,0,
1518,Clausura 2012,2012,clausura,14,2012-04-01,T013,Juárez,T009,Santos Laguna,1,1,0,1,Estadio Olímpico Benito Juárez,D,0,
1519,Clausura 2012,2012,clausura,14,2012-04-01,T007,UNAM Pumas,T002,CF América,0,1,0,1,Estadio Olímpico Universitario,L,0,
1520,Clausura 2012,2012,clausura,15,2012-04-08,T015,Necaxa,T018,Dorados Sinaloa,1,3,0,2,Estadio Victoria,L,0,ALERTA: 'Dorados Sinaloa' → 'Mazatlán FC' (2020) — club_id T018
1521,Clausura 2012,2012,clausura,15,2012-04-08,T013,Bravos de Juárez,T014,A. San Luis,2,2,2,1,Estadio Olímpico Benito Juárez,D,0,
1522,Clausura 2012,2012,clausura,15,2012-04-08,T007,Pumas,T001,C. Azul,3,2,1,1,Estadio Olímpico Universitario,W,1,
1523,Clausura 2012,2012,clausura,15,2012-04-08,T012,Xoloitzcuintles,T003,CF Monterrey,3,1,3,1,Estadio Caliente,W,0,
1524,Clausura 2012,2012,clausura,15,2012-04-08,T005,Tigres,T010,Toluca FC,1,2,0,1,Estadio Universitario,L,0,
1525,Clausura 2012,2012,clausura,15,2012-04-08,T002,CF América,T008,Atlas Guadalajara,0,0,0,0,Estadio Azteca,D,0,
1526,Clausura 2012,2012,clausura,15,2012-04-08,T017,Puebla FC,T011,Monarcas Morelia,2,2,0,2,Estadio Cuauhtémoc,D,0,ALERTA: 'Monarcas Morelia' renombrado 'Mazatlán FC' desde 2020 — mismo club_id T011
1527,Clausura 2012,2012,clausura,15,2012-04-08,T006,León FC,T004,Guadalajara,0,0,0,0,Estadio León,D,0,
1528,Clausura 2012,2012,clausura,16,2012-04-15,T008,Club Atlas,T012,Xoloitzcuintles,4,1,1,1,Estadio Jalisco,W,0,
1529,Clausura 2012,2012,clausura,16,2012-04-15,T001,C. Azul,T011,Monarcas Morelia,0,2,0,0,Estadio Ciudad de los Deportes,L,1,ALERTA: 'Monarcas Morelia' renombrado 'Mazatlán FC' desde 2020 — mismo club_id T011
1530,Clausura 2012,2012,clausura,16,2012-04-15,T015,Impulsora Necaxa,T017,Club Puebla,3,0,3,0,Estadio Victoria,W,0,
1531,Clausura 2012,2012,clausura,16,2012-04-15,T014,San Luis,T004,Guadalajara,2,1,2,0,Estadio Alfonso Lastras,W,0,
1532,Clausura 2012,2012,clausura,16,2012-04-15,T003,Monterrey,T018,Dorados Sinaloa,0,0,0,0,Estadio BBVA,D,0,ALERTA: 'Dorados Sinaloa' → 'Mazatlán FC' (2020) — club_id T018
1533,Clausura 2012,2012,clausura,16,2012-04-15,T013,Juárez,T016,Querétaro FC,2,0,2,0,Estadio Olímpico Benito Juárez,W,0,
1534,Clausura 2012,2012,clausura,16,2012-04-15,T005,UANL Tigres,T010,Deportivo Toluca,2,3,0,3,Estadio Universitario,L,0,
1535,Clausura 2012,2012,clausura,16,2012-04-15,T007,Pumas,T009,Santos Laguna FC,0,0,0,0,Estadio Olímpico Universitario,D,0,
1536,Clausura 2012,2012,clausura,17,2012-04-22,T003,Rayados,T012,Xoloitzcuintles,2,1,1,1,Estadio BBVA,W,0,
1537,Clausura 2012,2012,clausura,17,2012-04-22,T007,Pumas,T009,Santos Laguna,0,3,0,0,Estadio Olímpico Universitario,L,0,
1538,Clausura 2012,2012,clausura,17,2012-04-22,T006,Club León,T010,Deportivo Toluca,4,1,4,0,Estadio León,W,0,
1539,Clausura 2012,2012,clausura,17,2012-04-22,T016,Querétaro,T002,América,2,0,0,0,Estadio Corregidora,W,0,
1540,Clausura 2012,2012,clausura,17,2012-04-22,T015,Club Necaxa,T014,Atlético San Luis,3,1,1,1,Estadio Victoria,W,0,
1541,Clausura 2012,2012,clausura,17,2012-04-22,T013,Juárez,T005,Tigres,2,1,1,1,Estadio Olímpico Benito Juárez,W,0,
1542,Clausura 2012,2012,clausura,17,2012-04-22,T011,Monarcas Morelia,T017,Puebla FC,3,4,3,2,Estadio Morelos,L,0,ALERTA: 'Monarcas Morelia' renombrado 'Mazatlán FC' desde 2020 — mismo club_id T011
1543,Clausura 2012,2012,clausura,17,2012-04-22,T004,Deportivo Guadalajara,T001,Cruz Azul FC,1,4,1,2,Estadio Akron,L,1,
1544,Apertura 2012,2012,apertura,1,2012-07-01,T005,Tigres UANL,T003,Monterrey,0,2,0,2,Estadio Universitario,L,0,
1545,Apertura 2012,2012,apertura,1,2012-07-01,T009,Santos Laguna FC,T016,Querétaro FC,0,0,0,0,Estadio Corona,D,0,
1546,Apertura 2012,2012,apertura,1,2012-07-01,T004,Deportivo Guadalajara,T010,Deportivo Toluca,0,0,0,0,Estadio Akron,D,0,
1547,Apertura 2012,2012,apertura,1,2012-07-01,T006,León FC,T014,Atlético San Luis,2,0,1,0,Estadio León,W,0,
1548,Apertura 2012,2012,apertura,1,2012-07-01,T015,Necaxa,T011,Monarcas Morelia,3,0,1,0,Estadio Victoria,W,0,ALERTA: 'Monarcas Morelia' renombrado 'Mazatlán FC' desde 2020 — mismo club_id T011
1549,Apertura 2012,2012,apertura,1,2012-07-01,T012,Club Tijuana,T017,Club Puebla,0,1,0,0,Estadio Caliente,L,0,
1550,Apertura 2012,2012,apertura,1,2012-07-01,T001,Cruz Azul FC,T013,FC Juárez,4,1,1,0,Estadio Ciudad de los Deportes,W,1,
1551,Apertura 2012,2012,apertura,1,2012-07-01,T018,Dorados Sinaloa,T002,América,3,1,2,1,Estadio de Mazatlán,W,0,ALERTA: 'Dorados Sinaloa' → 'Mazatlán FC' (2020) — club_id T018
1552,Apertura 2012,2012,apertura,2,2012-07-08,T012,Tijuana,T015,Impulsora Necaxa,1,3,1,3,Estadio Caliente,L,0,
1553,Apertura 2012,2012,apertura,2,2012-07-08,T013,Juárez,T002,América,0,0,0,0,Estadio Olímpico Benito Juárez,D,0,
1554,Apertura 2012,2012,apertura,2,2012-07-08,T016,Gallos Blancos,T011,Monarcas Morelia,0,1,0,0,Estadio Corregidora,L,0,ALERTA: 'Monarcas Morelia' renombrado 'Mazatlán FC' desde 2020 — mismo club_id T011
1555,Apertura 2012,2012,apertura,2,2012-07-08,T001,Cruz Azul,T014,A. San Luis,2,2,0,2,Estadio Ciudad de los Deportes,D,1,
1556,Apertura 2012,2012,apertura,2,2012-07-08,T006,León FC,T003,Rayados,2,3,1,2,Estadio León,L,0,
1557,Apertura 2012,2012,apertura,2,2012-07-08,T004,Deportivo Guadalajara,T008,Club Atlas,1,4,1,4,Estadio Akron,L,0,
1558,Apertura 2012,2012,apertura,2,2012-07-08,T017,Club Puebla,T009,Santos,1,1,0,0,Estadio Cuauhtémoc,D,0,
1559,Apertura 2012,2012,apertura,2,2012-07-08,T007,Pumas,T018,Dorados Sinaloa,0,4,0,0,Estadio Olímpico Universitario,L,0,ALERTA: 'Dorados Sinaloa' → 'Mazatlán FC' (2020) — club_id T018
1560,Apertura 2012,2012,apertura,3,2012-07-15,T008,Atlas Guadalajara,T017,Club Puebla,0,3,0,2,Estadio Jalisco,L,0,
1561,Apertura 2012,2012,apertura,3,2012-07-15,T012,Club Tijuana,T009,Santos Laguna FC,2,1,1,1,Estadio Caliente,W,0,
1562,Apertura 2012,2012,apertura,3,2012-07-15,T018,Dorados Sinaloa,T004,Chivas,0,1,0,1,Estadio de Mazatlán,L,0,ALERTA: 'Dorados Sinaloa' → 'Mazatlán FC' (2020) — club_id T018
1563,Apertura 2012,2012,apertura,3,2012-07-15,T006,Club León,T007,Pumas,1,1,0,0,Estadio León,D,0,
1564,Apertura 2012,2012,apertura,3,2012-07-15,T002,Club América,T015,Necaxa,0,1,0,1,Estadio Azteca,L,0,
1565,Apertura 2012,2012,apertura,3,2012-07-15,T003,Monterrey,T010,Toluca,2,1,0,1,Estadio BBVA,W,0,
1566,Apertura 2012,2012,apertura,3,2012-07-15,T001,Cruz Azul,T005,Tigres UANL,3,1,2,1,Estadio Ciudad de los Deportes,W,1,
1567,Apertura 2012,2012,apertura,3,2012-07-15,T013,Bravos de Juárez,T016,Gallos Blancos,4,1,4,0,Estadio Olímpico Benito Juárez,W,0,
1568,Apertura 2012,2012,apertura,4,2012-07-22,T012,Club Tijuana,T016,Querétaro,0,3,0,2,Estadio Caliente,L,0,
1569,Apertura 2012,2012,apertura,4,2012-07-22,T006,León FC,T018,Dorados Sinaloa,2,0,2,0,Estadio León,W,0,ALERTA: 'Dorados Sinaloa' → 'Mazatlán FC' (2020) — club_id T018
1570,Apertura 2012,2012,apertura,4,2012-07-22,T010,Toluca FC,T003,Rayados,2,2,1,0,Estadio Nemesio Díez,D,0,
1571,Apertura 2012,2012,apertura,4,2012-07-22,T017,Club Puebla,T015,Club Necaxa,4,1,0,1,Estadio Cuauhtémoc,W,0,
1572,Apertura 2012,2012,apertura,4,2012-07-22,T013,Juárez,T009,Santos Laguna FC,2,2,1,1,Estadio Olímpico Benito Juárez,D,0,
1573,Apertura 2012,2012,apertura,4,2012-07-22,T004,Guadalajara,T002,CF América,1,0,0,0,Estadio Akron,W,0,
1574,Apertura 2012,2012,apertura,4,2012-07-22,T001,C. Azul,T007,Pumas,3,0,1,0,Estadio Ciudad de los Deportes,W,1,
1575,Apertura 2012,2012,apertura,4,2012-07-22,T008,Atlas,T011,Monarcas Morelia,1,0,1,0,Estadio Jalisco,W,0,ALERTA: 'Monarcas Morelia' renombrado 'Mazatlán FC' desde 2020 — mismo club_id T011
1576,Apertura 2012,2012,apertura,5,2012-07-29,T001,C. Azul,T003,CF Monterrey,0,2,0,0,Estadio Ciudad de los Deportes,L,1,
1577,Apertura 2012,2012,apertura,5,2012-07-29,T018,Dorados Sinaloa,T002,América,3,3,1,3,Estadio de Mazatlán,D,0,ALERTA: 'Dorados Sinaloa' → 'Mazatlán FC' (2020) — club_id T018
1578,Apertura 2012,2012,apertura,5,2012-07-29,T016,Querétaro,T008,Club Atlas,0,4,0,3,Estadio Corregidora,L,0,
1579,Apertura 2012,2012,apertura,5,2012-07-29,T011,Monarcas Morelia,T006,León,3,0,3,0,Estadio Morelos,W,0,ALERTA: 'Monarcas Morelia' renombrado 'Mazatlán FC' desde 2020 — mismo club_id T011
1580,Apertura 2012,2012,apertura,5,2012-07-29,T013,FC Juárez,T012,Club Tijuana,0,3,0,2,Estadio Olímpico Benito Juárez,L,0,
1581,Apertura 2012,2012,apertura,5,2012-07-29,T010,Deportivo Toluca,T007,Pumas UNAM,2,1,1,1,Estadio Nemesio Díez,W,0,
1582,Apertura 2012,2012,apertura,5,2012-07-29,T017,La Franja,T005,Tigres UANL,3,2,1,2,Estadio Cuauhtémoc,W,0,
1583,Apertura 2012,2012,apertura,5,2012-07-29,T015,Impulsora Necaxa,T009,Santos Laguna,2,3,2,3,Estadio Victoria,L,0,
1584,Apertura 2012,2012,apertura,6,2012-08-05,T003,Monterrey,T006,León FC,1,0,0,0,Estadio BBVA,W,0,
1585,Apertura 2012,2012,apertura,6,2012-08-05,T010,Deportivo Toluca,T001,Cruz Azul FC,0,0,0,0,Estadio Nemesio Díez,D,1,
1586,Apertura 2012,2012,apertura,6,2012-08-05,T009,Santos Laguna FC,T004,Guadalajara,3,1,3,0,Estadio Corona,W,0,
1587,Apertura 2012,2012,apertura,6,2012-08-05,T002,CF América,T012,Xoloitzcuintles,0,0,0,0,Estadio Azteca,D,0,
1588,Apertura 2012,2012,apertura,6,2012-08-05,T005,Tigres UANL,T015,Necaxa,3,0,1,0,Estadio Universitario,W,0,
1589,Apertura 2012,2012,apertura,6,2012-08-05,T017,Club Puebla,T013,Bravos de Juárez,3,1,0,1,Estadio Cuauhtémoc,W,0,
1590,Apertura 2012,2012,apertura,6,2012-08-05,T014,A. San Luis,T011,Monarcas Morelia,1,0,1,0,Estadio Alfonso Lastras,W,0,ALERTA: 'Monarcas Morelia' renombrado 'Mazatlán FC' desde 2020 — mismo club_id T011
1591,Apertura 2012,2012,apertura,6,2012-08-05,T007,Pumas UNAM,T018,Dorados Sinaloa,3,2,3,1,Estadio Olímpico Universitario,W,0,ALERTA: 'Dorados Sinaloa' → 'Mazatlán FC' (2020) — club_id T018
1592,Apertura 2012,2012,apertura,7,2012-08-12,T018,Dorados Sinaloa,T004,Chivas,1,4,1,4,Estadio de Mazatlán,L,0,ALERTA: 'Dorados Sinaloa' → 'Mazatlán FC' (2020) — club_id T018
1593,Apertura 2012,2012,apertura,7,2012-08-12,T012,Xoloitzcuintles,T007,Pumas UNAM,0,3,0,3,Estadio Caliente,L,0,
1594,Apertura 2012,2012,apertura,7,2012-08-12,T003,Rayados,T013,Bravos de Juárez,1,4,0,3,Estadio BBVA,L,0,
1595,Apertura 2012,2012,apertura,7,2012-08-12,T011,Monarcas Morelia,T017,La Franja,4,1,2,1,Estadio Morelos,W,0,ALERTA: 'Monarcas Morelia' renombrado 'Mazatlán FC' desde 2020 — mismo club_id T011
1596,Apertura 2012,2012,apertura,7,2012-08-12,T014,A. San Luis,T006,León FC,1,2,1,1,Estadio Alfonso Lastras,L,0,
1597,Apertura 2012,2012,apertura,7,2012-08-12,T001,Cruz Azul,T005,Tigres,1,3,1,1,Estadio Ciudad de los Deportes,L,1,
1598,Apertura 2012,2012,apertura,7,2012-08-12,T002,CF América,T016,Querétaro FC,4,1,4,1,Estadio Azteca,W,0,
1599,Apertura 2012,2012,apertura,7,2012-08-12,T008,Atlas Guadalajara,T015,Impulsora Necaxa,2,0,2,0,Estadio Jalisco,W,0,
1600,Apertura 2012,2012,apertura,8,2012-08-19,T014,San Luis,T003,Rayados,1,1,0,0,Estadio Alfonso Lastras,D,0,
1601,Apertura 2012,2012,apertura,8,2012-08-19,T017,La Franja,T015,Impulsora Necaxa,2,1,2,0,Estadio Cuauhtémoc,W,0,
1602,Apertura 2012,2012,apertura,8,2012-08-19,T004,Guadalajara,T002,Club América,4,3,2,1,Estadio Akron,W,0,
1603,Apertura 2012,2012,apertura,8,2012-08-19,T007,Pumas,T018,Dorados Sinaloa,0,4,0,0,Estadio Olímpico Universitario,L,0,ALERTA: 'Dorados Sinaloa' → 'Mazatlán FC' (2020) — club_id T018
1604,Apertura 2012,2012,apertura,8,2012-08-19,T001,Cruz Azul,T008,Atlas,1,1,1,1,Estadio Ciudad de los Deportes,D,1,
1605,Apertura 2012,2012,apertura,8,2012-08-19,T012,Tijuana,T009,Santos Laguna,1,1,1,0,Estadio Caliente,D,0,
1606,Apertura 2012,2012,apertura,8,2012-08-19,T011,Monarcas Morelia,T006,León FC,1,4,1,4,Estadio Morelos,L,0,ALERTA: 'Monarcas Morelia' renombrado 'Mazatlán FC' desde 2020 — mismo club_id T011
1607,Apertura 2012,2012,apertura,8,2012-08-19,T010,Deportivo Toluca,T013,Juárez,0,3,0,1,Estadio Nemesio Díez,L,0,
1608,Apertura 2012,2012,apertura,9,2012-08-26,T013,FC Juárez,T003,Monterrey,1,0,0,0,Estadio Olímpico Benito Juárez,W,0,
1609,Apertura 2012,2012,apertura,9,2012-08-26,T009,Santos Laguna,T017,Club Puebla,1,2,0,0,Estadio Corona,L,0,
1610,Apertura 2012,2012,apertura,9,2012-08-26,T011,Monarcas Morelia,T005,Tigres UANL,1,0,1,0,Estadio Morelos,W,0,ALERTA: 'Monarcas Morelia' renombrado 'Mazatlán FC' desde 2020 — mismo club_id T011
1611,Apertura 2012,2012,apertura,9,2012-08-26,T004,Guadalajara,T001,Cruz Azul FC,2,0,0,0,Estadio Akron,W,1,
1612,Apertura 2012,2012,apertura,9,2012-08-26,T008,Atlas Guadalajara,T014,Atlético San Luis,2,2,2,2,Estadio Jalisco,D,0,
1613,Apertura 2012,2012,apertura,9,2012-08-26,T018,Dorados Sinaloa,T015,Necaxa,2,0,1,0,Estadio de Mazatlán,W,0,ALERTA: 'Dorados Sinaloa' → 'Mazatlán FC' (2020) — club_id T018
1614,Apertura 2012,2012,apertura,9,2012-08-26,T010,Toluca,T007,Pumas,0,0,0,0,Estadio Nemesio Díez,D,0,
1615,Apertura 2012,2012,apertura,9,2012-08-26,T016,Gallos Blancos,T002,América,4,3,2,3,Estadio Corregidora,W,0,
1616,Apertura 2012,2012,apertura,10,2012-09-02,T009,Santos Laguna FC,T002,América,0,2,0,0,Estadio Corona,L,0,
1617,Apertura 2012,2012,apertura,10,2012-09-02,T014,A. San Luis,T007,UNAM Pumas,1,1,1,0,Estadio Alfonso Lastras,D,0,
1618,Apertura 2012,2012,apertura,10,2012-09-02,T008,Atlas,T015,Impulsora Necaxa,1,0,1,0,Estadio Jalisco,W,0,
1619,Apertura 2012,2012,apertura,10,2012-09-02,T005,UANL Tigres,T006,Club León,2,2,0,2,Estadio Universitario,D,0,
1620,Apertura 2012,2012,apertura,10,2012-09-02,T013,FC Juárez,T010,Toluca,3,2,3,1,Estadio Olímpico Benito Juárez,W,0,
1621,Apertura 2012,2012,apertura,10,2012-09-02,T018,Dorados Sinaloa,T017,Club Puebla,3,4,1,0,Estadio de Mazatlán,L,0,ALERTA: 'Dorados Sinaloa' → 'Mazatlán FC' (2020) — club_id T018
1622,Apertura 2012,2012,apertura,10,2012-09-02,T001,Cruz Azul,T016,Querétaro FC,0,0,0,0,Estadio Ciudad de los Deportes,D,1,
1623,Apertura 2012,2012,apertura,10,2012-09-02,T011,Monarcas Morelia,T003,Monterrey,1,2,0,1,Estadio Morelos,L,0,ALERTA: 'Monarcas Morelia' renombrado 'Mazatlán FC' desde 2020 — mismo club_id T011
1624,Apertura 2012,2012,apertura,11,2012-09-09,T002,CF América,T001,C. Azul,3,3,3,3,Estadio Azteca,D,1,
1625,Apertura 2012,2012,apertura,11,2012-09-09,T011,Monarcas Morelia,T013,FC Juárez,1,1,1,0,Estadio Morelos,D,0,ALERTA: 'Monarcas Morelia' renombrado 'Mazatlán FC' desde 2020 — mismo club_id T011
1626,Apertura 2012,2012,apertura,11,2012-09-09,T015,Impulsora Necaxa,T005,Tigres UANL,1,1,0,1,Estadio Victoria,D,0,
1627,Apertura 2012,2012,apertura,11,2012-09-09,T006,León,T004,Chivas,1,3,1,0,Estadio León,L,0,
1628,Apertura 2012,2012,apertura,11,2012-09-09,T018,Dorados Sinaloa,T014,Atlético San Luis,1,0,0,0,Estadio de Mazatlán,W,0,ALERTA: 'Dorados Sinaloa' → 'Mazatlán FC' (2020) — club_id T018
1629,Apertura 2012,2012,apertura,11,2012-09-09,T009,Santos Laguna,T007,UNAM Pumas,1,1,0,1,Estadio Corona,D,0,
1630,Apertura 2012,2012,apertura,11,2012-09-09,T003,Monterrey,T016,Querétaro FC,0,2,0,0,Estadio BBVA,L,0,
1631,Apertura 2012,2012,apertura,11,2012-09-09,T012,Xoloitzcuintles,T008,Atlas,1,4,0,3,Estadio Caliente,L,0,
1632,Apertura 2012,2012,apertura,12,2012-09-16,T011,Monarcas Morelia,T014,San Luis,2,1,1,1,Estadio Morelos,W,0,ALERTA: 'Monarcas Morelia' renombrado 'Mazatlán FC' desde 2020 — mismo club_id T011
1633,Apertura 2012,2012,apertura,12,2012-09-16,T008,Atlas,T005,UANL Tigres,3,4,0,1,Estadio Jalisco,L,0,
1634,Apertura 2012,2012,apertura,12,2012-09-16,T015,Impulsora Necaxa,T009,Santos Laguna FC,2,2,2,0,Estadio Victoria,D,0,
1635,Apertura 2012,2012,apertura,12,2012-09-16,T003,Rayados,T013,Bravos de Juárez,1,1,0,1,Estadio BBVA,D,0,
1636,Apertura 2012,2012,apertura,12,2012-09-16,T002,CF América,T001,Cruz Azul,4,3,1,0,Estadio Azteca,W,1,
1637,Apertura 2012,2012,apertura,12,2012-09-16,T012,Xoloitzcuintles,T006,Club León,2,2,1,0,Estadio Caliente,D,0,
1638,Apertura 2012,2012,apertura,12,2012-09-16,T018,Dorados Sinaloa,T007,Pumas UNAM,1,2,0,0,Estadio de Mazatlán,L,0,ALERTA: 'Dorados Sinaloa' → 'Mazatlán FC' (2020) — club_id T018
1639,Apertura 2012,2012,apertura,12,2012-09-16,T016,Gallos Blancos,T010,Toluca FC,0,3,0,1,Estadio Corregidora,L,0,
1640,Apertura 2012,2012,apertura,13,2012-09-23,T014,San Luis,T009,Santos Laguna,4,0,2,0,Estadio Alfonso Lastras,W,0,
1641,Apertura 2012,2012,apertura,13,2012-09-23,T016,Querétaro FC,T010,Toluca FC,1,2,1,1,Estadio Corregidora,L,0,
1642,Apertura 2012,2012,apertura,13,2012-09-23,T018,Dorados Sinaloa,T008,Atlas,3,2,0,0,Estadio de Mazatlán,W,0,ALERTA: 'Dorados Sinaloa' → 'Mazatlán FC' (2020) — club_id T018
1643,Apertura 2012,2012,apertura,13,2012-09-23,T013,FC Juárez,T004,Guadalajara,1,0,1,0,Estadio Olímpico Benito Juárez,W,0,
1644,Apertura 2012,2012,apertura,13,2012-09-23,T002,CF América,T007,Pumas,0,4,0,0,Estadio Azteca,L,0,
1645,Apertura 2012,2012,apertura,13,2012-09-23,T015,Necaxa,T001,C. Azul,1,2,1,1,Estadio Victoria,L,1,
1646,Apertura 2012,2012,apertura,13,2012-09-23,T005,Tigres,T011,Monarcas Morelia,1,0,1,0,Estadio Universitario,W,0,ALERTA: 'Monarcas Morelia' renombrado 'Mazatlán FC' desde 2020 — mismo club_id T011
1647,Apertura 2012,2012,apertura,13,2012-09-23,T012,Xoloitzcuintles,T017,Club Puebla,3,1,1,1,Estadio Caliente,W,0,
1648,Apertura 2012,2012,apertura,14,2012-09-30,T017,Puebla FC,T016,Gallos Blancos,2,0,1,0,Estadio Cuauhtémoc,W,0,
1649,Apertura 2012,2012,apertura,14,2012-09-30,T002,CF América,T015,Necaxa,2,3,0,3,Estadio Azteca,L,0,
1650,Apertura 2012,2012,apertura,14,2012-09-30,T004,Guadalajara,T011,Monarcas Morelia,4,0,0,0,Estadio Akron,W,0,ALERTA: 'Monarcas Morelia' renombrado 'Mazatlán FC' desde 2020 — mismo club_id T011
1651,Apertura 2012,2012,apertura,14,2012-09-30,T008,Club Atlas,T010,Toluca FC,3,1,3,0,Estadio Jalisco,W,0,
1652,Apertura 2012,2012,apertura,14,2012-09-30,T012,Club Tijuana,T013,Bravos de Juárez,1,2,1,1,Estadio Caliente,L,0,
1653,Apertura 2012,2012,apertura,14,2012-09-30,T018,Dorados Sinaloa,T014,A. San Luis,1,1,1,1,Estadio de Mazatlán,D,0,ALERTA: 'Dorados Sinaloa' → 'Mazatlán FC' (2020) — club_id T018
1654,Apertura 2012,2012,apertura,14,2012-09-30,T007,UNAM Pumas,T005,Tigres UANL,0,4,0,1,Estadio Olímpico Universitario,L,0,
1655,Apertura 2012,2012,apertura,14,2012-09-30,T003,Rayados,T006,Club León,1,2,0,2,Estadio BBVA,L,0,
1656,Apertura 2012,2012,apertura,15,2012-10-07,T006,Club León,T002,CF América,0,0,0,0,Estadio León,D,0,
1657,Apertura 2012,2012,apertura,15,2012-10-07,T001,C. Azul,T015,Club Necaxa,1,1,0,1,Estadio Ciudad de los Deportes,D,1,
1658,Apertura 2012,2012,apertura,15,2012-10-07,T014,San Luis,T012,Xoloitzcuintles,0,1,0,0,Estadio Alfonso Lastras,L,0,
1659,Apertura 2012,2012,apertura,15,2012-10-07,T005,Tigres UANL,T010,Deportivo Toluca,2,0,0,0,Estadio Universitario,W,0,
1660,Apertura 2012,2012,apertura,15,2012-10-07,T018,Dorados Sinaloa,T007,Pumas UNAM,2,2,1,1,Estadio de Mazatlán,D,0,ALERTA: 'Dorados Sinaloa' → 'Mazatlán FC' (2020) — club_id T018
1661,Apertura 2012,2012,apertura,15,2012-10-07,T013,FC Juárez,T009,Santos,3,2,2,0,Estadio Olímpico Benito Juárez,W,0,
1662,Apertura 2012,2012,apertura,15,2012-10-07,T017,Puebla FC,T008,Club Atlas,1,0,1,0,Estadio Cuauhtémoc,W,0,
1663,Apertura 2012,2012,apertura,15,2012-10-07,T016,Gallos Blancos,T004,Guadalajara,2,3,0,3,Estadio Corregidora,L,0,
1664,Apertura 2012,2012,apertura,16,2012-10-14,T003,Monterrey,T014,Atlético San Luis,2,2,0,0,Estadio BBVA,D,0,
1665,Apertura 2012,2012,apertura,16,2012-10-14,T011,Monarcas Morelia,T005,UANL Tigres,1,3,1,1,Estadio Morelos,L,0,ALERTA: 'Monarcas Morelia' renombrado 'Mazatlán FC' desde 2020 — mismo club_id T011
1666,Apertura 2012,2012,apertura,16,2012-10-14,T016,Gallos Blancos,T001,Cruz Azul,4,2,1,0,Estadio Corregidora,W,1,
1667,Apertura 2012,2012,apertura,16,2012-10-14,T004,Guadalajara,T013,FC Juárez,1,0,1,0,Estadio Akron,W,0,
1668,Apertura 2012,2012,apertura,16,2012-10-14,T012,Tijuana,T018,Dorados Sinaloa,0,4,0,2,Estadio Caliente,L,0,ALERTA: 'Dorados Sinaloa' → 'Mazatlán FC' (2020) — club_id T018
1669,Apertura 2012,2012,apertura,16,2012-10-14,T002,América,T007,Pumas UNAM,0,1,0,0,Estadio Azteca,L,0,
1670,Apertura 2012,2012,apertura,16,2012-10-14,T008,Club Atlas,T015,Necaxa,1,2,1,1,Estadio Jalisco,L,0,
1671,Apertura 2012,2012,apertura,16,2012-10-14,T017,La Franja,T010,Toluca,2,2,2,2,Estadio Cuauhtémoc,D,0,
1672,Apertura 2012,2012,apertura,17,2012-10-21,T010,Toluca,T002,CF América,1,2,0,1,Estadio Nemesio Díez,L,0,
1673,Apertura 2012,2012,apertura,17,2012-10-21,T015,Club Necaxa,T005,Tigres UANL,2,2,1,2,Estadio Victoria,D,0,
1674,Apertura 2012,2012,apertura,17,2012-10-21,T012,Tijuana,T009,Santos Laguna,0,3,0,2,Estadio Caliente,L,0,
1675,Apertura 2012,2012,apertura,17,2012-10-21,T008,Atlas,T004,Guadalajara,1,1,1,0,Estadio Jalisco,D,0,
1676,Apertura 2012,2012,apertura,17,2012-10-21,T018,Dorados Sinaloa,T014,A. San Luis,1,4,1,2,Estadio de Mazatlán,L,0,ALERTA: 'Dorados Sinaloa' → 'Mazatlán FC' (2020) — club_id T018
1677,Apertura 2012,2012,apertura,17,2012-10-21,T007,Pumas UNAM,T016,Querétaro FC,3,4,1,3,Estadio Olímpico Universitario,L,0,
1678,Apertura 2012,2012,apertura,17,2012-10-21,T017,Puebla FC,T013,FC Juárez,3,0,3,0,Estadio Cuauhtémoc,W,0,
1679,Apertura 2012,2012,apertura,17,2012-10-21,T011,Monarcas Morelia,T006,León FC,3,2,1,1,Estadio Morelos,W,0,ALERTA: 'Monarcas Morelia' renombrado 'Mazatlán FC' desde 2020 — mismo club_id T011
1680,Clausura 2013,2013,clausura,1,2013-01-01,T006,Club León,T003,Monterrey,2,1,0,0,Estadio León,W,0,
1681,Clausura 2013,2013,clausura,1,2013-01-01,T018,Dorados Sinaloa,T004,Deportivo Guadalajara,0,1,0,1,Estadio de Mazatlán,L,0,ALERTA: 'Dorados Sinaloa' → 'Mazatlán FC' (2020) — club_id T018
1682,Clausura 2013,2013,clausura,1,2013-01-01,T013,FC Juárez,T017,Club Puebla,3,2,1,0,Estadio Olímpico Benito Juárez,W,0,
1683,Clausura 2013,2013,clausura,1,2013-01-01,T015,Club Necaxa,T011,Monarcas Morelia,1,0,1,0,Estadio Victoria,W,0,ALERTA: 'Monarcas Morelia' renombrado 'Mazatlán FC' desde 2020 — mismo club_id T011
1684,Clausura 2013,2013,clausura,1,2013-01-01,T009,Santos Laguna,T008,Atlas,2,2,2,1,Estadio Corona,D,0,
1685,Clausura 2013,2013,clausura,1,2013-01-01,T014,San Luis,T016,Querétaro,1,3,0,3,Estadio Alfonso Lastras,L,0,
1686,Clausura 2013,2013,clausura,1,2013-01-01,T005,Tigres,T010,Deportivo Toluca,3,1,3,0,Estadio Universitario,W,0,
1687,Clausura 2013,2013,clausura,1,2013-01-01,T007,Pumas,T001,Cruz Azul,2,3,0,2,Estadio Olímpico Universitario,L,1,
1688,Clausura 2013,2013,clausura,2,2013-01-08,T009,Santos,T011,Monarcas Morelia,3,0,2,0,Estadio Corona,W,0,ALERTA: 'Monarcas Morelia' renombrado 'Mazatlán FC' desde 2020 — mismo club_id T011
1689,Clausura 2013,2013,clausura,2,2013-01-08,T013,FC Juárez,T015,Necaxa,1,0,0,0,Estadio Olímpico Benito Juárez,W,0,
1690,Clausura 2013,2013,clausura,2,2013-01-08,T012,Club Tijuana,T010,Deportivo Toluca,1,1,0,1,Estadio Caliente,D,0,
1691,Clausura 2013,2013,clausura,2,2013-01-08,T017,Club Puebla,T004,Guadalajara,0,1,0,0,Estadio Cuauhtémoc,L,0,
1692,Clausura 2013,2013,clausura,2,2013-01-08,T002,Club América,T006,Club León,0,1,0,1,Estadio Azteca,L,0,
1693,Clausura 2013,2013,clausura,2,2013-01-08,T018,Dorados Sinaloa,T007,Pumas UNAM,0,1,0,1,Estadio de Mazatlán,L,0,ALERTA: 'Dorados Sinaloa' → 'Mazatlán FC' (2020) — club_id T018
1694,Clausura 2013,2013,clausura,2,2013-01-08,T008,Atlas Guadalajara,T014,A. San Luis,0,1,0,1,Estadio Jalisco,L,0,
1695,Clausura 2013,2013,clausura,2,2013-01-08,T003,CF Monterrey,T001,C. Azul,1,0,0,0,Estadio BBVA,W,1,
1696,Clausura 2013,2013,clausura,3,2013-01-15,T004,Deportivo Guadalajara,T013,Bravos de Juárez,1,2,0,0,Estadio Akron,L,0,
1697,Clausura 2013,2013,clausura,3,2013-01-15,T007,UNAM Pumas,T009,Santos Laguna FC,1,2,1,2,Estadio Olímpico Universitario,L,0,
1698,Clausura 2013,2013,clausura,3,2013-01-15,T017,Puebla FC,T010,Toluca,1,0,1,0,Estadio Cuauhtémoc,W,0,
1699,Clausura 2013,2013,clausura,3,2013-01-15,T006,León,T015,Club Necaxa,4,2,1,0,Estadio León,W,0,
1700,Clausura 2013,2013,clausura,3,2013-01-15,T008,Atlas,T011,Monarcas Morelia,1,0,1,0,Estadio Jalisco,W,0,ALERTA: 'Monarcas Morelia' renombrado 'Mazatlán FC' desde 2020 — mismo club_id T011
1701,Clausura 2013,2013,clausura,3,2013-01-15,T018,Dorados Sinaloa,T016,Querétaro FC,3,1,1,1,Estadio de Mazatlán,W,0,ALERTA: 'Dorados Sinaloa' → 'Mazatlán FC' (2020) — club_id T018
1702,Clausura 2013,2013,clausura,3,2013-01-15,T002,CF América,T005,Tigres,1,0,1,0,Estadio Azteca,W,0,
1703,Clausura 2013,2013,clausura,3,2013-01-15,T014,Atlético San Luis,T003,Rayados,1,4,0,4,Estadio Alfonso Lastras,L,0,
1704,Clausura 2013,2013,clausura,4,2013-01-22,T001,Cruz Azul,T017,Club Puebla,2,0,0,0,Estadio Ciudad de los Deportes,W,1,
1705,Clausura 2013,2013,clausura,4,2013-01-22,T009,Santos Laguna FC,T012,Tijuana,1,0,0,0,Estadio Corona,W,0,
1706,Clausura 2013,2013,clausura,4,2013-01-22,T008,Club Atlas,T003,CF Monterrey,2,3,0,1,Estadio Jalisco,L,0,
1707,Clausura 2013,2013,clausura,4,2013-01-22,T011,Monarcas Morelia,T014,Atlético San Luis,0,0,0,0,Estadio Morelos,D,0,ALERTA: 'Monarcas Morelia' renombrado 'Mazatlán FC' desde 2020 — mismo club_id T011
1708,Clausura 2013,2013,clausura,4,2013-01-22,T002,América,T018,Dorados Sinaloa,3,2,1,0,Estadio Azteca,W,0,ALERTA: 'Dorados Sinaloa' → 'Mazatlán FC' (2020) — club_id T018
1709,Clausura 2013,2013,clausura,4,2013-01-22,T006,Club León,T015,Impulsora Necaxa,2,0,0,0,Estadio León,W,0,
1710,Clausura 2013,2013,clausura,4,2013-01-22,T004,Chivas,T005,UANL Tigres,2,2,1,0,Estadio Akron,D,0,
1711,Clausura 2013,2013,clausura,4,2013-01-22,T016,Gallos Blancos,T007,UNAM Pumas,0,1,0,1,Estadio Corregidora,L,0,
1712,Clausura 2013,2013,clausura,5,2013-01-29,T017,Puebla FC,T018,Dorados Sinaloa,1,0,0,0,Estadio Cuauhtémoc,W,0,ALERTA: 'Dorados Sinaloa' → 'Mazatlán FC' (2020) — club_id T018
1713,Clausura 2013,2013,clausura,5,2013-01-29,T016,Querétaro FC,T006,Club León,2,3,2,1,Estadio Corregidora,L,0,
1714,Clausura 2013,2013,clausura,5,2013-01-29,T005,UANL Tigres,T004,Guadalajara,3,0,3,0,Estadio Universitario,W,0,
1715,Clausura 2013,2013,clausura,5,2013-01-29,T009,Santos,T014,San Luis,3,2,1,1,Estadio Corona,W,0,
1716,Clausura 2013,2013,clausura,5,2013-01-29,T012,Tijuana,T001,C. Azul,0,2,0,0,Estadio Caliente,L,1,
1717,Clausura 2013,2013,clausura,5,2013-01-29,T007,Pumas UNAM,T003,Rayados,4,0,0,0,Estadio Olímpico Universitario,W,0,
1718,Clausura 2013,2013,clausura,5,2013-01-29,T011,Monarcas Morelia,T008,Club Atlas,1,4,0,4,Estadio Morelos,L,0,ALERTA: 'Monarcas Morelia' renombrado 'Mazatlán FC' desde 2020 — mismo club_id T011
1719,Clausura 2013,2013,clausura,5,2013-01-29,T013,FC Juárez,T002,CF América,2,3,2,3,Estadio Olímpico Benito Juárez,L,0,
1720,Clausura 2013,2013,clausura,6,2013-02-05,T017,Puebla FC,T011,Monarcas Morelia,1,2,1,2,Estadio Cuauhtémoc,L,0,ALERTA: 'Monarcas Morelia' renombrado 'Mazatlán FC' desde 2020 — mismo club_id T011
1721,Clausura 2013,2013,clausura,6,2013-02-05,T007,Pumas UNAM,T004,Deportivo Guadalajara,0,1,0,1,Estadio Olímpico Universitario,L,0,
1722,Clausura 2013,2013,clausura,6,2013-02-05,T009,Santos Laguna FC,T012,Tijuana,0,1,0,1,Estadio Corona,L,0,
1723,Clausura 2013,2013,clausura,6,2013-02-05,T002,Club América,T006,León,0,1,0,1,Estadio Azteca,L,0,
1724,Clausura 2013,2013,clausura,6,2013-02-05,T014,A. San Luis,T005,UANL Tigres,4,1,0,1,Estadio Alfonso Lastras,W,0,
1725,Clausura 2013,2013,clausura,6,2013-02-05,T001,C. Azul,T010,Deportivo Toluca,0,1,0,1,Estadio Ciudad de los Deportes,L,1,
1726,Clausura 2013,2013,clausura,6,2013-02-05,T008,Atlas Guadalajara,T016,Querétaro FC,4,2,3,0,Estadio Jalisco,W,0,
1727,Clausura 2013,2013,clausura,6,2013-02-05,T015,Impulsora Necaxa,T003,Rayados,1,2,0,1,Estadio Victoria,L,0,
1728,Clausura 2013,2013,clausura,7,2013-02-12,T016,Gallos Blancos,T015,Club Necaxa,1,0,1,0,Estadio Corregidora,W,0,
1729,Clausura 2013,2013,clausura,7,2013-02-12,T003,Rayados,T018,Dorados Sinaloa,0,2,0,0,Estadio BBVA,L,0,ALERTA: 'Dorados Sinaloa' → 'Mazatlán FC' (2020) — club_id T018
1730,Clausura 2013,2013,clausura,7,2013-02-12,T007,UNAM Pumas,T009,Santos Laguna FC,4,0,2,0,Estadio Olímpico Universitario,W,0,
1731,Clausura 2013,2013,clausura,7,2013-02-12,T012,Tijuana,T001,Cruz Azul,0,2,0,0,Estadio Caliente,L,1,
1732,Clausura 2013,2013,clausura,7,2013-02-12,T004,Guadalajara,T005,Tigres UANL,1,0,0,0,Estadio Akron,W,0,
1733,Clausura 2013,2013,clausura,7,2013-02-12,T008,Club Atlas,T013,Bravos de Juárez,1,0,1,0,Estadio Jalisco,W,0,
1734,Clausura 2013,2013,clausura,7,2013-02-12,T017,Club Puebla,T011,Monarcas Morelia,1,3,1,1,Estadio Cuauhtémoc,L,0,ALERTA: 'Monarcas Morelia' renombrado 'Mazatlán FC' desde 2020 — mismo club_id T011
1735,Clausura 2013,2013,clausura,7,2013-02-12,T006,León FC,T002,Club América,1,3,1,3,Estadio León,L,0,
1736,Clausura 2013,2013,clausura,8,2013-02-19,T006,León,T012,Tijuana,1,1,0,1,Estadio León,D,0,
1737,Clausura 2013,2013,clausura,8,2013-02-19,T017,Club Puebla,T004,Guadalajara,1,1,0,1,Estadio Cuauhtémoc,D,0,
1738,Clausura 2013,2013,clausura,8,2013-02-19,T003,Rayados,T013,Bravos de Juárez,3,0,2,0,Estadio BBVA,W,0,
1739,Clausura 2013,2013,clausura,8,2013-02-19,T016,Querétaro FC,T015,Club Necaxa,0,0,0,0,Estadio Corregidora,D,0,
1740,Clausura 2013,2013,clausura,8,2013-02-19,T011,Monarcas Morelia,T007,Pumas UNAM,4,1,4,1,Estadio Morelos,W,0,ALERTA: 'Monarcas Morelia' renombrado 'Mazatlán FC' desde 2020 — mismo club_id T011
1741,Clausura 2013,2013,clausura,8,2013-02-19,T018,Dorados Sinaloa,T009,Santos Laguna,1,0,1,0,Estadio de Mazatlán,W,0,ALERTA: 'Dorados Sinaloa' → 'Mazatlán FC' (2020) — club_id T018
1742,Clausura 2013,2013,clausura,8,2013-02-19,T008,Club Atlas,T001,C. Azul,1,0,0,0,Estadio Jalisco,W,1,
1743,Clausura 2013,2013,clausura,8,2013-02-19,T014,Atlético San Luis,T010,Toluca,2,4,2,1,Estadio Alfonso Lastras,L,0,
1744,Clausura 2013,2013,clausura,9,2013-02-26,T002,América,T008,Atlas,1,1,1,0,Estadio Azteca,D,0,
1745,Clausura 2013,2013,clausura,9,2013-02-26,T010,Deportivo Toluca,T001,C. Azul,1,2,0,2,Estadio Nemesio Díez,L,1,
1746,Clausura 2013,2013,clausura,9,2013-02-26,T014,Atlético San Luis,T004,Guadalajara,0,0,0,0,Estadio Alfonso Lastras,D,0,
1747,Clausura 2013,2013,clausura,9,2013-02-26,T012,Xoloitzcuintles,T015,Necaxa,1,0,0,0,Estadio Caliente,W,0,
1748,Clausura 2013,2013,clausura,9,2013-02-26,T018,Dorados Sinaloa,T009,Santos Laguna,3,3,0,3,Estadio de Mazatlán,D,0,ALERTA: 'Dorados Sinaloa' → 'Mazatlán FC' (2020) — club_id T018
1749,Clausura 2013,2013,clausura,9,2013-02-26,T007,Pumas UNAM,T016,Querétaro,1,2,0,0,Estadio Olímpico Universitario,L,0,
1750,Clausura 2013,2013,clausura,9,2013-02-26,T011,Monarcas Morelia,T006,León FC,0,1,0,1,Estadio Morelos,L,0,ALERTA: 'Monarcas Morelia' renombrado 'Mazatlán FC' desde 2020 — mismo club_id T011
1751,Clausura 2013,2013,clausura,9,2013-02-26,T003,CF Monterrey,T005,UANL Tigres,4,4,1,0,Estadio BBVA,D,0,
1752,Clausura 2013,2013,clausura,10,2013-03-05,T012,Club Tijuana,T015,Club Necaxa,2,3,0,3,Estadio Caliente,L,0,
1753,Clausura 2013,2013,clausura,10,2013-03-05,T004,Guadalajara,T010,Toluca FC,0,4,0,3,Estadio Akron,L,0,
1754,Clausura 2013,2013,clausura,10,2013-03-05,T002,CF América,T018,Dorados Sinaloa,0,1,0,0,Estadio Azteca,L,0,ALERTA: 'Dorados Sinaloa' → 'Mazatlán FC' (2020) — club_id T018
1755,Clausura 2013,2013,clausura,10,2013-03-05,T006,León,T001,Cruz Azul,3,0,2,0,Estadio León,W,1,
1756,Clausura 2013,2013,clausura,10,2013-03-05,T013,FC Juárez,T005,UANL Tigres,1,4,1,2,Estadio Olímpico Benito Juárez,L,0,
1757,Clausura 2013,2013,clausura,10,2013-03-05,T008,Atlas,T011,Monarcas Morelia,4,4,2,1,Estadio Jalisco,D,0,ALERTA: 'Monarcas Morelia' renombrado 'Mazatlán FC' desde 2020 — mismo club_id T011
1758,Clausura 2013,2013,clausura,10,2013-03-05,T003,CF Monterrey,T007,Pumas,3,2,3,1,Estadio BBVA,W,0,
1759,Clausura 2013,2013,clausura,10,2013-03-05,T014,Atlético San Luis,T009,Santos,2,3,0,2,Estadio Alfonso Lastras,L,0,
1760,Clausura 2013,2013,clausura,11,2013-03-12,T012,Tijuana,T011,Monarcas Morelia,2,3,1,2,Estadio Caliente,L,0,ALERTA: 'Monarcas Morelia' renombrado 'Mazatlán FC' desde 2020 — mismo club_id T011
1761,Clausura 2013,2013,clausura,11,2013-03-12,T013,Juárez,T004,Chivas,4,0,2,0,Estadio Olímpico Benito Juárez,W,0,
1762,Clausura 2013,2013,clausura,11,2013-03-12,T005,UANL Tigres,T008,Atlas Guadalajara,3,0,1,0,Estadio Universitario,W,0,
1763,Clausura 2013,2013,clausura,11,2013-03-12,T014,A. San Luis,T010,Toluca FC,1,4,0,0,Estadio Alfonso Lastras,L,0,
1764,Clausura 2013,2013,clausura,11,2013-03-12,T006,León FC,T017,La Franja,2,4,2,3,Estadio León,L,0,
1765,Clausura 2013,2013,clausura,11,2013-03-12,T003,CF Monterrey,T001,C. Azul,1,2,1,0,Estadio BBVA,L,1,
1766,Clausura 2013,2013,clausura,11,2013-03-12,T007,UNAM Pumas,T015,Necaxa,4,2,2,1,Estadio Olímpico Universitario,W,0,
1767,Clausura 2013,2013,clausura,11,2013-03-12,T002,América,T009,Santos Laguna,2,4,1,2,Estadio Azteca,L,0,
1768,Clausura 2013,2013,clausura,12,2013-03-19,T001,C. Azul,T004,Guadalajara,0,2,0,1,Estadio Ciudad de los Deportes,L,1,
1769,Clausura 2013,2013,clausura,12,2013-03-19,T009,Santos,T002,CF América,3,0,3,0,Estadio Corona,W,0,
1770,Clausura 2013,2013,clausura,12,2013-03-19,T018,Dorados Sinaloa,T006,Club León,2,0,2,0,Estadio de Mazatlán,W,0,ALERTA: 'Dorados Sinaloa' → 'Mazatlán FC' (2020) — club_id T018
1771,Clausura 2013,2013,clausura,12,2013-03-19,T012,Tijuana,T017,Puebla FC,1,1,0,0,Estadio Caliente,D,0,
1772,Clausura 2013,2013,clausura,12,2013-03-19,T008,Atlas Guadalajara,T014,San Luis,1,1,1,0,Estadio Jalisco,D,0,
1773,Clausura 2013,2013,clausura,12,2013-03-19,T007,Pumas,T013,Juárez,2,0,1,0,Estadio Olímpico Universitario,W,0,
1774,Clausura 2013,2013,clausura,12,2013-03-19,T011,Monarcas Morelia,T005,UANL Tigres,2,0,2,0,Estadio Morelos,W,0,ALERTA: 'Monarcas Morelia' renombrado 'Mazatlán FC' desde 2020 — mismo club_id T011
1775,Clausura 2013,2013,clausura,12,2013-03-19,T003,CF Monterrey,T015,Impulsora Necaxa,1,4,1,2,Estadio BBVA,L,0,
1776,Clausura 2013,2013,clausura,13,2013-03-26,T013,Bravos de Juárez,T007,Pumas,2,2,1,0,Estadio Olímpico Benito Juárez,D,0,
1777,Clausura 2013,2013,clausura,13,2013-03-26,T003,Monterrey,T011,Monarcas Morelia,2,2,1,1,Estadio BBVA,D,0,ALERTA: 'Monarcas Morelia' renombrado 'Mazatlán FC' desde 2020 — mismo club_id T011
1778,Clausura 2013,2013,clausura,13,2013-03-26,T002,América,T006,Club León,0,1,0,0,Estadio Azteca,L,0,
1779,Clausura 2013,2013,clausura,13,2013-03-26,T015,Necaxa,T016,Gallos Blancos,0,0,0,0,Estadio Victoria,D,0,
1780,Clausura 2013,2013,clausura,13,2013-03-26,T009,Santos,T012,Xoloitzcuintles,2,0,2,0,Estadio Corona,W,0,
1781,Clausura 2013,2013,clausura,13,2013-03-26,T017,La Franja,T001,Cruz Azul FC,1,1,0,1,Estadio Cuauhtémoc,D,1,
1782,Clausura 2013,2013,clausura,13,2013-03-26,T014,Atlético San Luis,T018,Dorados Sinaloa,0,0,0,0,Estadio Alfonso Lastras,D,0,ALERTA: 'Dorados Sinaloa' → 'Mazatlán FC' (2020) — club_id T018
1783,Clausura 2013,2013,clausura,13,2013-03-26,T004,Guadalajara,T010,Deportivo Toluca,2,4,2,0,Estadio Akron,L,0,
1784,Clausura 2013,2013,clausura,14,2013-04-02,T014,San Luis,T006,León,1,1,1,0,Estadio Alfonso Lastras,D,0,
1785,Clausura 2013,2013,clausura,14,2013-04-02,T011,Monarcas Morelia,T001,C. Azul,4,1,2,0,Estadio Morelos,W,1,ALERTA: 'Monarcas Morelia' renombrado 'Mazatlán FC' desde 2020 — mismo club_id T011
1786,Clausura 2013,2013,clausura,14,2013-04-02,T002,CF América,T010,Deportivo Toluca,4,0,4,0,Estadio Azteca,W,0,
1787,Clausura 2013,2013,clausura,14,2013-04-02,T009,Santos,T017,Club Puebla,2,0,2,0,Estadio Corona,W,0,
1788,Clausura 2013,2013,clausura,14,2013-04-02,T012,Xoloitzcuintles,T004,Guadalajara,1,3,0,2,Estadio Caliente,L,0,
1789,Clausura 2013,2013,clausura,14,2013-04-02,T018,Dorados Sinaloa,T015,Club Necaxa,3,0,1,0,Estadio de Mazatlán,W,0,ALERTA: 'Dorados Sinaloa' → 'Mazatlán FC' (2020) — club_id T018
1790,Clausura 2013,2013,clausura,14,2013-04-02,T016,Querétaro FC,T008,Atlas,2,0,1,0,Estadio Corregidora,W,0,
1791,Clausura 2013,2013,clausura,14,2013-04-02,T003,Rayados,T007,Pumas,2,2,0,1,Estadio BBVA,D,0,
1792,Clausura 2013,2013,clausura,15,2013-04-09,T007,Pumas UNAM,T003,Monterrey,2,3,1,3,Estadio Olímpico Universitario,L,0,
1793,Clausura 2013,2013,clausura,15,2013-04-09,T001,Cruz Azul FC,T008,Club Atlas,3,2,3,1,Estadio Ciudad de los Deportes,W,1,
1794,Clausura 2013,2013,clausura,15,2013-04-09,T005,UANL Tigres,T009,Santos Laguna,0,0,0,0,Estadio Universitario,D,0,
1795,Clausura 2013,2013,clausura,15,2013-04-09,T013,FC Juárez,T002,CF América,1,1,1,1,Estadio Olímpico Benito Juárez,D,0,
1796,Clausura 2013,2013,clausura,15,2013-04-09,T010,Toluca,T014,A. San Luis,1,2,1,0,Estadio Nemesio Díez,L,0,
1797,Clausura 2013,2013,clausura,15,2013-04-09,T017,Puebla FC,T012,Tijuana,0,2,0,0,Estadio Cuauhtémoc,L,0,
1798,Clausura 2013,2013,clausura,15,2013-04-09,T015,Necaxa,T011,Monarcas Morelia,2,1,0,1,Estadio Victoria,W,0,ALERTA: 'Monarcas Morelia' renombrado 'Mazatlán FC' desde 2020 — mismo club_id T011
1799,Clausura 2013,2013,clausura,15,2013-04-09,T006,León,T004,Guadalajara,4,0,4,0,Estadio León,W,0,
1800,Clausura 2013,2013,clausura,16,2013-04-16,T004,Deportivo Guadalajara,T018,Dorados Sinaloa,0,1,0,1,Estadio Akron,L,0,ALERTA: 'Dorados Sinaloa' → 'Mazatlán FC' (2020) — club_id T018
1801,Clausura 2013,2013,clausura,16,2013-04-16,T009,Santos Laguna FC,T005,UANL Tigres,3,0,2,0,Estadio Corona,W,0,
1802,Clausura 2013,2013,clausura,16,2013-04-16,T001,Cruz Azul FC,T002,América,2,1,2,1,Estadio Ciudad de los Deportes,W,1,
1803,Clausura 2013,2013,clausura,16,2013-04-16,T017,La Franja,T008,Atlas,2,3,0,3,Estadio Cuauhtémoc,L,0,
1804,Clausura 2013,2013,clausura,16,2013-04-16,T012,Tijuana,T015,Necaxa,1,2,1,0,Estadio Caliente,L,0,
1805,Clausura 2013,2013,clausura,16,2013-04-16,T003,Rayados,T007,Pumas,2,1,0,0,Estadio BBVA,W,0,
1806,Clausura 2013,2013,clausura,16,2013-04-16,T013,FC Juárez,T014,A. San Luis,4,0,2,0,Estadio Olímpico Benito Juárez,W,0,
1807,Clausura 2013,2013,clausura,16,2013-04-16,T011,Monarcas Morelia,T010,Toluca FC,2,1,0,1,Estadio Morelos,W,0,ALERTA: 'Monarcas Morelia' renombrado 'Mazatlán FC' desde 2020 — mismo club_id T011
1808,Clausura 2013,2013,clausura,17,2013-04-23,T003,Rayados,T016,Querétaro FC,1,3,1,3,Estadio BBVA,L,0,
1809,Clausura 2013,2013,clausura,17,2013-04-23,T015,Impulsora Necaxa,T008,Atlas,2,3,2,3,Estadio Victoria,L,0,
1810,Clausura 2013,2013,clausura,17,2013-04-23,T013,Juárez,T009,Santos,3,4,2,0,Estadio Olímpico Benito Juárez,L,0,
1811,Clausura 2013,2013,clausura,17,2013-04-23,T010,Toluca FC,T007,Pumas,1,4,0,0,Estadio Nemesio Díez,L,0,
1812,Clausura 2013,2013,clausura,17,2013-04-23,T012,Xoloitzcuintles,T017,Club Puebla,2,1,1,1,Estadio Caliente,W,0,
1813,Clausura 2013,2013,clausura,17,2013-04-23,T001,C. Azul,T014,San Luis,1,2,1,1,Estadio Ciudad de los Deportes,L,1,
1814,Clausura 2013,2013,clausura,17,2013-04-23,T018,Dorados Sinaloa,T002,Club América,3,2,3,1,Estadio de Mazatlán,W,0,ALERTA: 'Dorados Sinaloa' → 'Mazatlán FC' (2020) — club_id T018
1815,Clausura 2013,2013,clausura,17,2013-04-23,T006,León,T005,Tigres UANL,0,0,0,0,Estadio León,D,0,
1816,Apertura 2013,2013,apertura,1,2013-07-01,T013,FC Juárez,T009,Santos,4,1,3,0,Estadio Olímpico Benito Juárez,W,0,
1817,Apertura 2013,2013,apertura,1,2013-07-01,T016,Querétaro,T011,Monarcas Morelia,1,3,1,1,Estadio Corregidora,L,0,ALERTA: 'Monarcas Morelia' renombrado 'Mazatlán FC' desde 2020 — mismo club_id T011
1818,Apertura 2013,2013,apertura,1,2013-07-01,T014,Atlético San Luis,T015,Impulsora Necaxa,2,4,2,4,Estadio Alfonso Lastras,L,0,
1819,Apertura 2013,2013,apertura,1,2013-07-01,T006,León,T012,Tijuana,3,1,1,0,Estadio León,W,0,
1820,Apertura 2013,2013,apertura,1,2013-07-01,T002,CF América,T003,CF Monterrey,1,1,0,1,Estadio Azteca,D,0,
1821,Apertura 2013,2013,apertura,1,2013-07-01,T007,Pumas,T017,Club Puebla,1,0,0,0,Estadio Olímpico Universitario,W,0,
1822,Apertura 2013,2013,apertura,1,2013-07-01,T010,Toluca FC,T018,Dorados Sinaloa,0,2,0,0,Estadio Nemesio Díez,L,0,ALERTA: 'Dorados Sinaloa' → 'Mazatlán FC' (2020) — club_id T018
1823,Apertura 2013,2013,apertura,1,2013-07-01,T004,Guadalajara,T008,Atlas,1,3,1,3,Estadio Akron,L,0,
1824,Apertura 2013,2013,apertura,2,2013-07-08,T002,América,T011,Monarcas Morelia,2,4,0,0,Estadio Azteca,L,0,ALERTA: 'Monarcas Morelia' renombrado 'Mazatlán FC' desde 2020 — mismo club_id T011
1825,Apertura 2013,2013,apertura,2,2013-07-08,T006,León,T009,Santos,2,1,2,1,Estadio León,W,0,
1826,Apertura 2013,2013,apertura,2,2013-07-08,T017,Puebla FC,T005,Tigres UANL,1,1,0,1,Estadio Cuauhtémoc,D,0,
1827,Apertura 2013,2013,apertura,2,2013-07-08,T003,CF Monterrey,T014,San Luis,1,1,1,1,Estadio BBVA,D,0,
1828,Apertura 2013,2013,apertura,2,2013-07-08,T013,FC Juárez,T015,Club Necaxa,4,4,1,1,Estadio Olímpico Benito Juárez,D,0,
1829,Apertura 2013,2013,apertura,2,2013-07-08,T012,Xoloitzcuintles,T016,Gallos Blancos,2,1,1,1,Estadio Caliente,W,0,
1830,Apertura 2013,2013,apertura,2,2013-07-08,T001,Cruz Azul,T008,Atlas,2,1,0,0,Estadio Ciudad de los Deportes,W,1,
1831,Apertura 2013,2013,apertura,2,2013-07-08,T018,Dorados Sinaloa,T010,Deportivo Toluca,1,0,0,0,Estadio de Mazatlán,W,0,ALERTA: 'Dorados Sinaloa' → 'Mazatlán FC' (2020) — club_id T018
1832,Apertura 2013,2013,apertura,3,2013-07-15,T008,Club Atlas,T006,Club León,1,1,1,0,Estadio Jalisco,D,0,
1833,Apertura 2013,2013,apertura,3,2013-07-15,T004,Guadalajara,T002,CF América,2,1,2,1,Estadio Akron,W,0,
1834,Apertura 2013,2013,apertura,3,2013-07-15,T014,A. San Luis,T011,Monarcas Morelia,1,1,0,0,Estadio Alfonso Lastras,D,0,ALERTA: 'Monarcas Morelia' renombrado 'Mazatlán FC' desde 2020 — mismo club_id T011
1835,Apertura 2013,2013,apertura,3,2013-07-15,T010,Toluca,T007,Pumas UNAM,3,0,0,0,Estadio Nemesio Díez,W,0,
1836,Apertura 2013,2013,apertura,3,2013-07-15,T017,Club Puebla,T012,Xoloitzcuintles,1,2,0,0,Estadio Cuauhtémoc,L,0,
1837,Apertura 2013,2013,apertura,3,2013-07-15,T018,Dorados Sinaloa,T016,Gallos Blancos,2,1,2,1,Estadio de Mazatlán,W,0,ALERTA: 'Dorados Sinaloa' → 'Mazatlán FC' (2020) — club_id T018
1838,Apertura 2013,2013,apertura,3,2013-07-15,T009,Santos,T001,Cruz Azul,2,0,1,0,Estadio Corona,W,1,
1839,Apertura 2013,2013,apertura,3,2013-07-15,T005,Tigres UANL,T003,Monterrey,2,0,1,0,Estadio Universitario,W,0,
1840,Apertura 2013,2013,apertura,4,2013-07-22,T005,UANL Tigres,T017,Puebla FC,3,1,3,1,Estadio Universitario,W,0,
1841,Apertura 2013,2013,apertura,4,2013-07-22,T002,CF América,T008,Atlas Guadalajara,1,1,0,1,Estadio Azteca,D,0,
1842,Apertura 2013,2013,apertura,4,2013-07-22,T004,Chivas,T012,Tijuana,1,3,0,0,Estadio Akron,L,0,
1843,Apertura 2013,2013,apertura,4,2013-07-22,T016,Gallos Blancos,T015,Impulsora Necaxa,2,4,2,1,Estadio Corregidora,L,0,
1844,Apertura 2013,2013,apertura,4,2013-07-22,T014,A. San Luis,T011,Monarcas Morelia,0,2,0,1,Estadio Alfonso Lastras,L,0,ALERTA: 'Monarcas Morelia' renombrado 'Mazatlán FC' desde 2020 — mismo club_id T011
1845,Apertura 2013,2013,apertura,4,2013-07-22,T001,Cruz Azul,T010,Deportivo Toluca,2,4,1,3,Estadio Ciudad de los Deportes,L,1,
1846,Apertura 2013,2013,apertura,4,2013-07-22,T009,Santos Laguna,T013,Bravos de Juárez,4,0,0,0,Estadio Corona,W,0,
1847,Apertura 2013,2013,apertura,4,2013-07-22,T007,Pumas,T006,León FC,0,2,0,0,Estadio Olímpico Universitario,L,0,
1848,Apertura 2013,2013,apertura,5,2013-07-29,T015,Club Necaxa,T002,América,3,4,1,2,Estadio Victoria,L,0,
1849,Apertura 2013,2013,apertura,5,2013-07-29,T004,Deportivo Guadalajara,T009,Santos Laguna,2,0,0,0,Estadio Akron,W,0,
1850,Apertura 2013,2013,apertura,5,2013-07-29,T001,Cruz Azul FC,T016,Gallos Blancos,1,2,0,0,Estadio Ciudad de los Deportes,L,1,
1851,Apertura 2013,2013,apertura,5,2013-07-29,T017,La Franja,T007,Pumas,2,1,2,1,Estadio Cuauhtémoc,W,0,
1852,Apertura 2013,2013,apertura,5,2013-07-29,T008,Club Atlas,T012,Tijuana,3,0,1,0,Estadio Jalisco,W,0,
1853,Apertura 2013,2013,apertura,5,2013-07-29,T010,Toluca,T005,Tigres UANL,2,2,1,0,Estadio Nemesio Díez,D,0,
1854,Apertura 2013,2013,apertura,5,2013-07-29,T011,Monarcas Morelia,T003,Monterrey,1,2,0,0,Estadio Morelos,L,0,ALERTA: 'Monarcas Morelia' renombrado 'Mazatlán FC' desde 2020 — mismo club_id T011
1855,Apertura 2013,2013,apertura,5,2013-07-29,T013,Bravos de Juárez,T006,León FC,2,0,1,0,Estadio Olímpico Benito Juárez,W,0,
1856,Apertura 2013,2013,apertura,6,2013-08-05,T011,Monarcas Morelia,T005,UANL Tigres,2,0,1,0,Estadio Morelos,W,0,ALERTA: 'Monarcas Morelia' renombrado 'Mazatlán FC' desde 2020 — mismo club_id T011
1857,Apertura 2013,2013,apertura,6,2013-08-05,T001,Cruz Azul FC,T003,CF Monterrey,3,0,1,0,Estadio Ciudad de los Deportes,W,1,
1858,Apertura 2013,2013,apertura,6,2013-08-05,T008,Club Atlas,T007,Pumas,1,0,0,0,Estadio Jalisco,W,0,
1859,Apertura 2013,2013,apertura,6,2013-08-05,T015,Club Necaxa,T013,Juárez,3,3,2,3,Estadio Victoria,D,0,
1860,Apertura 2013,2013,apertura,6,2013-08-05,T016,Querétaro FC,T006,Club León,0,0,0,0,Estadio Corregidora,D,0,
1861,Apertura 2013,2013,apertura,6,2013-08-05,T018,Dorados Sinaloa,T010,Toluca,1,1,1,1,Estadio de Mazatlán,D,0,ALERTA: 'Dorados Sinaloa' → 'Mazatlán FC' (2020) — club_id T018
1862,Apertura 2013,2013,apertura,6,2013-08-05,T017,Puebla FC,T002,América,2,4,1,4,Estadio Cuauhtémoc,L,0,
1863,Apertura 2013,2013,apertura,6,2013-08-05,T014,Atlético San Luis,T012,Xoloitzcuintles,3,0,1,0,Estadio Alfonso Lastras,W,0,
1864,Apertura 2013,2013,apertura,7,2013-08-12,T002,América,T013,FC Juárez,1,1,1,1,Estadio Azteca,D,0,
1865,Apertura 2013,2013,apertura,7,2013-08-12,T005,Tigres,T016,Querétaro,3,0,1,0,Estadio Universitario,W,0,
1866,Apertura 2013,2013,apertura,7,2013-08-12,T011,Monarcas Morelia,T009,Santos Laguna,0,1,0,1,Estadio Morelos,L,0,ALERTA: 'Monarcas Morelia' renombrado 'Mazatlán FC' desde 2020 — mismo club_id T011
1867,Apertura 2013,2013,apertura,7,2013-08-12,T006,León,T014,Atlético San Luis,0,1,0,1,Estadio León,L,0,
1868,Apertura 2013,2013,apertura,7,2013-08-12,T007,Pumas,T001,Cruz Azul FC,4,0,2,0,Estadio Olímpico Universitario,W,1,
1869,Apertura 2013,2013,apertura,7,2013-08-12,T008,Atlas Guadalajara,T004,Guadalajara,1,1,1,1,Estadio Jalisco,D,0,
1870,Apertura 2013,2013,apertura,7,2013-08-12,T010,Toluca FC,T003,Monterrey,1,0,1,0,Estadio Nemesio Díez,W,0,
1871,Apertura 2013,2013,apertura,7,2013-08-12,T018,Dorados Sinaloa,T015,Impulsora Necaxa,0,3,0,1,Estadio de Mazatlán,L,0,ALERTA: 'Dorados Sinaloa' → 'Mazatlán FC' (2020) — club_id T018
1872,Apertura 2013,2013,apertura,8,2013-08-19,T001,Cruz Azul,T009,Santos Laguna,3,1,2,1,Estadio Ciudad de los Deportes,W,1,
1873,Apertura 2013,2013,apertura,8,2013-08-19,T005,UANL Tigres,T002,CF América,2,4,0,1,Estadio Universitario,L,0,
1874,Apertura 2013,2013,apertura,8,2013-08-19,T014,San Luis,T008,Atlas,2,3,0,2,Estadio Alfonso Lastras,L,0,
1875,Apertura 2013,2013,apertura,8,2013-08-19,T015,Impulsora Necaxa,T016,Querétaro,2,2,0,2,Estadio Victoria,D,0,
1876,Apertura 2013,2013,apertura,8,2013-08-19,T007,Pumas,T010,Toluca FC,2,0,2,0,Estadio Olímpico Universitario,W,0,
1877,Apertura 2013,2013,apertura,8,2013-08-19,T013,Juárez,T004,Chivas,2,3,1,0,Estadio Olímpico Benito Juárez,L,0,
1878,Apertura 2013,2013,apertura,8,2013-08-19,T011,Monarcas Morelia,T017,La Franja,2,2,0,2,Estadio Morelos,D,0,ALERTA: 'Monarcas Morelia' renombrado 'Mazatlán FC' desde 2020 — mismo club_id T011
1879,Apertura 2013,2013,apertura,8,2013-08-19,T012,Tijuana,T018,Dorados Sinaloa,1,0,1,0,Estadio Caliente,W,0,ALERTA: 'Dorados Sinaloa' → 'Mazatlán FC' (2020) — club_id T018
1880,Apertura 2013,2013,apertura,9,2013-08-26,T002,Club América,T006,León,1,2,0,1,Estadio Azteca,L,0,
1881,Apertura 2013,2013,apertura,9,2013-08-26,T013,Bravos de Juárez,T011,Monarcas Morelia,1,4,1,1,Estadio Olímpico Benito Juárez,L,0,ALERTA: 'Monarcas Morelia' renombrado 'Mazatlán FC' desde 2020 — mismo club_id T011
1882,Apertura 2013,2013,apertura,9,2013-08-26,T008,Atlas,T012,Club Tijuana,2,2,1,2,Estadio Jalisco,D,0,
1883,Apertura 2013,2013,apertura,9,2013-08-26,T004,Deportivo Guadalajara,T014,A. San Luis,0,1,0,1,Estadio Akron,L,0,
1884,Apertura 2013,2013,apertura,9,2013-08-26,T017,Puebla FC,T001,Cruz Azul FC,0,3,0,3,Estadio Cuauhtémoc,L,1,
1885,Apertura 2013,2013,apertura,9,2013-08-26,T015,Club Necaxa,T009,Santos Laguna,2,0,0,0,Estadio Victoria,W,0,
1886,Apertura 2013,2013,apertura,9,2013-08-26,T010,Toluca,T016,Querétaro,3,1,0,1,Estadio Nemesio Díez,W,0,
1887,Apertura 2013,2013,apertura,9,2013-08-26,T007,Pumas,T003,CF Monterrey,2,1,1,0,Estadio Olímpico Universitario,W,0,
1888,Apertura 2013,2013,apertura,10,2013-09-02,T016,Querétaro,T010,Deportivo Toluca,2,1,1,0,Estadio Corregidora,W,0,
1889,Apertura 2013,2013,apertura,10,2013-09-02,T003,Monterrey,T001,Cruz Azul FC,2,0,2,0,Estadio BBVA,W,1,
1890,Apertura 2013,2013,apertura,10,2013-09-02,T002,CF América,T005,Tigres,1,2,1,0,Estadio Azteca,L,0,
1891,Apertura 2013,2013,apertura,10,2013-09-02,T009,Santos Laguna FC,T018,Dorados Sinaloa,0,2,0,0,Estadio Corona,L,0,ALERTA: 'Dorados Sinaloa' → 'Mazatlán FC' (2020) — club_id T018
1892,Apertura 2013,2013,apertura,10,2013-09-02,T015,Impulsora Necaxa,T011,Monarcas Morelia,3,1,3,0,Estadio Victoria,W,0,ALERTA: 'Monarcas Morelia' renombrado 'Mazatlán FC' desde 2020 — mismo club_id T011
1893,Apertura 2013,2013,apertura,10,2013-09-02,T008,Atlas Guadalajara,T012,Club Tijuana,0,4,0,0,Estadio Jalisco,L,0,
1894,Apertura 2013,2013,apertura,10,2013-09-02,T013,Bravos de Juárez,T014,Atlético San Luis,4,1,3,1,Estadio Olímpico Benito Juárez,W,0,
1895,Apertura 2013,2013,apertura,10,2013-09-02,T017,Puebla FC,T006,Club León,1,0,0,0,Estadio Cuauhtémoc,W,0,
1896,Apertura 2013,2013,apertura,11,2013-09-09,T006,Club León,T002,Club América,2,0,1,0,Estadio León,W,0,
1897,Apertura 2013,2013,apertura,11,2013-09-09,T007,Pumas,T012,Club Tijuana,0,1,0,0,Estadio Olímpico Universitario,L,0,
1898,Apertura 2013,2013,apertura,11,2013-09-09,T011,Monarcas Morelia,T015,Club Necaxa,2,1,0,1,Estadio Morelos,W,0,ALERTA: 'Monarcas Morelia' renombrado 'Mazatlán FC' desde 2020 — mismo club_id T011
1899,Apertura 2013,2013,apertura,11,2013-09-09,T009,Santos Laguna FC,T010,Toluca,0,0,0,0,Estadio Corona,D,0,
1900,Apertura 2013,2013,apertura,11,2013-09-09,T018,Dorados Sinaloa,T003,Rayados,3,2,0,0,Estadio de Mazatlán,W,0,ALERTA: 'Dorados Sinaloa' → 'Mazatlán FC' (2020) — club_id T018
1901,Apertura 2013,2013,apertura,11,2013-09-09,T005,UANL Tigres,T001,Cruz Azul,3,0,1,0,Estadio Universitario,W,1,
1902,Apertura 2013,2013,apertura,11,2013-09-09,T014,A. San Luis,T013,Juárez,2,4,0,0,Estadio Alfonso Lastras,L,0,
1903,Apertura 2013,2013,apertura,11,2013-09-09,T008,Atlas Guadalajara,T004,Deportivo Guadalajara,3,3,0,2,Estadio Jalisco,D,0,
1904,Apertura 2013,2013,apertura,12,2013-09-16,T006,León,T005,UANL Tigres,1,2,0,1,Estadio León,L,0,
1905,Apertura 2013,2013,apertura,12,2013-09-16,T003,CF Monterrey,T010,Toluca FC,2,3,1,1,Estadio BBVA,L,0,
1906,Apertura 2013,2013,apertura,12,2013-09-16,T011,Monarcas Morelia,T016,Gallos Blancos,1,0,1,0,Estadio Morelos,W,0,ALERTA: 'Monarcas Morelia' renombrado 'Mazatlán FC' desde 2020 — mismo club_id T011
1907,Apertura 2013,2013,apertura,12,2013-09-16,T015,Impulsora Necaxa,T018,Dorados Sinaloa,0,4,0,2,Estadio Victoria,L,0,ALERTA: 'Dorados Sinaloa' → 'Mazatlán FC' (2020) — club_id T018
1908,Apertura 2013,2013,apertura,12,2013-09-16,T008,Atlas Guadalajara,T001,Cruz Azul FC,1,4,1,1,Estadio Jalisco,L,1,
1909,Apertura 2013,2013,apertura,12,2013-09-16,T007,Pumas UNAM,T004,Deportivo Guadalajara,2,3,1,0,Estadio Olímpico Universitario,L,0,
1910,Apertura 2013,2013,apertura,12,2013-09-16,T012,Club Tijuana,T014,Atlético San Luis,2,0,1,0,Estadio Caliente,W,0,
1911,Apertura 2013,2013,apertura,12,2013-09-16,T002,CF América,T017,Club Puebla,3,4,1,2,Estadio Azteca,L,0,
1912,Apertura 2013,2013,apertura,13,2013-09-23,T017,Club Puebla,T009,Santos Laguna,2,1,1,1,Estadio Cuauhtémoc,W,0,
1913,Apertura 2013,2013,apertura,13,2013-09-23,T008,Club Atlas,T014,Atlético San Luis,1,0,1,0,Estadio Jalisco,W,0,
1914,Apertura 2013,2013,apertura,13,2013-09-23,T001,Cruz Azul,T005,Tigres,0,1,0,1,Estadio Ciudad de los Deportes,L,1,
1915,Apertura 2013,2013,apertura,13,2013-09-23,T002,Club América,T004,Guadalajara,1,1,0,1,Estadio Azteca,D,0,
1916,Apertura 2013,2013,apertura,13,2013-09-23,T015,Club Necaxa,T012,Club Tijuana,1,0,1,0,Estadio Victoria,W,0,
1917,Apertura 2013,2013,apertura,13,2013-09-23,T016,Querétaro,T013,Juárez,1,1,1,1,Estadio Corregidora,D,0,
1918,Apertura 2013,2013,apertura,13,2013-09-23,T011,Monarcas Morelia,T018,Dorados Sinaloa,2,2,1,1,Estadio Morelos,D,0,ALERTA: 'Dorados Sinaloa' → 'Mazatlán FC' (2020) — club_id T018
1919,Apertura 2013,2013,apertura,13,2013-09-23,T006,Club León,T007,UNAM Pumas,3,1,1,0,Estadio León,W,0,
1920,Apertura 2013,2013,apertura,14,2013-09-30,T011,Monarcas Morelia,T014,Atlético San Luis,0,4,0,4,Estadio Morelos,L,0,ALERTA: 'Monarcas Morelia' renombrado 'Mazatlán FC' desde 2020 — mismo club_id T011
1921,Apertura 2013,2013,apertura,14,2013-09-30,T009,Santos Laguna,T016,Gallos Blancos,1,3,1,2,Estadio Corona,L,0,
1922,Apertura 2013,2013,apertura,14,2013-09-30,T008,Club Atlas,T010,Toluca,1,3,0,1,Estadio Jalisco,L,0,
1923,Apertura 2013,2013,apertura,14,2013-09-30,T015,Impulsora Necaxa,T013,Juárez,4,2,2,0,Estadio Victoria,W,0,
1924,Apertura 2013,2013,apertura,14,2013-09-30,T012,Club Tijuana,T006,Club León,2,1,2,1,Estadio Caliente,W,0,
1925,Apertura 2013,2013,apertura,14,2013-09-30,T007,Pumas UNAM,T002,CF América,0,0,0,0,Estadio Olímpico Universitario,D,0,
1926,Apertura 2013,2013,apertura,14,2013-09-30,T017,Club Puebla,T003,Rayados,1,2,0,1,Estadio Cuauhtémoc,L,0,
1927,Apertura 2013,2013,apertura,14,2013-09-30,T018,Dorados Sinaloa,T005,Tigres,3,0,2,0,Estadio de Mazatlán,W,0,ALERTA: 'Dorados Sinaloa' → 'Mazatlán FC' (2020) — club_id T018
1928,Apertura 2013,2013,apertura,15,2013-10-07,T012,Xoloitzcuintles,T003,CF Monterrey,4,2,2,1,Estadio Caliente,W,0,
1929,Apertura 2013,2013,apertura,15,2013-10-07,T013,Bravos de Juárez,T008,Club Atlas,4,1,2,0,Estadio Olímpico Benito Juárez,W,0,
1930,Apertura 2013,2013,apertura,15,2013-10-07,T007,Pumas UNAM,T011,Monarcas Morelia,0,1,0,0,Estadio Olímpico Universitario,L,0,ALERTA: 'Monarcas Morelia' renombrado 'Mazatlán FC' desde 2020 — mismo club_id T011
1931,Apertura 2013,2013,apertura,15,2013-10-07,T001,Cruz Azul,T009,Santos,4,2,4,2,Estadio Ciudad de los Deportes,W,1,
1932,Apertura 2013,2013,apertura,15,2013-10-07,T010,Toluca,T014,San Luis,1,2,0,1,Estadio Nemesio Díez,L,0,
1933,Apertura 2013,2013,apertura,15,2013-10-07,T018,Dorados Sinaloa,T002,Club América,2,1,0,0,Estadio de Mazatlán,W,0,ALERTA: 'Dorados Sinaloa' → 'Mazatlán FC' (2020) — club_id T018
1934,Apertura 2013,2013,apertura,15,2013-10-07,T017,Club Puebla,T006,Club León,0,1,0,0,Estadio Cuauhtémoc,L,0,
1935,Apertura 2013,2013,apertura,15,2013-10-07,T005,UANL Tigres,T015,Impulsora Necaxa,0,1,0,1,Estadio Universitario,L,0,
1936,Apertura 2013,2013,apertura,16,2013-10-14,T004,Chivas,T015,Impulsora Necaxa,1,0,1,0,Estadio Akron,W,0,
1937,Apertura 2013,2013,apertura,16,2013-10-14,T014,Atlético San Luis,T013,Juárez,0,2,0,2,Estadio Alfonso Lastras,L,0,
1938,Apertura 2013,2013,apertura,16,2013-10-14,T006,León,T010,Toluca,0,0,0,0,Estadio León,D,0,
1939,Apertura 2013,2013,apertura,16,2013-10-14,T005,Tigres,T001,Cruz Azul,1,2,0,0,Estadio Universitario,L,1,
1940,Apertura 2013,2013,apertura,16,2013-10-14,T016,Querétaro FC,T011,Monarcas Morelia,3,1,2,1,Estadio Corregidora,W,0,ALERTA: 'Monarcas Morelia' renombrado 'Mazatlán FC' desde 2020 — mismo club_id T011
1941,Apertura 2013,2013,apertura,16,2013-10-14,T018,Dorados Sinaloa,T017,Club Puebla,0,0,0,0,Estadio de Mazatlán,D,0,ALERTA: 'Dorados Sinaloa' → 'Mazatlán FC' (2020) — club_id T018
1942,Apertura 2013,2013,apertura,16,2013-10-14,T008,Atlas,T002,Club América,1,1,1,1,Estadio Jalisco,D,0,
1943,Apertura 2013,2013,apertura,16,2013-10-14,T012,Club Tijuana,T009,Santos Laguna FC,2,1,0,1,Estadio Caliente,W,0,
1944,Apertura 2013,2013,apertura,17,2013-10-21,T008,Atlas Guadalajara,T007,Pumas,0,0,0,0,Estadio Jalisco,D,0,
1945,Apertura 2013,2013,apertura,17,2013-10-21,T018,Dorados Sinaloa,T013,Juárez,1,2,0,1,Estadio de Mazatlán,L,0,ALERTA: 'Dorados Sinaloa' → 'Mazatlán FC' (2020) — club_id T018
1946,Apertura 2013,2013,apertura,17,2013-10-21,T015,Necaxa,T001,C. Azul,1,0,0,0,Estadio Victoria,W,1,
1947,Apertura 2013,2013,apertura,17,2013-10-21,T010,Toluca,T006,Club León,0,2,0,2,Estadio Nemesio Díez,L,0,
1948,Apertura 2013,2013,apertura,17,2013-10-21,T003,Rayados,T004,Deportivo Guadalajara,3,0,1,0,Estadio BBVA,W,0,
1949,Apertura 2013,2013,apertura,17,2013-10-21,T005,Tigres,T014,A. San Luis,0,1,0,0,Estadio Universitario,L,0,
1950,Apertura 2013,2013,apertura,17,2013-10-21,T016,Querétaro FC,T011,Monarcas Morelia,2,3,0,2,Estadio Corregidora,L,0,ALERTA: 'Monarcas Morelia' renombrado 'Mazatlán FC' desde 2020 — mismo club_id T011
1951,Apertura 2013,2013,apertura,17,2013-10-21,T017,Club Puebla,T002,América,0,1,0,1,Estadio Cuauhtémoc,L,0,
1952,Clausura 2014,2014,clausura,1,2014-01-01,T009,Santos,T007,Pumas UNAM,4,1,3,0,Estadio Corona,W,0,
1953,Clausura 2014,2014,clausura,1,2014-01-01,T010,Toluca,T013,Juárez,2,2,1,0,Estadio Nemesio Díez,D,0,
1954,Clausura 2014,2014,clausura,1,2014-01-01,T016,Gallos Blancos,T017,Club Puebla,1,0,1,0,Estadio Corregidora,W,0,
1955,Clausura 2014,2014,clausura,1,2014-01-01,T018,Dorados Sinaloa,T015,Impulsora Necaxa,1,1,1,0,Estadio de Mazatlán,D,0,ALERTA: 'Dorados Sinaloa' → 'Mazatlán FC' (2020) — club_id T018
1956,Clausura 2014,2014,clausura,1,2014-01-01,T011,Monarcas Morelia,T002,América,1,2,0,0,Estadio Morelos,L,0,ALERTA: 'Monarcas Morelia' renombrado 'Mazatlán FC' desde 2020 — mismo club_id T011
1957,Clausura 2014,2014,clausura,1,2014-01-01,T008,Atlas,T014,Atlético San Luis,1,0,1,0,Estadio Jalisco,W,0,
1958,Clausura 2014,2014,clausura,1,2014-01-01,T006,León FC,T001,Cruz Azul FC,0,3,0,0,Estadio León,L,1,
1959,Clausura 2014,2014,clausura,1,2014-01-01,T012,Club Tijuana,T004,Guadalajara,1,1,0,1,Estadio Caliente,D,0,
1960,Clausura 2014,2014,clausura,2,2014-01-08,T013,Bravos de Juárez,T002,CF América,0,1,0,0,Estadio Olímpico Benito Juárez,L,0,
1961,Clausura 2014,2014,clausura,2,2014-01-08,T012,Tijuana,T015,Club Necaxa,0,1,0,1,Estadio Caliente,L,0,
1962,Clausura 2014,2014,clausura,2,2014-01-08,T005,UANL Tigres,T006,León,1,2,0,1,Estadio Universitario,L,0,
1963,Clausura 2014,2014,clausura,2,2014-01-08,T017,Puebla FC,T014,San Luis,0,0,0,0,Estadio Cuauhtémoc,D,0,
1964,Clausura 2014,2014,clausura,2,2014-01-08,T003,Rayados,T004,Guadalajara,0,1,0,0,Estadio BBVA,L,0,
1965,Clausura 2014,2014,clausura,2,2014-01-08,T011,Monarcas Morelia,T009,Santos Laguna FC,2,1,0,0,Estadio Morelos,W,0,ALERTA: 'Monarcas Morelia' renombrado 'Mazatlán FC' desde 2020 — mismo club_id T011
1966,Clausura 2014,2014,clausura,2,2014-01-08,T016,Gallos Blancos,T018,Dorados Sinaloa,4,1,1,0,Estadio Corregidora,W,0,ALERTA: 'Dorados Sinaloa' → 'Mazatlán FC' (2020) — club_id T018
1967,Clausura 2014,2014,clausura,2,2014-01-08,T001,C. Azul,T007,Pumas,1,1,1,0,Estadio Ciudad de los Deportes,D,1,
1968,Clausura 2014,2014,clausura,3,2014-01-15,T018,Dorados Sinaloa,T012,Tijuana,1,0,0,0,Estadio de Mazatlán,W,0,ALERTA: 'Dorados Sinaloa' → 'Mazatlán FC' (2020) — club_id T018
1969,Clausura 2014,2014,clausura,3,2014-01-15,T011,Monarcas Morelia,T003,Monterrey,3,1,2,0,Estadio Morelos,W,0,ALERTA: 'Monarcas Morelia' renombrado 'Mazatlán FC' desde 2020 — mismo club_id T011
1970,Clausura 2014,2014,clausura,3,2014-01-15,T016,Querétaro,T001,C. Azul,0,0,0,0,Estadio Corregidora,D,1,
1971,Clausura 2014,2014,clausura,3,2014-01-15,T013,FC Juárez,T002,América,4,0,2,0,Estadio Olímpico Benito Juárez,W,0,
1972,Clausura 2014,2014,clausura,3,2014-01-15,T017,Puebla FC,T008,Club Atlas,2,0,2,0,Estadio Cuauhtémoc,W,0,
1973,Clausura 2014,2014,clausura,3,2014-01-15,T005,Tigres UANL,T007,Pumas,2,0,2,0,Estadio Universitario,W,0,
1974,Clausura 2014,2014,clausura,3,2014-01-15,T015,Necaxa,T006,Club León,4,3,1,1,Estadio Victoria,W,0,
1975,Clausura 2014,2014,clausura,3,2014-01-15,T014,A. San Luis,T009,Santos,1,1,1,0,Estadio Alfonso Lastras,D,0,
1976,Clausura 2014,2014,clausura,4,2014-01-22,T016,Querétaro,T001,C. Azul,1,0,0,0,Estadio Corregidora,W,1,
1977,Clausura 2014,2014,clausura,4,2014-01-22,T003,Rayados,T017,Club Puebla,3,0,0,0,Estadio BBVA,W,0,
1978,Clausura 2014,2014,clausura,4,2014-01-22,T006,Club León,T013,Juárez,1,1,0,1,Estadio León,D,0,
1979,Clausura 2014,2014,clausura,4,2014-01-22,T008,Atlas Guadalajara,T012,Tijuana,2,1,0,0,Estadio Jalisco,W,0,
1980,Clausura 2014,2014,clausura,4,2014-01-22,T011,Monarcas Morelia,T009,Santos Laguna FC,1,0,0,0,Estadio Morelos,W,0,ALERTA: 'Monarcas Morelia' renombrado 'Mazatlán FC' desde 2020 — mismo club_id T011
1981,Clausura 2014,2014,clausura,4,2014-01-22,T015,Necaxa,T004,Deportivo Guadalajara,3,0,0,0,Estadio Victoria,W,0,
1982,Clausura 2014,2014,clausura,4,2014-01-22,T010,Toluca FC,T005,UANL Tigres,2,0,2,0,Estadio Nemesio Díez,W,0,
1983,Clausura 2014,2014,clausura,4,2014-01-22,T002,CF América,T018,Dorados Sinaloa,0,1,0,1,Estadio Azteca,L,0,ALERTA: 'Dorados Sinaloa' → 'Mazatlán FC' (2020) — club_id T018
1984,Clausura 2014,2014,clausura,5,2014-01-29,T016,Querétaro,T006,Club León,1,2,1,2,Estadio Corregidora,L,0,
1985,Clausura 2014,2014,clausura,5,2014-01-29,T015,Club Necaxa,T014,San Luis,0,2,0,2,Estadio Victoria,L,0,
1986,Clausura 2014,2014,clausura,5,2014-01-29,T011,Monarcas Morelia,T004,Guadalajara,1,0,0,0,Estadio Morelos,W,0,ALERTA: 'Monarcas Morelia' renombrado 'Mazatlán FC' desde 2020 — mismo club_id T011
1987,Clausura 2014,2014,clausura,5,2014-01-29,T005,Tigres,T003,Monterrey,2,2,2,1,Estadio Universitario,D,0,
1988,Clausura 2014,2014,clausura,5,2014-01-29,T001,Cruz Azul,T007,Pumas UNAM,1,2,0,2,Estadio Ciudad de los Deportes,L,1,
1989,Clausura 2014,2014,clausura,5,2014-01-29,T013,Bravos de Juárez,T009,Santos Laguna FC,3,2,0,1,Estadio Olímpico Benito Juárez,W,0,
1990,Clausura 2014,2014,clausura,5,2014-01-29,T017,La Franja,T012,Tijuana,1,2,0,1,Estadio Cuauhtémoc,L,0,
1991,Clausura 2014,2014,clausura,5,2014-01-29,T002,Club América,T010,Toluca FC,2,0,0,0,Estadio Azteca,W,0,
1992,Clausura 2014,2014,clausura,6,2014-02-05,T012,Club Tijuana,T018,Dorados Sinaloa,0,2,0,1,Estadio Caliente,L,0,ALERTA: 'Dorados Sinaloa' → 'Mazatlán FC' (2020) — club_id T018
1993,Clausura 2014,2014,clausura,6,2014-02-05,T009,Santos Laguna FC,T005,UANL Tigres,4,1,0,0,Estadio Corona,W,0,
1994,Clausura 2014,2014,clausura,6,2014-02-05,T008,Club Atlas,T013,FC Juárez,1,1,0,0,Estadio Jalisco,D,0,
1995,Clausura 2014,2014,clausura,6,2014-02-05,T001,C. Azul,T004,Chivas,3,0,3,0,Estadio Ciudad de los Deportes,W,1,
1996,Clausura 2014,2014,clausura,6,2014-02-05,T003,Monterrey,T007,Pumas UNAM,1,0,1,0,Estadio BBVA,W,0,
1997,Clausura 2014,2014,clausura,6,2014-02-05,T006,León FC,T015,Necaxa,1,0,0,0,Estadio León,W,0,
1998,Clausura 2014,2014,clausura,6,2014-02-05,T011,Monarcas Morelia,T016,Querétaro,0,1,0,1,Estadio Morelos,L,0,ALERTA: 'Monarcas Morelia' renombrado 'Mazatlán FC' desde 2020 — mismo club_id T011
1999,Clausura 2014,2014,clausura,6,2014-02-05,T002,Club América,T014,San Luis,0,0,0,0,Estadio Azteca,D,0,
2000,Clausura 2014,2014,clausura,7,2014-02-12,T013,Bravos de Juárez,T001,Cruz Azul FC,4,1,2,0,Estadio Olímpico Benito Juárez,W,1,
2001,Clausura 2014,2014,clausura,7,2014-02-12,T016,Querétaro FC,T017,La Franja,1,2,1,2,Estadio Corregidora,L,0,
2002,Clausura 2014,2014,clausura,7,2014-02-12,T008,Atlas,T002,CF América,2,4,2,1,Estadio Jalisco,L,0,
2003,Clausura 2014,2014,clausura,7,2014-02-12,T006,Club León,T012,Xoloitzcuintles,2,2,2,2,Estadio León,D,0,
2004,Clausura 2014,2014,clausura,7,2014-02-12,T015,Impulsora Necaxa,T007,Pumas,1,1,0,0,Estadio Victoria,D,0,
2005,Clausura 2014,2014,clausura,7,2014-02-12,T004,Deportivo Guadalajara,T011,Monarcas Morelia,0,0,0,0,Estadio Akron,D,0,ALERTA: 'Monarcas Morelia' renombrado 'Mazatlán FC' desde 2020 — mismo club_id T011
2006,Clausura 2014,2014,clausura,7,2014-02-12,T005,Tigres,T009,Santos Laguna,0,3,0,3,Estadio Universitario,L,0,
2007,Clausura 2014,2014,clausura,7,2014-02-12,T018,Dorados Sinaloa,T014,San Luis,0,4,0,4,Estadio de Mazatlán,L,0,ALERTA: 'Dorados Sinaloa' → 'Mazatlán FC' (2020) — club_id T018
2008,Clausura 2014,2014,clausura,8,2014-02-19,T006,Club León,T010,Deportivo Toluca,3,1,0,1,Estadio León,W,0,
2009,Clausura 2014,2014,clausura,8,2014-02-19,T015,Impulsora Necaxa,T017,Puebla FC,1,2,1,2,Estadio Victoria,L,0,
2010,Clausura 2014,2014,clausura,8,2014-02-19,T005,UANL Tigres,T014,A. San Luis,2,1,1,0,Estadio Universitario,W,0,
2011,Clausura 2014,2014,clausura,8,2014-02-19,T009,Santos,T011,Monarcas Morelia,1,3,1,0,Estadio Corona,L,0,ALERTA: 'Monarcas Morelia' renombrado 'Mazatlán FC' desde 2020 — mismo club_id T011
2012,Clausura 2014,2014,clausura,8,2014-02-19,T007,Pumas UNAM,T008,Club Atlas,3,2,1,2,Estadio Olímpico Universitario,W,0,
2013,Clausura 2014,2014,clausura,8,2014-02-19,T004,Deportivo Guadalajara,T001,C. Azul,0,0,0,0,Estadio Akron,D,1,
2014,Clausura 2014,2014,clausura,8,2014-02-19,T012,Xoloitzcuintles,T002,CF América,1,1,1,0,Estadio Caliente,D,0,
2015,Clausura 2014,2014,clausura,8,2014-02-19,T016,Gallos Blancos,T013,Bravos de Juárez,0,4,0,3,Estadio Corregidora,L,0,
2016,Clausura 2014,2014,clausura,9,2014-02-26,T005,UANL Tigres,T012,Tijuana,0,3,0,3,Estadio Universitario,L,0,
2017,Clausura 2014,2014,clausura,9,2014-02-26,T017,Puebla FC,T008,Club Atlas,2,2,1,0,Estadio Cuauhtémoc,D,0,
2018,Clausura 2014,2014,clausura,9,2014-02-26,T013,FC Juárez,T014,San Luis,1,2,1,1,Estadio Olímpico Benito Juárez,L,0,
2019,Clausura 2014,2014,clausura,9,2014-02-26,T006,Club León,T001,Cruz Azul,3,3,0,2,Estadio León,D,1,
2020,Clausura 2014,2014,clausura,9,2014-02-26,T002,Club América,T015,Impulsora Necaxa,1,1,0,1,Estadio Azteca,D,0,
2021,Clausura 2014,2014,clausura,9,2014-02-26,T003,CF Monterrey,T018,Dorados Sinaloa,1,2,0,2,Estadio BBVA,L,0,ALERTA: 'Dorados Sinaloa' → 'Mazatlán FC' (2020) — club_id T018
2022,Clausura 2014,2014,clausura,9,2014-02-26,T004,Chivas,T007,Pumas,1,0,1,0,Estadio Akron,W,0,
2023,Clausura 2014,2014,clausura,9,2014-02-26,T009,Santos Laguna,T010,Deportivo Toluca,1,2,1,1,Estadio Corona,L,0,
2024,Clausura 2014,2014,clausura,10,2014-03-05,T012,Xoloitzcuintles,T002,América,1,0,0,0,Estadio Caliente,W,0,
2025,Clausura 2014,2014,clausura,10,2014-03-05,T005,UANL Tigres,T016,Gallos Blancos,2,1,1,0,Estadio Universitario,W,0,
2026,Clausura 2014,2014,clausura,10,2014-03-05,T008,Atlas,T011,Monarcas Morelia,4,4,4,3,Estadio Jalisco,D,0,ALERTA: 'Monarcas Morelia' renombrado 'Mazatlán FC' desde 2020 — mismo club_id T011
2027,Clausura 2014,2014,clausura,10,2014-03-05,T015,Impulsora Necaxa,T014,Atlético San Luis,1,0,1,0,Estadio Victoria,W,0,
2028,Clausura 2014,2014,clausura,10,2014-03-05,T010,Toluca,T004,Guadalajara,3,2,1,0,Estadio Nemesio Díez,W,0,
2029,Clausura 2014,2014,clausura,10,2014-03-05,T006,León FC,T001,Cruz Azul,3,0,0,0,Estadio León,W,1,
2030,Clausura 2014,2014,clausura,10,2014-03-05,T017,Puebla FC,T003,Rayados,4,0,1,0,Estadio Cuauhtémoc,W,0,
2031,Clausura 2014,2014,clausura,10,2014-03-05,T013,Juárez,T009,Santos Laguna FC,4,2,2,1,Estadio Olímpico Benito Juárez,W,0,
2032,Clausura 2014,2014,clausura,11,2014-03-12,T012,Tijuana,T011,Monarcas Morelia,3,4,3,0,Estadio Caliente,L,0,ALERTA: 'Monarcas Morelia' renombrado 'Mazatlán FC' desde 2020 — mismo club_id T011
2033,Clausura 2014,2014,clausura,11,2014-03-12,T005,UANL Tigres,T014,Atlético San Luis,2,0,0,0,Estadio Universitario,W,0,
2034,Clausura 2014,2014,clausura,11,2014-03-12,T017,La Franja,T010,Deportivo Toluca,1,1,1,1,Estadio Cuauhtémoc,D,0,
2035,Clausura 2014,2014,clausura,11,2014-03-12,T018,Dorados Sinaloa,T004,Deportivo Guadalajara,3,2,1,2,Estadio de Mazatlán,W,0,ALERTA: 'Dorados Sinaloa' → 'Mazatlán FC' (2020) — club_id T018
2036,Clausura 2014,2014,clausura,11,2014-03-12,T015,Necaxa,T008,Atlas Guadalajara,2,0,2,0,Estadio Victoria,W,0,
2037,Clausura 2014,2014,clausura,11,2014-03-12,T009,Santos,T013,Bravos de Juárez,1,2,1,1,Estadio Corona,L,0,
2038,Clausura 2014,2014,clausura,11,2014-03-12,T007,UNAM Pumas,T006,León FC,2,0,0,0,Estadio Olímpico Universitario,W,0,
2039,Clausura 2014,2014,clausura,11,2014-03-12,T003,Monterrey,T016,Querétaro,1,2,0,2,Estadio BBVA,L,0,
2040,Clausura 2014,2014,clausura,12,2014-03-19,T013,Juárez,T004,Deportivo Guadalajara,1,1,1,1,Estadio Olímpico Benito Juárez,D,0,
2041,Clausura 2014,2014,clausura,12,2014-03-19,T006,León,T002,CF América,2,1,1,0,Estadio León,W,0,
2042,Clausura 2014,2014,clausura,12,2014-03-19,T001,Cruz Azul FC,T014,A. San Luis,4,1,4,0,Estadio Ciudad de los Deportes,W,1,
2043,Clausura 2014,2014,clausura,12,2014-03-19,T005,UANL Tigres,T011,Monarcas Morelia,0,2,0,2,Estadio Universitario,L,0,ALERTA: 'Monarcas Morelia' renombrado 'Mazatlán FC' desde 2020 — mismo club_id T011
2044,Clausura 2014,2014,clausura,12,2014-03-19,T008,Atlas,T017,Puebla FC,2,2,1,1,Estadio Jalisco,D,0,
2045,Clausura 2014,2014,clausura,12,2014-03-19,T016,Gallos Blancos,T003,Rayados,1,1,1,1,Estadio Corregidora,D,0,
2046,Clausura 2014,2014,clausura,12,2014-03-19,T015,Club Necaxa,T012,Tijuana,2,1,1,0,Estadio Victoria,W,0,
2047,Clausura 2014,2014,clausura,12,2014-03-19,T018,Dorados Sinaloa,T007,Pumas,1,1,0,1,Estadio de Mazatlán,D,0,ALERTA: 'Dorados Sinaloa' → 'Mazatlán FC' (2020) — club_id T018
2048,Clausura 2014,2014,clausura,13,2014-03-26,T009,Santos,T006,León FC,4,4,0,1,Estadio Corona,D,0,
2049,Clausura 2014,2014,clausura,13,2014-03-26,T003,Monterrey,T012,Club Tijuana,2,2,2,0,Estadio BBVA,D,0,
2050,Clausura 2014,2014,clausura,13,2014-03-26,T016,Gallos Blancos,T001,Cruz Azul FC,2,2,2,1,Estadio Corregidora,D,1,
2051,Clausura 2014,2014,clausura,13,2014-03-26,T008,Atlas Guadalajara,T007,Pumas UNAM,0,2,0,0,Estadio Jalisco,L,0,
2052,Clausura 2014,2014,clausura,13,2014-03-26,T005,Tigres,T017,Puebla FC,2,2,0,2,Estadio Universitario,D,0,
2053,Clausura 2014,2014,clausura,13,2014-03-26,T013,Juárez,T004,Chivas,4,1,3,1,Estadio Olímpico Benito Juárez,W,0,
2054,Clausura 2014,2014,clausura,13,2014-03-26,T010,Deportivo Toluca,T014,San Luis,3,3,1,0,Estadio Nemesio Díez,D,0,
2055,Clausura 2014,2014,clausura,13,2014-03-26,T018,Dorados Sinaloa,T011,Monarcas Morelia,0,1,0,1,Estadio de Mazatlán,L,0,ALERTA: 'Dorados Sinaloa' → 'Mazatlán FC' (2020) — club_id T018
2056,Clausura 2014,2014,clausura,14,2014-04-02,T006,Club León,T011,Monarcas Morelia,0,2,0,1,Estadio León,L,0,ALERTA: 'Monarcas Morelia' renombrado 'Mazatlán FC' desde 2020 — mismo club_id T011
2057,Clausura 2014,2014,clausura,14,2014-04-02,T003,Monterrey,T005,Tigres UANL,2,1,1,1,Estadio BBVA,W,0,
2058,Clausura 2014,2014,clausura,14,2014-04-02,T010,Deportivo Toluca,T001,Cruz Azul FC,1,2,0,1,Estadio Nemesio Díez,L,1,
2059,Clausura 2014,2014,clausura,14,2014-04-02,T008,Atlas,T018,Dorados Sinaloa,4,3,2,2,Estadio Jalisco,W,0,ALERTA: 'Dorados Sinaloa' → 'Mazatlán FC' (2020) — club_id T018
2060,Clausura 2014,2014,clausura,14,2014-04-02,T012,Club Tijuana,T016,Querétaro FC,0,0,0,0,Estadio Caliente,D,0,
2061,Clausura 2014,2014,clausura,14,2014-04-02,T009,Santos Laguna,T013,Juárez,4,2,0,2,Estadio Corona,W,0,
2062,Clausura 2014,2014,clausura,14,2014-04-02,T004,Guadalajara,T007,Pumas UNAM,2,3,2,1,Estadio Akron,L,0,
2063,Clausura 2014,2014,clausura,14,2014-04-02,T002,CF América,T014,San Luis,4,2,4,0,Estadio Azteca,W,0,
2064,Clausura 2014,2014,clausura,15,2014-04-09,T002,Club América,T004,Deportivo Guadalajara,3,0,2,0,Estadio Azteca,W,0,
2065,Clausura 2014,2014,clausura,15,2014-04-09,T003,Monterrey,T018,Dorados Sinaloa,4,3,0,2,Estadio BBVA,W,0,ALERTA: 'Dorados Sinaloa' → 'Mazatlán FC' (2020) — club_id T018
2066,Clausura 2014,2014,clausura,15,2014-04-09,T012,Xoloitzcuintles,T015,Necaxa,1,1,1,0,Estadio Caliente,D,0,
2067,Clausura 2014,2014,clausura,15,2014-04-09,T014,San Luis,T010,Deportivo Toluca,2,4,0,1,Estadio Alfonso Lastras,L,0,
2068,Clausura 2014,2014,clausura,15,2014-04-09,T017,Puebla FC,T009,Santos Laguna,3,2,1,0,Estadio Cuauhtémoc,W,0,
2069,Clausura 2014,2014,clausura,15,2014-04-09,T007,Pumas UNAM,T006,Club León,3,1,2,0,Estadio Olímpico Universitario,W,0,
2070,Clausura 2014,2014,clausura,15,2014-04-09,T016,Gallos Blancos,T005,Tigres UANL,2,1,1,1,Estadio Corregidora,W,0,
2071,Clausura 2014,2014,clausura,15,2014-04-09,T001,Cruz Azul,T011,Monarcas Morelia,0,3,0,2,Estadio Ciudad de los Deportes,L,1,ALERTA: 'Monarcas Morelia' renombrado 'Mazatlán FC' desde 2020 — mismo club_id T011
2072,Clausura 2014,2014,clausura,16,2014-04-16,T007,Pumas,T011,Monarcas Morelia,1,4,1,2,Estadio Olímpico Universitario,L,0,ALERTA: 'Monarcas Morelia' renombrado 'Mazatlán FC' desde 2020 — mismo club_id T011
2073,Clausura 2014,2014,clausura,16,2014-04-16,T015,Impulsora Necaxa,T016,Gallos Blancos,1,0,0,0,Estadio Victoria,W,0,
2074,Clausura 2014,2014,clausura,16,2014-04-16,T012,Xoloitzcuintles,T017,Club Puebla,2,1,2,0,Estadio Caliente,W,0,
2075,Clausura 2014,2014,clausura,16,2014-04-16,T006,León FC,T018,Dorados Sinaloa,1,0,0,0,Estadio León,W,0,ALERTA: 'Dorados Sinaloa' → 'Mazatlán FC' (2020) — club_id T018
2076,Clausura 2014,2014,clausura,16,2014-04-16,T008,Club Atlas,T013,Bravos de Juárez,2,3,0,2,Estadio Jalisco,L,0,
2077,Clausura 2014,2014,clausura,16,2014-04-16,T005,Tigres,T009,Santos Laguna FC,3,1,3,0,Estadio Universitario,W,0,
2078,Clausura 2014,2014,clausura,16,2014-04-16,T002,América,T004,Guadalajara,3,3,0,3,Estadio Azteca,D,0,
2079,Clausura 2014,2014,clausura,16,2014-04-16,T001,Cruz Azul FC,T003,Rayados,0,2,0,2,Estadio Ciudad de los Deportes,L,1,
2080,Clausura 2014,2014,clausura,17,2014-04-23,T007,Pumas,T004,Guadalajara,0,1,0,1,Estadio Olímpico Universitario,L,0,
2081,Clausura 2014,2014,clausura,17,2014-04-23,T015,Impulsora Necaxa,T016,Querétaro,1,0,1,0,Estadio Victoria,W,0,
2082,Clausura 2014,2014,clausura,17,2014-04-23,T012,Tijuana,T018,Dorados Sinaloa,2,0,2,0,Estadio Caliente,W,0,ALERTA: 'Dorados Sinaloa' → 'Mazatlán FC' (2020) — club_id T018
2083,Clausura 2014,2014,clausura,17,2014-04-23,T014,Atlético San Luis,T006,Club León,1,2,0,1,Estadio Alfonso Lastras,L,0,
2084,Clausura 2014,2014,clausura,17,2014-04-23,T002,Club América,T010,Toluca FC,1,1,1,1,Estadio Azteca,D,0,
2085,Clausura 2014,2014,clausura,17,2014-04-23,T005,UANL Tigres,T011,Monarcas Morelia,4,2,2,1,Estadio Universitario,W,0,ALERTA: 'Monarcas Morelia' renombrado 'Mazatlán FC' desde 2020 — mismo club_id T011
2086,Clausura 2014,2014,clausura,17,2014-04-23,T017,Puebla FC,T001,Cruz Azul,2,2,1,2,Estadio Cuauhtémoc,D,1,
2087,Clausura 2014,2014,clausura,17,2014-04-23,T013,FC Juárez,T009,Santos Laguna FC,2,0,2,0,Estadio Olímpico Benito Juárez,W,0,
2088,Apertura 2014,2014,apertura,1,2014-07-01,T010,Toluca,T014,San Luis,3,0,2,0,Estadio Nemesio Díez,W,0,
2089,Apertura 2014,2014,apertura,1,2014-07-01,T011,Monarcas Morelia,T005,UANL Tigres,2,4,2,3,Estadio Morelos,L,0,ALERTA: 'Monarcas Morelia' renombrado 'Mazatlán FC' desde 2020 — mismo club_id T011
2090,Apertura 2014,2014,apertura,1,2014-07-01,T007,Pumas,T003,Rayados,3,1,3,1,Estadio Olímpico Universitario,W,0,
2091,Apertura 2014,2014,apertura,1,2014-07-01,T017,Puebla FC,T015,Impulsora Necaxa,2,1,2,0,Estadio Cuauhtémoc,W,0,
2092,Apertura 2014,2014,apertura,1,2014-07-01,T018,Dorados Sinaloa,T013,FC Juárez,1,2,1,0,Estadio de Mazatlán,L,0,ALERTA: 'Dorados Sinaloa' → 'Mazatlán FC' (2020) — club_id T018
2093,Apertura 2014,2014,apertura,1,2014-07-01,T006,León,T001,C. Azul,0,2,0,2,Estadio León,L,1,
2094,Apertura 2014,2014,apertura,1,2014-07-01,T004,Guadalajara,T008,Atlas Guadalajara,1,1,1,0,Estadio Akron,D,0,
2095,Apertura 2014,2014,apertura,1,2014-07-01,T009,Santos Laguna FC,T016,Querétaro,2,1,1,0,Estadio Corona,W,0,
2096,Apertura 2014,2014,apertura,2,2014-07-08,T004,Deportivo Guadalajara,T017,La Franja,3,2,2,1,Estadio Akron,W,0,
2097,Apertura 2014,2014,apertura,2,2014-07-08,T013,FC Juárez,T003,CF Monterrey,1,2,1,0,Estadio Olímpico Benito Juárez,L,0,
2098,Apertura 2014,2014,apertura,2,2014-07-08,T005,Tigres,T014,San Luis,1,4,1,2,Estadio Universitario,L,0,
2099,Apertura 2014,2014,apertura,2,2014-07-08,T018,Dorados Sinaloa,T006,Club León,3,0,0,0,Estadio de Mazatlán,W,0,ALERTA: 'Dorados Sinaloa' → 'Mazatlán FC' (2020) — club_id T018
2100,Apertura 2014,2014,apertura,2,2014-07-08,T016,Gallos Blancos,T012,Xoloitzcuintles,1,3,0,0,Estadio Corregidora,L,0,
2101,Apertura 2014,2014,apertura,2,2014-07-08,T010,Deportivo Toluca,T009,Santos Laguna,3,2,0,1,Estadio Nemesio Díez,W,0,
2102,Apertura 2014,2014,apertura,2,2014-07-08,T002,Club América,T011,Monarcas Morelia,2,2,1,2,Estadio Azteca,D,0,ALERTA: 'Monarcas Morelia' renombrado 'Mazatlán FC' desde 2020 — mismo club_id T011
2103,Apertura 2014,2014,apertura,2,2014-07-08,T001,Cruz Azul,T007,Pumas,1,1,0,0,Estadio Ciudad de los Deportes,D,1,
2104,Apertura 2014,2014,apertura,3,2014-07-15,T017,Puebla FC,T003,Monterrey,0,2,0,1,Estadio Cuauhtémoc,L,0,
2105,Apertura 2014,2014,apertura,3,2014-07-15,T013,Juárez,T016,Querétaro,2,2,2,1,Estadio Olímpico Benito Juárez,D,0,
2106,Apertura 2014,2014,apertura,3,2014-07-15,T007,UNAM Pumas,T006,León FC,1,0,1,0,Estadio Olímpico Universitario,W,0,
2107,Apertura 2014,2014,apertura,3,2014-07-15,T005,UANL Tigres,T012,Xoloitzcuintles,1,1,1,0,Estadio Universitario,D,0,
2108,Apertura 2014,2014,apertura,3,2014-07-15,T014,San Luis,T010,Deportivo Toluca,2,0,0,0,Estadio Alfonso Lastras,W,0,
2109,Apertura 2014,2014,apertura,3,2014-07-15,T002,CF América,T015,Club Necaxa,1,4,0,4,Estadio Azteca,L,0,
2110,Apertura 2014,2014,apertura,3,2014-07-15,T004,Guadalajara,T008,Atlas Guadalajara,4,3,1,0,Estadio Akron,W,0,
2111,Apertura 2014,2014,apertura,3,2014-07-15,T011,Monarcas Morelia,T001,Cruz Azul,0,1,0,0,Estadio Morelos,L,1,ALERTA: 'Monarcas Morelia' renombrado 'Mazatlán FC' desde 2020 — mismo club_id T011
2112,Apertura 2014,2014,apertura,4,2014-07-22,T003,Rayados,T009,Santos,0,3,0,0,Estadio BBVA,L,0,
2113,Apertura 2014,2014,apertura,4,2014-07-22,T017,La Franja,T004,Chivas,0,0,0,0,Estadio Cuauhtémoc,D,0,
2114,Apertura 2014,2014,apertura,4,2014-07-22,T013,FC Juárez,T015,Necaxa,4,1,0,1,Estadio Olímpico Benito Juárez,W,0,
2115,Apertura 2014,2014,apertura,4,2014-07-22,T018,Dorados Sinaloa,T012,Xoloitzcuintles,0,1,0,1,Estadio de Mazatlán,L,0,ALERTA: 'Dorados Sinaloa' → 'Mazatlán FC' (2020) — club_id T018
2116,Apertura 2014,2014,apertura,4,2014-07-22,T010,Deportivo Toluca,T007,Pumas UNAM,2,3,0,0,Estadio Nemesio Díez,L,0,
2117,Apertura 2014,2014,apertura,4,2014-07-22,T016,Querétaro,T005,UANL Tigres,2,0,1,0,Estadio Corregidora,W,0,
2118,Apertura 2014,2014,apertura,4,2014-07-22,T008,Club Atlas,T014,Atlético San Luis,2,1,2,0,Estadio Jalisco,W,0,
2119,Apertura 2014,2014,apertura,4,2014-07-22,T001,Cruz Azul FC,T002,Club América,2,1,2,1,Estadio Ciudad de los Deportes,W,1,
2120,Apertura 2014,2014,apertura,5,2014-07-29,T018,Dorados Sinaloa,T005,Tigres,3,1,2,1,Estadio de Mazatlán,W,0,ALERTA: 'Dorados Sinaloa' → 'Mazatlán FC' (2020) — club_id T018
2121,Apertura 2014,2014,apertura,5,2014-07-29,T003,Monterrey,T010,Deportivo Toluca,4,3,0,1,Estadio BBVA,W,0,
2122,Apertura 2014,2014,apertura,5,2014-07-29,T002,CF América,T017,Puebla FC,2,1,1,1,Estadio Azteca,W,0,
2123,Apertura 2014,2014,apertura,5,2014-07-29,T007,Pumas UNAM,T004,Deportivo Guadalajara,3,1,2,1,Estadio Olímpico Universitario,W,0,
2124,Apertura 2014,2014,apertura,5,2014-07-29,T001,Cruz Azul,T012,Xoloitzcuintles,1,0,1,0,Estadio Ciudad de los Deportes,W,1,
2125,Apertura 2014,2014,apertura,5,2014-07-29,T013,Bravos de Juárez,T008,Atlas,3,0,1,0,Estadio Olímpico Benito Juárez,W,0,
2126,Apertura 2014,2014,apertura,5,2014-07-29,T006,León FC,T016,Querétaro,1,1,0,1,Estadio León,D,0,
2127,Apertura 2014,2014,apertura,5,2014-07-29,T009,Santos Laguna,T011,Monarcas Morelia,0,1,0,1,Estadio Corona,L,0,ALERTA: 'Monarcas Morelia' renombrado 'Mazatlán FC' desde 2020 — mismo club_id T011
2128,Apertura 2014,2014,apertura,6,2014-08-05,T017,La Franja,T008,Club Atlas,3,1,0,1,Estadio Cuauhtémoc,W,0,
2129,Apertura 2014,2014,apertura,6,2014-08-05,T007,UNAM Pumas,T010,Toluca FC,4,0,4,0,Estadio Olímpico Universitario,W,0,
2130,Apertura 2014,2014,apertura,6,2014-08-05,T002,Club América,T015,Impulsora Necaxa,0,2,0,1,Estadio Azteca,L,0,
2131,Apertura 2014,2014,apertura,6,2014-08-05,T012,Xoloitzcuintles,T003,CF Monterrey,3,0,2,0,Estadio Caliente,W,0,
2132,Apertura 2014,2014,apertura,6,2014-08-05,T009,Santos Laguna FC,T006,Club León,0,0,0,0,Estadio Corona,D,0,
2133,Apertura 2014,2014,apertura,6,2014-08-05,T013,Bravos de Juárez,T001,Cruz Azul FC,0,1,0,1,Estadio Olímpico Benito Juárez,L,1,
2134,Apertura 2014,2014,apertura,6,2014-08-05,T018,Dorados Sinaloa,T011,Monarcas Morelia,4,3,1,0,Estadio de Mazatlán,W,0,ALERTA: 'Dorados Sinaloa' → 'Mazatlán FC' (2020) — club_id T018
2135,Apertura 2014,2014,apertura,6,2014-08-05,T014,A. San Luis,T005,Tigres UANL,1,4,1,1,Estadio Alfonso Lastras,L,0,
2136,Apertura 2014,2014,apertura,7,2014-08-12,T006,León,T005,Tigres,3,1,2,1,Estadio León,W,0,
2137,Apertura 2014,2014,apertura,7,2014-08-12,T002,Club América,T014,Atlético San Luis,1,2,1,0,Estadio Azteca,L,0,
2138,Apertura 2014,2014,apertura,7,2014-08-12,T015,Impulsora Necaxa,T018,Dorados Sinaloa,1,1,1,1,Estadio Victoria,D,0,ALERTA: 'Dorados Sinaloa' → 'Mazatlán FC' (2020) — club_id T018
2139,Apertura 2014,2014,apertura,7,2014-08-12,T017,Club Puebla,T010,Toluca,1,2,1,0,Estadio Cuauhtémoc,L,0,
2140,Apertura 2014,2014,apertura,7,2014-08-12,T011,Monarcas Morelia,T012,Tijuana,4,0,1,0,Estadio Morelos,W,0,ALERTA: 'Monarcas Morelia' renombrado 'Mazatlán FC' desde 2020 — mismo club_id T011
2141,Apertura 2014,2014,apertura,7,2014-08-12,T009,Santos Laguna FC,T007,UNAM Pumas,1,3,0,2,Estadio Corona,L,0,
2142,Apertura 2014,2014,apertura,7,2014-08-12,T016,Gallos Blancos,T013,Juárez,0,2,0,2,Estadio Corregidora,L,0,
2143,Apertura 2014,2014,apertura,7,2014-08-12,T008,Club Atlas,T001,C. Azul,3,1,0,1,Estadio Jalisco,W,1,
2144,Apertura 2014,2014,apertura,8,2014-08-19,T013,Juárez,T002,Club América,2,2,0,0,Estadio Olímpico Benito Juárez,D,0,
2145,Apertura 2014,2014,apertura,8,2014-08-19,T004,Deportivo Guadalajara,T010,Toluca,0,0,0,0,Estadio Akron,D,0,
2146,Apertura 2014,2014,apertura,8,2014-08-19,T014,San Luis,T009,Santos Laguna,2,1,1,1,Estadio Alfonso Lastras,W,0,
2147,Apertura 2014,2014,apertura,8,2014-08-19,T015,Impulsora Necaxa,T007,UNAM Pumas,2,2,0,0,Estadio Victoria,D,0,
2148,Apertura 2014,2014,apertura,8,2014-08-19,T006,Club León,T003,Rayados,0,4,0,2,Estadio León,L,0,
2149,Apertura 2014,2014,apertura,8,2014-08-19,T012,Xoloitzcuintles,T016,Querétaro,3,0,1,0,Estadio Caliente,W,0,
2150,Apertura 2014,2014,apertura,8,2014-08-19,T017,La Franja,T011,Monarcas Morelia,0,4,0,3,Estadio Cuauhtémoc,L,0,ALERTA: 'Monarcas Morelia' renombrado 'Mazatlán FC' desde 2020 — mismo club_id T011
2151,Apertura 2014,2014,apertura,8,2014-08-19,T001,Cruz Azul FC,T018,Dorados Sinaloa,2,2,0,1,Estadio Ciudad de los Deportes,D,1,ALERTA: 'Dorados Sinaloa' → 'Mazatlán FC' (2020) — club_id T018
2152,Apertura 2014,2014,apertura,9,2014-08-26,T004,Chivas,T018,Dorados Sinaloa,1,1,0,0,Estadio Akron,D,0,ALERTA: 'Dorados Sinaloa' → 'Mazatlán FC' (2020) — club_id T018
2153,Apertura 2014,2014,apertura,9,2014-08-26,T011,Monarcas Morelia,T001,Cruz Azul,2,2,2,1,Estadio Morelos,D,1,ALERTA: 'Monarcas Morelia' renombrado 'Mazatlán FC' desde 2020 — mismo club_id T011
2154,Apertura 2014,2014,apertura,9,2014-08-26,T016,Gallos Blancos,T017,Puebla FC,2,4,0,4,Estadio Corregidora,L,0,
2155,Apertura 2014,2014,apertura,9,2014-08-26,T006,León FC,T014,San Luis,1,0,0,0,Estadio León,W,0,
2156,Apertura 2014,2014,apertura,9,2014-08-26,T015,Necaxa,T003,CF Monterrey,2,0,0,0,Estadio Victoria,W,0,
2157,Apertura 2014,2014,apertura,9,2014-08-26,T013,Juárez,T008,Atlas Guadalajara,1,3,0,2,Estadio Olímpico Benito Juárez,L,0,
2158,Apertura 2014,2014,apertura,9,2014-08-26,T007,Pumas,T012,Club Tijuana,0,2,0,1,Estadio Olímpico Universitario,L,0,
2159,Apertura 2014,2014,apertura,9,2014-08-26,T002,América,T009,Santos,1,1,0,1,Estadio Azteca,D,0,
2160,Apertura 2014,2014,apertura,10,2014-09-02,T016,Querétaro,T011,Monarcas Morelia,1,1,0,1,Estadio Corregidora,D,0,ALERTA: 'Monarcas Morelia' renombrado 'Mazatlán FC' desde 2020 — mismo club_id T011
2161,Apertura 2014,2014,apertura,10,2014-09-02,T008,Atlas,T002,América,2,2,1,1,Estadio Jalisco,D,0,
2162,Apertura 2014,2014,apertura,10,2014-09-02,T004,Guadalajara,T001,Cruz Azul,1,2,1,0,Estadio Akron,L,1,
2163,Apertura 2014,2014,apertura,10,2014-09-02,T018,Dorados Sinaloa,T017,La Franja,1,3,1,2,Estadio de Mazatlán,L,0,ALERTA: 'Dorados Sinaloa' → 'Mazatlán FC' (2020) — club_id T018
2164,Apertura 2014,2014,apertura,10,2014-09-02,T010,Deportivo Toluca,T007,UNAM Pumas,2,0,1,0,Estadio Nemesio Díez,W,0,
2165,Apertura 2014,2014,apertura,10,2014-09-02,T005,UANL Tigres,T013,FC Juárez,1,1,0,0,Estadio Universitario,D,0,
2166,Apertura 2014,2014,apertura,10,2014-09-02,T003,Rayados,T012,Tijuana,1,0,0,0,Estadio BBVA,W,0,
2167,Apertura 2014,2014,apertura,10,2014-09-02,T006,León FC,T014,Atlético San Luis,1,0,0,0,Estadio León,W,0,
2168,Apertura 2014,2014,apertura,11,2014-09-09,T016,Querétaro,T015,Club Necaxa,3,0,0,0,Estadio Corregidora,W,0,
2169,Apertura 2014,2014,apertura,11,2014-09-09,T008,Club Atlas,T009,Santos Laguna FC,1,2,0,2,Estadio Jalisco,L,0,
2170,Apertura 2014,2014,apertura,11,2014-09-09,T003,Rayados,T007,UNAM Pumas,2,0,0,0,Estadio BBVA,W,0,
2171,Apertura 2014,2014,apertura,11,2014-09-09,T018,Dorados Sinaloa,T002,CF América,1,1,0,0,Estadio de Mazatlán,D,0,ALERTA: 'Dorados Sinaloa' → 'Mazatlán FC' (2020) — club_id T018
2172,Apertura 2014,2014,apertura,11,2014-09-09,T005,Tigres,T012,Club Tijuana,1,0,1,0,Estadio Universitario,W,0,
2173,Apertura 2014,2014,apertura,11,2014-09-09,T006,Club León,T017,La Franja,4,1,4,1,Estadio León,W,0,
2174,Apertura 2014,2014,apertura,11,2014-09-09,T011,Monarcas Morelia,T001,Cruz Azul FC,0,2,0,1,Estadio Morelos,L,1,ALERTA: 'Monarcas Morelia' renombrado 'Mazatlán FC' desde 2020 — mismo club_id T011
2175,Apertura 2014,2014,apertura,11,2014-09-09,T014,A. San Luis,T013,FC Juárez,1,3,1,0,Estadio Alfonso Lastras,L,0,
2176,Apertura 2014,2014,apertura,12,2014-09-16,T009,Santos Laguna FC,T016,Gallos Blancos,1,1,0,1,Estadio Corona,D,0,
2177,Apertura 2014,2014,apertura,12,2014-09-16,T004,Deportivo Guadalajara,T012,Club Tijuana,2,4,2,0,Estadio Akron,L,0,
2178,Apertura 2014,2014,apertura,12,2014-09-16,T008,Atlas,T014,Atlético San Luis,2,1,1,0,Estadio Jalisco,W,0,
2179,Apertura 2014,2014,apertura,12,2014-09-16,T015,Impulsora Necaxa,T013,FC Juárez,4,1,2,0,Estadio Victoria,W,0,
2180,Apertura 2014,2014,apertura,12,2014-09-16,T002,América,T005,UANL Tigres,3,2,0,0,Estadio Azteca,W,0,
2181,Apertura 2014,2014,apertura,12,2014-09-16,T018,Dorados Sinaloa,T017,La Franja,0,1,0,1,Estadio de Mazatlán,L,0,ALERTA: 'Dorados Sinaloa' → 'Mazatlán FC' (2020) — club_id T018
2182,Apertura 2014,2014,apertura,12,2014-09-16,T011,Monarcas Morelia,T010,Toluca,0,4,0,1,Estadio Morelos,L,0,ALERTA: 'Monarcas Morelia' renombrado 'Mazatlán FC' desde 2020 — mismo club_id T011
2183,Apertura 2014,2014,apertura,12,2014-09-16,T003,CF Monterrey,T006,León FC,2,2,0,0,Estadio BBVA,D,0,
2184,Apertura 2014,2014,apertura,13,2014-09-23,T012,Xoloitzcuintles,T005,UANL Tigres,1,1,0,0,Estadio Caliente,D,0,
2185,Apertura 2014,2014,apertura,13,2014-09-23,T001,C. Azul,T017,Puebla FC,3,2,1,1,Estadio Ciudad de los Deportes,W,1,
2186,Apertura 2014,2014,apertura,13,2014-09-23,T014,Atlético San Luis,T006,León,2,0,2,0,Estadio Alfonso Lastras,W,0,
2187,Apertura 2014,2014,apertura,13,2014-09-23,T009,Santos,T008,Club Atlas,2,0,2,0,Estadio Corona,W,0,
2188,Apertura 2014,2014,apertura,13,2014-09-23,T004,Guadalajara,T011,Monarcas Morelia,0,3,0,3,Estadio Akron,L,0,ALERTA: 'Monarcas Morelia' renombrado 'Mazatlán FC' desde 2020 — mismo club_id T011
2189,Apertura 2014,2014,apertura,13,2014-09-23,T016,Querétaro FC,T010,Toluca FC,2,2,1,2,Estadio Corregidora,D,0,
2190,Apertura 2014,2014,apertura,13,2014-09-23,T007,Pumas UNAM,T013,Bravos de Juárez,2,2,2,0,Estadio Olímpico Universitario,D,0,
2191,Apertura 2014,2014,apertura,13,2014-09-23,T015,Club Necaxa,T018,Dorados Sinaloa,1,1,1,1,Estadio Victoria,D,0,ALERTA: 'Dorados Sinaloa' → 'Mazatlán FC' (2020) — club_id T018
2192,Apertura 2014,2014,apertura,14,2014-09-30,T013,FC Juárez,T003,Monterrey,4,1,2,0,Estadio Olímpico Benito Juárez,W,0,
2193,Apertura 2014,2014,apertura,14,2014-09-30,T012,Tijuana,T018,Dorados Sinaloa,2,2,0,1,Estadio Caliente,D,0,ALERTA: 'Dorados Sinaloa' → 'Mazatlán FC' (2020) — club_id T018
2194,Apertura 2014,2014,apertura,14,2014-09-30,T005,Tigres,T006,León FC,2,2,0,2,Estadio Universitario,D,0,
2195,Apertura 2014,2014,apertura,14,2014-09-30,T001,C. Azul,T015,Club Necaxa,0,1,0,0,Estadio Ciudad de los Deportes,L,1,
2196,Apertura 2014,2014,apertura,14,2014-09-30,T002,Club América,T010,Deportivo Toluca,0,2,0,1,Estadio Azteca,L,0,
2197,Apertura 2014,2014,apertura,14,2014-09-30,T016,Gallos Blancos,T014,A. San Luis,4,0,0,0,Estadio Corregidora,W,0,
2198,Apertura 2014,2014,apertura,14,2014-09-30,T004,Chivas,T011,Monarcas Morelia,0,1,0,1,Estadio Akron,L,0,ALERTA: 'Monarcas Morelia' renombrado 'Mazatlán FC' desde 2020 — mismo club_id T011
2199,Apertura 2014,2014,apertura,14,2014-09-30,T007,Pumas,T009,Santos Laguna,2,0,0,0,Estadio Olímpico Universitario,W,0,
2200,Apertura 2014,2014,apertura,15,2014-10-07,T004,Guadalajara,T007,UNAM Pumas,0,3,0,1,Estadio Akron,L,0,
2201,Apertura 2014,2014,apertura,15,2014-10-07,T002,Club América,T010,Deportivo Toluca,4,1,1,0,Estadio Azteca,W,0,
2202,Apertura 2014,2014,apertura,15,2014-10-07,T011,Monarcas Morelia,T015,Impulsora Necaxa,4,3,2,3,Estadio Morelos,W,0,ALERTA: 'Monarcas Morelia' renombrado 'Mazatlán FC' desde 2020 — mismo club_id T011
2203,Apertura 2014,2014,apertura,15,2014-10-07,T005,Tigres,T016,Querétaro,0,2,0,1,Estadio Universitario,L,0,
2204,Apertura 2014,2014,apertura,15,2014-10-07,T014,Atlético San Luis,T003,Rayados,0,0,0,0,Estadio Alfonso Lastras,D,0,
2205,Apertura 2014,2014,apertura,15,2014-10-07,T008,Club Atlas,T001,C. Azul,3,1,1,1,Estadio Jalisco,W,1,
2206,Apertura 2014,2014,apertura,15,2014-10-07,T009,Santos Laguna,T012,Club Tijuana,4,1,3,0,Estadio Corona,W,0,
2207,Apertura 2014,2014,apertura,15,2014-10-07,T006,León FC,T013,Juárez,4,1,4,0,Estadio León,W,0,
2208,Apertura 2014,2014,apertura,16,2014-10-14,T011,Monarcas Morelia,T014,A. San Luis,1,1,0,0,Estadio Morelos,D,0,ALERTA: 'Monarcas Morelia' renombrado 'Mazatlán FC' desde 2020 — mismo club_id T011
2209,Apertura 2014,2014,apertura,16,2014-10-14,T018,Dorados Sinaloa,T003,Monterrey,2,1,0,0,Estadio de Mazatlán,W,0,ALERTA: 'Dorados Sinaloa' → 'Mazatlán FC' (2020) — club_id T018
2210,Apertura 2014,2014,apertura,16,2014-10-14,T002,América,T004,Guadalajara,0,2,0,0,Estadio Azteca,L,0,
2211,Apertura 2014,2014,apertura,16,2014-10-14,T009,Santos Laguna FC,T008,Club Atlas,3,0,3,0,Estadio Corona,W,0,
2212,Apertura 2014,2014,apertura,16,2014-10-14,T006,Club León,T016,Querétaro,0,0,0,0,Estadio León,D,0,
2213,Apertura 2014,2014,apertura,16,2014-10-14,T001,Cruz Azul FC,T007,Pumas,0,0,0,0,Estadio Ciudad de los Deportes,D,1,
2214,Apertura 2014,2014,apertura,16,2014-10-14,T013,Juárez,T017,Puebla FC,1,4,1,4,Estadio Olímpico Benito Juárez,L,0,
2215,Apertura 2014,2014,apertura,16,2014-10-14,T012,Xoloitzcuintles,T010,Deportivo Toluca,4,3,3,2,Estadio Caliente,W,0,
2216,Apertura 2014,2014,apertura,17,2014-10-21,T010,Deportivo Toluca,T003,CF Monterrey,2,2,1,2,Estadio Nemesio Díez,D,0,
2217,Apertura 2014,2014,apertura,17,2014-10-21,T002,Club América,T016,Gallos Blancos,1,0,0,0,Estadio Azteca,W,0,
2218,Apertura 2014,2014,apertura,17,2014-10-21,T004,Chivas,T008,Atlas,1,1,0,0,Estadio Akron,D,0,
2219,Apertura 2014,2014,apertura,17,2014-10-21,T001,C. Azul,T011,Monarcas Morelia,2,1,2,1,Estadio Ciudad de los Deportes,W,1,ALERTA: 'Monarcas Morelia' renombrado 'Mazatlán FC' desde 2020 — mismo club_id T011
2220,Apertura 2014,2014,apertura,17,2014-10-21,T017,Puebla FC,T013,Bravos de Juárez,2,1,1,1,Estadio Cuauhtémoc,W,0,
2221,Apertura 2014,2014,apertura,17,2014-10-21,T015,Club Necaxa,T014,San Luis,3,2,2,1,Estadio Victoria,W,0,
2222,Apertura 2014,2014,apertura,17,2014-10-21,T007,Pumas UNAM,T009,Santos,2,1,0,1,Estadio Olímpico Universitario,W,0,
2223,Apertura 2014,2014,apertura,17,2014-10-21,T006,León,T005,UANL Tigres,2,1,0,0,Estadio León,W,0,
2224,Clausura 2015,2015,clausura,1,2015-01-01,T017,Club Puebla,T001,Cruz Azul,2,0,2,0,Estadio Cuauhtémoc,W,1,
2225,Clausura 2015,2015,clausura,1,2015-01-01,T018,Dorados Sinaloa,T016,Querétaro FC,2,2,1,2,Estadio de Mazatlán,D,0,ALERTA: 'Dorados Sinaloa' → 'Mazatlán FC' (2020) — club_id T018
2226,Clausura 2015,2015,clausura,1,2015-01-01,T002,Club América,T003,Monterrey,0,0,0,0,Estadio Azteca,D,0,
2227,Clausura 2015,2015,clausura,1,2015-01-01,T005,UANL Tigres,T015,Necaxa,3,1,1,1,Estadio Universitario,W,0,
2228,Clausura 2015,2015,clausura,1,2015-01-01,T012,Xoloitzcuintles,T010,Toluca,2,4,2,4,Estadio Caliente,L,0,
2229,Clausura 2015,2015,clausura,1,2015-01-01,T014,A. San Luis,T006,León FC,0,0,0,0,Estadio Alfonso Lastras,D,0,
2230,Clausura 2015,2015,clausura,1,2015-01-01,T008,Club Atlas,T011,Monarcas Morelia,2,1,1,0,Estadio Jalisco,W,0,ALERTA: 'Monarcas Morelia' renombrado 'Mazatlán FC' desde 2020 — mismo club_id T011
2231,Clausura 2015,2015,clausura,1,2015-01-01,T009,Santos Laguna,T007,Pumas,1,1,0,1,Estadio Corona,D,0,
2232,Clausura 2015,2015,clausura,2,2015-01-08,T011,Monarcas Morelia,T015,Impulsora Necaxa,0,0,0,0,Estadio Morelos,D,0,ALERTA: 'Monarcas Morelia' renombrado 'Mazatlán FC' desde 2020 — mismo club_id T011
2233,Clausura 2015,2015,clausura,2,2015-01-08,T018,Dorados Sinaloa,T004,Deportivo Guadalajara,3,3,1,0,Estadio de Mazatlán,D,0,ALERTA: 'Dorados Sinaloa' → 'Mazatlán FC' (2020) — club_id T018
2234,Clausura 2015,2015,clausura,2,2015-01-08,T014,San Luis,T010,Toluca FC,4,0,2,0,Estadio Alfonso Lastras,W,0,
2235,Clausura 2015,2015,clausura,2,2015-01-08,T002,América,T012,Xoloitzcuintles,0,2,0,1,Estadio Azteca,L,0,
2236,Clausura 2015,2015,clausura,2,2015-01-08,T001,C. Azul,T009,Santos,2,4,1,3,Estadio Ciudad de los Deportes,L,1,
2237,Clausura 2015,2015,clausura,2,2015-01-08,T006,León FC,T005,Tigres,1,3,0,1,Estadio León,L,0,
2238,Clausura 2015,2015,clausura,2,2015-01-08,T007,Pumas UNAM,T008,Atlas Guadalajara,0,0,0,0,Estadio Olímpico Universitario,D,0,
2239,Clausura 2015,2015,clausura,2,2015-01-08,T013,Juárez,T016,Gallos Blancos,3,2,1,1,Estadio Olímpico Benito Juárez,W,0,
2240,Clausura 2015,2015,clausura,3,2015-01-15,T002,CF América,T009,Santos,1,1,1,0,Estadio Azteca,D,0,
2241,Clausura 2015,2015,clausura,3,2015-01-15,T014,Atlético San Luis,T001,Cruz Azul FC,4,3,3,2,Estadio Alfonso Lastras,W,1,
2242,Clausura 2015,2015,clausura,3,2015-01-15,T015,Necaxa,T016,Querétaro FC,0,2,0,2,Estadio Victoria,L,0,
2243,Clausura 2015,2015,clausura,3,2015-01-15,T007,Pumas UNAM,T011,Monarcas Morelia,0,2,0,0,Estadio Olímpico Universitario,L,0,ALERTA: 'Monarcas Morelia' renombrado 'Mazatlán FC' desde 2020 — mismo club_id T011
2244,Clausura 2015,2015,clausura,3,2015-01-15,T018,Dorados Sinaloa,T003,Monterrey,1,2,0,0,Estadio de Mazatlán,L,0,ALERTA: 'Dorados Sinaloa' → 'Mazatlán FC' (2020) — club_id T018
2245,Clausura 2015,2015,clausura,3,2015-01-15,T010,Toluca,T017,Club Puebla,2,0,1,0,Estadio Nemesio Díez,W,0,
2246,Clausura 2015,2015,clausura,3,2015-01-15,T005,UANL Tigres,T012,Xoloitzcuintles,1,3,1,1,Estadio Universitario,L,0,
2247,Clausura 2015,2015,clausura,3,2015-01-15,T013,FC Juárez,T008,Atlas Guadalajara,2,0,2,0,Estadio Olímpico Benito Juárez,W,0,
2248,Clausura 2015,2015,clausura,4,2015-01-22,T005,Tigres UANL,T004,Deportivo Guadalajara,2,3,1,1,Estadio Universitario,L,0,
2249,Clausura 2015,2015,clausura,4,2015-01-22,T017,Club Puebla,T006,Club León,1,2,1,2,Estadio Cuauhtémoc,L,0,
2250,Clausura 2015,2015,clausura,4,2015-01-22,T014,San Luis,T015,Club Necaxa,1,2,1,2,Estadio Alfonso Lastras,L,0,
2251,Clausura 2015,2015,clausura,4,2015-01-22,T001,Cruz Azul,T008,Atlas,1,2,0,2,Estadio Ciudad de los Deportes,L,1,
2252,Clausura 2015,2015,clausura,4,2015-01-22,T016,Querétaro FC,T010,Deportivo Toluca,1,1,0,1,Estadio Corregidora,D,0,
2253,Clausura 2015,2015,clausura,4,2015-01-22,T003,Rayados,T011,Monarcas Morelia,4,4,1,0,Estadio BBVA,D,0,ALERTA: 'Monarcas Morelia' renombrado 'Mazatlán FC' desde 2020 — mismo club_id T011
2254,Clausura 2015,2015,clausura,4,2015-01-22,T007,Pumas UNAM,T018,Dorados Sinaloa,3,4,1,4,Estadio Olímpico Universitario,L,0,ALERTA: 'Dorados Sinaloa' → 'Mazatlán FC' (2020) — club_id T018
2255,Clausura 2015,2015,clausura,4,2015-01-22,T002,Club América,T009,Santos Laguna FC,0,1,0,1,Estadio Azteca,L,0,
2256,Clausura 2015,2015,clausura,5,2015-01-29,T013,FC Juárez,T012,Tijuana,2,2,0,2,Estadio Olímpico Benito Juárez,D,0,
2257,Clausura 2015,2015,clausura,5,2015-01-29,T010,Toluca,T005,Tigres UANL,1,0,1,0,Estadio Nemesio Díez,W,0,
2258,Clausura 2015,2015,clausura,5,2015-01-29,T011,Monarcas Morelia,T003,Rayados,2,0,1,0,Estadio Morelos,W,0,ALERTA: 'Monarcas Morelia' renombrado 'Mazatlán FC' desde 2020 — mismo club_id T011
2259,Clausura 2015,2015,clausura,5,2015-01-29,T002,Club América,T004,Guadalajara,2,0,0,0,Estadio Azteca,W,0,
2260,Clausura 2015,2015,clausura,5,2015-01-29,T014,Atlético San Luis,T017,La Franja,4,4,3,3,Estadio Alfonso Lastras,D,0,
2261,Clausura 2015,2015,clausura,5,2015-01-29,T018,Dorados Sinaloa,T015,Necaxa,2,0,1,0,Estadio de Mazatlán,W,0,ALERTA: 'Dorados Sinaloa' → 'Mazatlán FC' (2020) — club_id T018
2262,Clausura 2015,2015,clausura,5,2015-01-29,T008,Atlas,T016,Gallos Blancos,0,1,0,0,Estadio Jalisco,L,0,
2263,Clausura 2015,2015,clausura,5,2015-01-29,T001,C. Azul,T009,Santos,2,1,1,0,Estadio Ciudad de los Deportes,W,1,
2264,Clausura 2015,2015,clausura,6,2015-02-05,T006,Club León,T009,Santos,0,0,0,0,Estadio León,D,0,
2265,Clausura 2015,2015,clausura,6,2015-02-05,T005,Tigres UANL,T007,Pumas UNAM,3,1,0,0,Estadio Universitario,W,0,
2266,Clausura 2015,2015,clausura,6,2015-02-05,T001,C. Azul,T002,CF América,1,0,0,0,Estadio Ciudad de los Deportes,W,1,
2267,Clausura 2015,2015,clausura,6,2015-02-05,T008,Atlas,T010,Toluca FC,3,4,1,4,Estadio Jalisco,L,0,
2268,Clausura 2015,2015,clausura,6,2015-02-05,T004,Guadalajara,T018,Dorados Sinaloa,0,0,0,0,Estadio Akron,D,0,ALERTA: 'Dorados Sinaloa' → 'Mazatlán FC' (2020) — club_id T018
2269,Clausura 2015,2015,clausura,6,2015-02-05,T003,CF Monterrey,T015,Impulsora Necaxa,3,4,0,2,Estadio BBVA,L,0,
2270,Clausura 2015,2015,clausura,6,2015-02-05,T012,Club Tijuana,T017,Puebla FC,3,2,2,1,Estadio Caliente,W,0,
2271,Clausura 2015,2015,clausura,6,2015-02-05,T014,Atlético San Luis,T016,Querétaro FC,1,2,0,1,Estadio Alfonso Lastras,L,0,
2272,Clausura 2015,2015,clausura,7,2015-02-12,T007,UNAM Pumas,T011,Monarcas Morelia,1,0,0,0,Estadio Olímpico Universitario,W,0,ALERTA: 'Monarcas Morelia' renombrado 'Mazatlán FC' desde 2020 — mismo club_id T011
2273,Clausura 2015,2015,clausura,7,2015-02-12,T017,Puebla FC,T010,Toluca,0,4,0,1,Estadio Cuauhtémoc,L,0,
2274,Clausura 2015,2015,clausura,7,2015-02-12,T006,Club León,T016,Querétaro,1,1,1,1,Estadio León,D,0,
2275,Clausura 2015,2015,clausura,7,2015-02-12,T009,Santos Laguna FC,T003,Rayados,1,2,1,1,Estadio Corona,L,0,
2276,Clausura 2015,2015,clausura,7,2015-02-12,T004,Guadalajara,T002,Club América,3,1,3,1,Estadio Akron,W,0,
2277,Clausura 2015,2015,clausura,7,2015-02-12,T014,A. San Luis,T015,Club Necaxa,1,0,1,0,Estadio Alfonso Lastras,W,0,
2278,Clausura 2015,2015,clausura,7,2015-02-12,T001,Cruz Azul,T012,Club Tijuana,0,1,0,1,Estadio Ciudad de los Deportes,L,1,
2279,Clausura 2015,2015,clausura,7,2015-02-12,T013,Juárez,T018,Dorados Sinaloa,1,0,0,0,Estadio Olímpico Benito Juárez,W,0,ALERTA: 'Dorados Sinaloa' → 'Mazatlán FC' (2020) — club_id T018
2280,Clausura 2015,2015,clausura,8,2015-02-19,T001,C. Azul,T009,Santos,2,3,0,1,Estadio Ciudad de los Deportes,L,1,
2281,Clausura 2015,2015,clausura,8,2015-02-19,T006,León FC,T013,FC Juárez,0,1,0,1,Estadio León,L,0,
2282,Clausura 2015,2015,clausura,8,2015-02-19,T010,Toluca FC,T005,Tigres,2,0,0,0,Estadio Nemesio Díez,W,0,
2283,Clausura 2015,2015,clausura,8,2015-02-19,T018,Dorados Sinaloa,T015,Club Necaxa,2,0,2,0,Estadio de Mazatlán,W,0,ALERTA: 'Dorados Sinaloa' → 'Mazatlán FC' (2020) — club_id T018
2284,Clausura 2015,2015,clausura,8,2015-02-19,T004,Chivas,T008,Atlas Guadalajara,2,0,2,0,Estadio Akron,W,0,
2285,Clausura 2015,2015,clausura,8,2015-02-19,T002,América,T007,UNAM Pumas,1,0,1,0,Estadio Azteca,W,0,
2286,Clausura 2015,2015,clausura,8,2015-02-19,T003,Rayados,T012,Xoloitzcuintles,0,1,0,0,Estadio BBVA,L,0,
2287,Clausura 2015,2015,clausura,8,2015-02-19,T017,Club Puebla,T016,Gallos Blancos,4,0,1,0,Estadio Cuauhtémoc,W,0,
2288,Clausura 2015,2015,clausura,9,2015-02-26,T003,Monterrey,T007,UNAM Pumas,1,1,0,1,Estadio BBVA,D,0,
2289,Clausura 2015,2015,clausura,9,2015-02-26,T009,Santos Laguna FC,T018,Dorados Sinaloa,3,3,1,3,Estadio Corona,D,0,ALERTA: 'Dorados Sinaloa' → 'Mazatlán FC' (2020) — club_id T018
2290,Clausura 2015,2015,clausura,9,2015-02-26,T016,Querétaro,T002,América,2,2,2,0,Estadio Corregidora,D,0,
2291,Clausura 2015,2015,clausura,9,2015-02-26,T013,Bravos de Juárez,T005,Tigres,0,0,0,0,Estadio Olímpico Benito Juárez,D,0,
2292,Clausura 2015,2015,clausura,9,2015-02-26,T017,La Franja,T006,Club León,1,2,0,2,Estadio Cuauhtémoc,L,0,
2293,Clausura 2015,2015,clausura,9,2015-02-26,T011,Monarcas Morelia,T014,Atlético San Luis,1,3,0,1,Estadio Morelos,L,0,ALERTA: 'Monarcas Morelia' renombrado 'Mazatlán FC' desde 2020 — mismo club_id T011
2294,Clausura 2015,2015,clausura,9,2015-02-26,T004,Chivas,T012,Club Tijuana,2,2,0,0,Estadio Akron,D,0,
2295,Clausura 2015,2015,clausura,9,2015-02-26,T010,Toluca,T008,Atlas,2,3,0,3,Estadio Nemesio Díez,L,0,
2296,Clausura 2015,2015,clausura,10,2015-03-05,T001,C. Azul,T018,Dorados Sinaloa,3,0,3,0,Estadio Ciudad de los Deportes,W,1,ALERTA: 'Dorados Sinaloa' → 'Mazatlán FC' (2020) — club_id T018
2297,Clausura 2015,2015,clausura,10,2015-03-05,T004,Chivas,T007,Pumas UNAM,3,1,0,0,Estadio Akron,W,0,
2298,Clausura 2015,2015,clausura,10,2015-03-05,T012,Tijuana,T016,Querétaro FC,2,1,2,1,Estadio Caliente,W,0,
2299,Clausura 2015,2015,clausura,10,2015-03-05,T009,Santos,T002,América,3,2,0,1,Estadio Corona,W,0,
2300,Clausura 2015,2015,clausura,10,2015-03-05,T003,Rayados,T006,León,1,2,0,0,Estadio BBVA,L,0,
2301,Clausura 2015,2015,clausura,10,2015-03-05,T015,Club Necaxa,T014,A. San Luis,1,1,0,1,Estadio Victoria,D,0,
2302,Clausura 2015,2015,clausura,10,2015-03-05,T005,UANL Tigres,T008,Atlas Guadalajara,1,1,1,0,Estadio Universitario,D,0,
2303,Clausura 2015,2015,clausura,10,2015-03-05,T011,Monarcas Morelia,T013,FC Juárez,1,1,1,1,Estadio Morelos,D,0,ALERTA: 'Monarcas Morelia' renombrado 'Mazatlán FC' desde 2020 — mismo club_id T011
2304,Clausura 2015,2015,clausura,11,2015-03-12,T015,Club Necaxa,T011,Monarcas Morelia,1,1,1,0,Estadio Victoria,D,0,ALERTA: 'Monarcas Morelia' renombrado 'Mazatlán FC' desde 2020 — mismo club_id T011
2305,Clausura 2015,2015,clausura,11,2015-03-12,T016,Querétaro,T017,Puebla FC,0,0,0,0,Estadio Corregidora,D,0,
2306,Clausura 2015,2015,clausura,11,2015-03-12,T009,Santos Laguna FC,T008,Atlas Guadalajara,2,3,1,1,Estadio Corona,L,0,
2307,Clausura 2015,2015,clausura,11,2015-03-12,T010,Toluca,T002,Club América,2,0,1,0,Estadio Nemesio Díez,W,0,
2308,Clausura 2015,2015,clausura,11,2015-03-12,T007,Pumas UNAM,T003,Rayados,1,1,1,1,Estadio Olímpico Universitario,D,0,
2309,Clausura 2015,2015,clausura,11,2015-03-12,T004,Chivas,T013,FC Juárez,1,2,1,1,Estadio Akron,L,0,
2310,Clausura 2015,2015,clausura,11,2015-03-12,T012,Xoloitzcuintles,T018,Dorados Sinaloa,2,2,0,0,Estadio Caliente,D,0,ALERTA: 'Dorados Sinaloa' → 'Mazatlán FC' (2020) — club_id T018
2311,Clausura 2015,2015,clausura,11,2015-03-12,T006,Club León,T014,A. San Luis,4,2,3,2,Estadio León,W,0,
2312,Clausura 2015,2015,clausura,12,2015-03-19,T004,Deportivo Guadalajara,T008,Atlas,2,1,2,0,Estadio Akron,W,0,
2313,Clausura 2015,2015,clausura,12,2015-03-19,T010,Deportivo Toluca,T015,Club Necaxa,1,0,0,0,Estadio Nemesio Díez,W,0,
2314,Clausura 2015,2015,clausura,12,2015-03-19,T014,A. San Luis,T011,Monarcas Morelia,2,2,2,1,Estadio Alfonso Lastras,D,0,ALERTA: 'Monarcas Morelia' renombrado 'Mazatlán FC' desde 2020 — mismo club_id T011
2315,Clausura 2015,2015,clausura,12,2015-03-19,T012,Tijuana,T007,Pumas,0,0,0,0,Estadio Caliente,D,0,
2316,Clausura 2015,2015,clausura,12,2015-03-19,T006,Club León,T001,Cruz Azul,1,3,0,1,Estadio León,L,1,
2317,Clausura 2015,2015,clausura,12,2015-03-19,T009,Santos Laguna,T013,FC Juárez,1,2,1,2,Estadio Corona,L,0,
2318,Clausura 2015,2015,clausura,12,2015-03-19,T005,UANL Tigres,T017,Club Puebla,0,1,0,0,Estadio Universitario,L,0,
2319,Clausura 2015,2015,clausura,12,2015-03-19,T016,Querétaro FC,T018,Dorados Sinaloa,2,1,2,1,Estadio Corregidora,W,0,ALERTA: 'Dorados Sinaloa' → 'Mazatlán FC' (2020) — club_id T018
2320,Clausura 2015,2015,clausura,13,2015-03-26,T004,Guadalajara,T012,Club Tijuana,1,1,0,1,Estadio Akron,D,0,
2321,Clausura 2015,2015,clausura,13,2015-03-26,T016,Gallos Blancos,T017,Puebla FC,4,1,1,0,Estadio Corregidora,W,0,
2322,Clausura 2015,2015,clausura,13,2015-03-26,T015,Club Necaxa,T009,Santos Laguna,2,0,1,0,Estadio Victoria,W,0,
2323,Clausura 2015,2015,clausura,13,2015-03-26,T003,Rayados,T010,Toluca FC,4,1,3,0,Estadio BBVA,W,0,
2324,Clausura 2015,2015,clausura,13,2015-03-26,T005,UANL Tigres,T002,Club América,3,2,2,0,Estadio Universitario,W,0,
2325,Clausura 2015,2015,clausura,13,2015-03-26,T011,Monarcas Morelia,T006,León,0,3,0,0,Estadio Morelos,L,0,ALERTA: 'Monarcas Morelia' renombrado 'Mazatlán FC' desde 2020 — mismo club_id T011
2326,Clausura 2015,2015,clausura,13,2015-03-26,T008,Atlas,T007,Pumas,1,2,1,0,Estadio Jalisco,L,0,
2327,Clausura 2015,2015,clausura,13,2015-03-26,T018,Dorados Sinaloa,T001,Cruz Azul,1,3,0,3,Estadio de Mazatlán,L,1,ALERTA: 'Dorados Sinaloa' → 'Mazatlán FC' (2020) — club_id T018
2328,Clausura 2015,2015,clausura,14,2015-04-02,T004,Guadalajara,T013,Juárez,2,0,2,0,Estadio Akron,W,0,
2329,Clausura 2015,2015,clausura,14,2015-04-02,T010,Deportivo Toluca,T007,Pumas UNAM,0,2,0,0,Estadio Nemesio Díez,L,0,
2330,Clausura 2015,2015,clausura,14,2015-04-02,T002,América,T011,Monarcas Morelia,0,0,0,0,Estadio Azteca,D,0,ALERTA: 'Monarcas Morelia' renombrado 'Mazatlán FC' desde 2020 — mismo club_id T011
2331,Clausura 2015,2015,clausura,14,2015-04-02,T012,Club Tijuana,T005,Tigres,4,4,2,0,Estadio Caliente,D,0,
2332,Clausura 2015,2015,clausura,14,2015-04-02,T009,Santos Laguna FC,T014,Atlético San Luis,2,1,0,1,Estadio Corona,W,0,
2333,Clausura 2015,2015,clausura,14,2015-04-02,T018,Dorados Sinaloa,T015,Impulsora Necaxa,4,2,1,2,Estadio de Mazatlán,W,0,ALERTA: 'Dorados Sinaloa' → 'Mazatlán FC' (2020) — club_id T018
2334,Clausura 2015,2015,clausura,14,2015-04-02,T008,Club Atlas,T001,C. Azul,1,3,0,2,Estadio Jalisco,L,1,
2335,Clausura 2015,2015,clausura,14,2015-04-02,T017,Club Puebla,T006,León,3,1,1,1,Estadio Cuauhtémoc,W,0,
2336,Clausura 2015,2015,clausura,15,2015-04-09,T015,Club Necaxa,T009,Santos Laguna,2,3,0,2,Estadio Victoria,L,0,
2337,Clausura 2015,2015,clausura,15,2015-04-09,T016,Querétaro FC,T006,León FC,2,2,2,1,Estadio Corregidora,D,0,
2338,Clausura 2015,2015,clausura,15,2015-04-09,T004,Chivas,T017,La Franja,0,2,0,1,Estadio Akron,L,0,
2339,Clausura 2015,2015,clausura,15,2015-04-09,T002,América,T008,Atlas Guadalajara,2,2,1,1,Estadio Azteca,D,0,
2340,Clausura 2015,2015,clausura,15,2015-04-09,T013,FC Juárez,T005,Tigres,0,0,0,0,Estadio Olímpico Benito Juárez,D,0,
2341,Clausura 2015,2015,clausura,15,2015-04-09,T012,Tijuana,T018,Dorados Sinaloa,2,0,1,0,Estadio Caliente,W,0,ALERTA: 'Dorados Sinaloa' → 'Mazatlán FC' (2020) — club_id T018
2342,Clausura 2015,2015,clausura,15,2015-04-09,T003,Rayados,T001,Cruz Azul FC,2,3,0,0,Estadio BBVA,L,1,
2343,Clausura 2015,2015,clausura,15,2015-04-09,T014,San Luis,T011,Monarcas Morelia,2,0,0,0,Estadio Alfonso Lastras,W,0,ALERTA: 'Monarcas Morelia' renombrado 'Mazatlán FC' desde 2020 — mismo club_id T011
2344,Clausura 2015,2015,clausura,16,2015-04-16,T010,Toluca FC,T007,UNAM Pumas,4,1,0,0,Estadio Nemesio Díez,W,0,
2345,Clausura 2015,2015,clausura,16,2015-04-16,T016,Querétaro,T005,UANL Tigres,1,2,0,2,Estadio Corregidora,L,0,
2346,Clausura 2015,2015,clausura,16,2015-04-16,T004,Chivas,T015,Club Necaxa,2,2,1,1,Estadio Akron,D,0,
2347,Clausura 2015,2015,clausura,16,2015-04-16,T009,Santos Laguna,T012,Club Tijuana,3,0,3,0,Estadio Corona,W,0,
2348,Clausura 2015,2015,clausura,16,2015-04-16,T006,León FC,T014,San Luis,3,2,2,0,Estadio León,W,0,
2349,Clausura 2015,2015,clausura,16,2015-04-16,T008,Atlas Guadalajara,T002,América,2,2,1,1,Estadio Jalisco,D,0,
2350,Clausura 2015,2015,clausura,16,2015-04-16,T001,Cruz Azul FC,T017,Puebla FC,1,0,0,0,Estadio Ciudad de los Deportes,W,1,
2351,Clausura 2015,2015,clausura,16,2015-04-16,T011,Monarcas Morelia,T018,Dorados Sinaloa,2,0,0,0,Estadio Morelos,W,0,ALERTA: 'Dorados Sinaloa' → 'Mazatlán FC' (2020) — club_id T018
2352,Clausura 2015,2015,clausura,17,2015-04-23,T007,Pumas,T002,CF América,3,3,2,1,Estadio Olímpico Universitario,D,0,
2353,Clausura 2015,2015,clausura,17,2015-04-23,T005,Tigres UANL,T013,Bravos de Juárez,1,1,0,0,Estadio Universitario,D,0,
2354,Clausura 2015,2015,clausura,17,2015-04-23,T008,Club Atlas,T003,Monterrey,0,0,0,0,Estadio Jalisco,D,0,
2355,Clausura 2015,2015,clausura,17,2015-04-23,T004,Deportivo Guadalajara,T011,Monarcas Morelia,1,1,1,0,Estadio Akron,D,0,ALERTA: 'Monarcas Morelia' renombrado 'Mazatlán FC' desde 2020 — mismo club_id T011
2356,Clausura 2015,2015,clausura,17,2015-04-23,T017,Club Puebla,T015,Impulsora Necaxa,0,4,0,3,Estadio Cuauhtémoc,L,0,
2357,Clausura 2015,2015,clausura,17,2015-04-23,T009,Santos,T010,Deportivo Toluca,3,2,0,1,Estadio Corona,W,0,
2358,Clausura 2015,2015,clausura,17,2015-04-23,T018,Dorados Sinaloa,T016,Querétaro FC,1,0,0,0,Estadio de Mazatlán,W,0,ALERTA: 'Dorados Sinaloa' → 'Mazatlán FC' (2020) — club_id T018
2359,Clausura 2015,2015,clausura,17,2015-04-23,T001,Cruz Azul FC,T012,Xoloitzcuintles,3,1,1,0,Estadio Ciudad de los Deportes,W,1,
2360,Apertura 2015,2015,apertura,1,2015-07-01,T003,Rayados,T014,San Luis,1,1,1,1,Estadio BBVA,D,0,
2361,Apertura 2015,2015,apertura,1,2015-07-01,T015,Necaxa,T008,Atlas Guadalajara,4,3,2,0,Estadio Victoria,W,0,
2362,Apertura 2015,2015,apertura,1,2015-07-01,T017,Puebla FC,T002,América,1,2,1,1,Estadio Cuauhtémoc,L,0,
2363,Apertura 2015,2015,apertura,1,2015-07-01,T013,FC Juárez,T007,Pumas UNAM,4,1,4,0,Estadio Olímpico Benito Juárez,W,0,
2364,Apertura 2015,2015,apertura,1,2015-07-01,T011,Monarcas Morelia,T004,Chivas,1,0,0,0,Estadio Morelos,W,0,ALERTA: 'Monarcas Morelia' renombrado 'Mazatlán FC' desde 2020 — mismo club_id T011
2365,Apertura 2015,2015,apertura,1,2015-07-01,T009,Santos Laguna,T018,Dorados Sinaloa,2,3,0,0,Estadio Corona,L,0,ALERTA: 'Dorados Sinaloa' → 'Mazatlán FC' (2020) — club_id T018
2366,Apertura 2015,2015,apertura,1,2015-07-01,T001,Cruz Azul,T016,Gallos Blancos,2,3,0,1,Estadio Ciudad de los Deportes,L,1,
2367,Apertura 2015,2015,apertura,1,2015-07-01,T010,Toluca,T006,León,4,3,3,0,Estadio Nemesio Díez,W,0,
2368,Apertura 2015,2015,apertura,2,2015-07-08,T011,Monarcas Morelia,T003,CF Monterrey,1,3,0,2,Estadio Morelos,L,0,ALERTA: 'Monarcas Morelia' renombrado 'Mazatlán FC' desde 2020 — mismo club_id T011
2369,Apertura 2015,2015,apertura,2,2015-07-08,T010,Deportivo Toluca,T004,Guadalajara,3,1,3,0,Estadio Nemesio Díez,W,0,
2370,Apertura 2015,2015,apertura,2,2015-07-08,T017,Club Puebla,T005,UANL Tigres,0,2,0,2,Estadio Cuauhtémoc,L,0,
2371,Apertura 2015,2015,apertura,2,2015-07-08,T018,Dorados Sinaloa,T014,Atlético San Luis,1,0,1,0,Estadio de Mazatlán,W,0,ALERTA: 'Dorados Sinaloa' → 'Mazatlán FC' (2020) — club_id T018
2372,Apertura 2015,2015,apertura,2,2015-07-08,T007,Pumas,T002,Club América,2,0,0,0,Estadio Olímpico Universitario,W,0,
2373,Apertura 2015,2015,apertura,2,2015-07-08,T006,León,T013,Juárez,2,2,0,2,Estadio León,D,0,
2374,Apertura 2015,2015,apertura,2,2015-07-08,T009,Santos Laguna FC,T016,Querétaro,1,1,1,1,Estadio Corona,D,0,
2375,Apertura 2015,2015,apertura,2,2015-07-08,T008,Atlas,T012,Club Tijuana,3,3,3,2,Estadio Jalisco,D,0,
2376,Apertura 2015,2015,apertura,3,2015-07-15,T001,C. Azul,T015,Necaxa,4,1,0,0,Estadio Ciudad de los Deportes,W,1,
2377,Apertura 2015,2015,apertura,3,2015-07-15,T016,Gallos Blancos,T011,Monarcas Morelia,1,0,1,0,Estadio Corregidora,W,0,ALERTA: 'Monarcas Morelia' renombrado 'Mazatlán FC' desde 2020 — mismo club_id T011
2378,Apertura 2015,2015,apertura,3,2015-07-15,T012,Club Tijuana,T010,Toluca,1,0,0,0,Estadio Caliente,W,0,
2379,Apertura 2015,2015,apertura,3,2015-07-15,T018,Dorados Sinaloa,T013,Juárez,2,0,1,0,Estadio de Mazatlán,W,0,ALERTA: 'Dorados Sinaloa' → 'Mazatlán FC' (2020) — club_id T018
2380,Apertura 2015,2015,apertura,3,2015-07-15,T017,Puebla FC,T007,Pumas,1,4,1,1,Estadio Cuauhtémoc,L,0,
2381,Apertura 2015,2015,apertura,3,2015-07-15,T008,Atlas Guadalajara,T014,Atlético San Luis,1,4,0,2,Estadio Jalisco,L,0,
2382,Apertura 2015,2015,apertura,3,2015-07-15,T005,Tigres,T009,Santos Laguna,0,3,0,3,Estadio Universitario,L,0,
2383,Apertura 2015,2015,apertura,3,2015-07-15,T004,Deportivo Guadalajara,T006,Club León,3,4,3,0,Estadio Akron,L,0,
2384,Apertura 2015,2015,apertura,4,2015-07-22,T002,América,T001,C. Azul,3,0,2,0,Estadio Azteca,W,1,
2385,Apertura 2015,2015,apertura,4,2015-07-22,T012,Xoloitzcuintles,T007,UNAM Pumas,4,2,2,2,Estadio Caliente,W,0,
2386,Apertura 2015,2015,apertura,4,2015-07-22,T004,Guadalajara,T018,Dorados Sinaloa,1,2,1,0,Estadio Akron,L,0,ALERTA: 'Dorados Sinaloa' → 'Mazatlán FC' (2020) — club_id T018
2387,Apertura 2015,2015,apertura,4,2015-07-22,T006,León FC,T017,La Franja,3,0,2,0,Estadio León,W,0,
2388,Apertura 2015,2015,apertura,4,2015-07-22,T005,Tigres,T003,Monterrey,3,1,2,1,Estadio Universitario,W,0,
2389,Apertura 2015,2015,apertura,4,2015-07-22,T016,Querétaro FC,T015,Club Necaxa,1,0,1,0,Estadio Corregidora,W,0,
2390,Apertura 2015,2015,apertura,4,2015-07-22,T008,Atlas,T010,Toluca,2,2,0,0,Estadio Jalisco,D,0,
2391,Apertura 2015,2015,apertura,4,2015-07-22,T009,Santos Laguna FC,T011,Monarcas Morelia,4,0,0,0,Estadio Corona,W,0,ALERTA: 'Monarcas Morelia' renombrado 'Mazatlán FC' desde 2020 — mismo club_id T011
2392,Apertura 2015,2015,apertura,5,2015-07-29,T016,Gallos Blancos,T018,Dorados Sinaloa,3,0,1,0,Estadio Corregidora,W,0,ALERTA: 'Dorados Sinaloa' → 'Mazatlán FC' (2020) — club_id T018
2393,Apertura 2015,2015,apertura,5,2015-07-29,T006,León FC,T013,Juárez,1,0,0,0,Estadio León,W,0,
2394,Apertura 2015,2015,apertura,5,2015-07-29,T005,UANL Tigres,T011,Monarcas Morelia,2,1,1,1,Estadio Universitario,W,0,ALERTA: 'Monarcas Morelia' renombrado 'Mazatlán FC' desde 2020 — mismo club_id T011
2395,Apertura 2015,2015,apertura,5,2015-07-29,T003,Monterrey,T017,Puebla FC,3,0,2,0,Estadio BBVA,W,0,
2396,Apertura 2015,2015,apertura,5,2015-07-29,T001,C. Azul,T007,UNAM Pumas,0,0,0,0,Estadio Ciudad de los Deportes,D,1,
2397,Apertura 2015,2015,apertura,5,2015-07-29,T014,San Luis,T008,Atlas,3,1,3,1,Estadio Alfonso Lastras,W,0,
2398,Apertura 2015,2015,apertura,5,2015-07-29,T015,Impulsora Necaxa,T009,Santos,1,0,1,0,Estadio Victoria,W,0,
2399,Apertura 2015,2015,apertura,5,2015-07-29,T012,Tijuana,T010,Toluca FC,1,3,1,0,Estadio Caliente,L,0,
2400,Apertura 2015,2015,apertura,6,2015-08-05,T018,Dorados Sinaloa,T009,Santos Laguna FC,0,1,0,0,Estadio de Mazatlán,L,0,ALERTA: 'Dorados Sinaloa' → 'Mazatlán FC' (2020) — club_id T018
2401,Apertura 2015,2015,apertura,6,2015-08-05,T006,León,T017,Puebla FC,1,3,0,2,Estadio León,L,0,
2402,Apertura 2015,2015,apertura,6,2015-08-05,T014,A. San Luis,T011,Monarcas Morelia,1,1,0,1,Estadio Alfonso Lastras,D,0,ALERTA: 'Monarcas Morelia' renombrado 'Mazatlán FC' desde 2020 — mismo club_id T011
2403,Apertura 2015,2015,apertura,6,2015-08-05,T001,Cruz Azul FC,T010,Toluca FC,0,1,0,1,Estadio Ciudad de los Deportes,L,1,
2404,Apertura 2015,2015,apertura,6,2015-08-05,T008,Atlas Guadalajara,T012,Club Tijuana,0,1,0,1,Estadio Jalisco,L,0,
2405,Apertura 2015,2015,apertura,6,2015-08-05,T003,Rayados,T005,UANL Tigres,1,1,0,1,Estadio BBVA,D,0,
2406,Apertura 2015,2015,apertura,6,2015-08-05,T002,Club América,T016,Querétaro,3,0,1,0,Estadio Azteca,W,0,
2407,Apertura 2015,2015,apertura,6,2015-08-05,T004,Guadalajara,T007,UNAM Pumas,2,0,2,0,Estadio Akron,W,0,
2408,Apertura 2015,2015,apertura,7,2015-08-12,T006,León FC,T018,Dorados Sinaloa,4,1,0,1,Estadio León,W,0,ALERTA: 'Dorados Sinaloa' → 'Mazatlán FC' (2020) — club_id T018
2409,Apertura 2015,2015,apertura,7,2015-08-12,T017,Puebla FC,T002,América,0,0,0,0,Estadio Cuauhtémoc,D,0,
2410,Apertura 2015,2015,apertura,7,2015-08-12,T001,Cruz Azul FC,T012,Club Tijuana,2,0,1,0,Estadio Ciudad de los Deportes,W,1,
2411,Apertura 2015,2015,apertura,7,2015-08-12,T003,Rayados,T007,Pumas,2,3,1,3,Estadio BBVA,L,0,
2412,Apertura 2015,2015,apertura,7,2015-08-12,T010,Toluca,T013,Bravos de Juárez,0,1,0,1,Estadio Nemesio Díez,L,0,
2413,Apertura 2015,2015,apertura,7,2015-08-12,T008,Atlas,T016,Gallos Blancos,0,2,0,2,Estadio Jalisco,L,0,
2414,Apertura 2015,2015,apertura,7,2015-08-12,T011,Monarcas Morelia,T004,Guadalajara,2,1,1,1,Estadio Morelos,W,0,ALERTA: 'Monarcas Morelia' renombrado 'Mazatlán FC' desde 2020 — mismo club_id T011
2415,Apertura 2015,2015,apertura,7,2015-08-12,T009,Santos,T015,Club Necaxa,4,0,0,0,Estadio Corona,W,0,
2416,Apertura 2015,2015,apertura,8,2015-08-19,T015,Impulsora Necaxa,T018,Dorados Sinaloa,3,0,1,0,Estadio Victoria,W,0,ALERTA: 'Dorados Sinaloa' → 'Mazatlán FC' (2020) — club_id T018
2417,Apertura 2015,2015,apertura,8,2015-08-19,T003,Rayados,T013,Juárez,0,3,0,0,Estadio BBVA,L,0,
2418,Apertura 2015,2015,apertura,8,2015-08-19,T010,Toluca FC,T012,Club Tijuana,2,1,2,1,Estadio Nemesio Díez,W,0,
2419,Apertura 2015,2015,apertura,8,2015-08-19,T005,UANL Tigres,T002,América,0,2,0,2,Estadio Universitario,L,0,
2420,Apertura 2015,2015,apertura,8,2015-08-19,T001,Cruz Azul,T004,Deportivo Guadalajara,1,1,0,1,Estadio Ciudad de los Deportes,D,1,
2421,Apertura 2015,2015,apertura,8,2015-08-19,T016,Querétaro FC,T006,León FC,2,4,1,4,Estadio Corregidora,L,0,
2422,Apertura 2015,2015,apertura,8,2015-08-19,T007,UNAM Pumas,T014,A. San Luis,2,1,1,0,Estadio Olímpico Universitario,W,0,
2423,Apertura 2015,2015,apertura,8,2015-08-19,T008,Atlas,T017,Puebla FC,1,0,1,0,Estadio Jalisco,W,0,
2424,Apertura 2015,2015,apertura,9,2015-08-26,T011,Monarcas Morelia,T013,FC Juárez,3,1,0,1,Estadio Morelos,W,0,ALERTA: 'Monarcas Morelia' renombrado 'Mazatlán FC' desde 2020 — mismo club_id T011
2425,Apertura 2015,2015,apertura,9,2015-08-26,T014,A. San Luis,T003,Monterrey,1,1,0,0,Estadio Alfonso Lastras,D,0,
2426,Apertura 2015,2015,apertura,9,2015-08-26,T001,C. Azul,T005,Tigres,2,0,1,0,Estadio Ciudad de los Deportes,W,1,
2427,Apertura 2015,2015,apertura,9,2015-08-26,T007,Pumas,T018,Dorados Sinaloa,4,3,4,0,Estadio Olímpico Universitario,W,0,ALERTA: 'Dorados Sinaloa' → 'Mazatlán FC' (2020) — club_id T018
2428,Apertura 2015,2015,apertura,9,2015-08-26,T004,Deportivo Guadalajara,T012,Xoloitzcuintles,1,3,0,3,Estadio Akron,L,0,
2429,Apertura 2015,2015,apertura,9,2015-08-26,T009,Santos Laguna FC,T008,Club Atlas,2,2,2,2,Estadio Corona,D,0,
2430,Apertura 2015,2015,apertura,9,2015-08-26,T006,León FC,T016,Querétaro FC,2,2,1,1,Estadio León,D,0,
2431,Apertura 2015,2015,apertura,9,2015-08-26,T002,Club América,T017,Club Puebla,4,0,1,0,Estadio Azteca,W,0,
2432,Apertura 2015,2015,apertura,10,2015-09-02,T017,Puebla FC,T002,Club América,2,2,1,2,Estadio Cuauhtémoc,D,0,
2433,Apertura 2015,2015,apertura,10,2015-09-02,T003,Rayados,T013,FC Juárez,1,1,0,0,Estadio BBVA,D,0,
2434,Apertura 2015,2015,apertura,10,2015-09-02,T018,Dorados Sinaloa,T004,Chivas,2,0,0,0,Estadio de Mazatlán,W,0,ALERTA: 'Dorados Sinaloa' → 'Mazatlán FC' (2020) — club_id T018
2435,Apertura 2015,2015,apertura,10,2015-09-02,T012,Xoloitzcuintles,T010,Deportivo Toluca,3,0,3,0,Estadio Caliente,W,0,
2436,Apertura 2015,2015,apertura,10,2015-09-02,T001,Cruz Azul,T015,Necaxa,1,4,1,0,Estadio Ciudad de los Deportes,L,1,
2437,Apertura 2015,2015,apertura,10,2015-09-02,T014,Atlético San Luis,T016,Querétaro,3,1,1,0,Estadio Alfonso Lastras,W,0,
2438,Apertura 2015,2015,apertura,10,2015-09-02,T011,Monarcas Morelia,T007,Pumas UNAM,0,1,0,1,Estadio Morelos,L,0,ALERTA: 'Monarcas Morelia' renombrado 'Mazatlán FC' desde 2020 — mismo club_id T011
2439,Apertura 2015,2015,apertura,10,2015-09-02,T008,Atlas,T009,Santos,3,4,3,0,Estadio Jalisco,L,0,
2440,Apertura 2015,2015,apertura,11,2015-09-09,T001,Cruz Azul FC,T003,CF Monterrey,0,1,0,0,Estadio Ciudad de los Deportes,L,1,
2441,Apertura 2015,2015,apertura,11,2015-09-09,T012,Club Tijuana,T008,Atlas Guadalajara,1,3,0,0,Estadio Caliente,L,0,
2442,Apertura 2015,2015,apertura,11,2015-09-09,T010,Deportivo Toluca,T009,Santos Laguna FC,0,4,0,3,Estadio Nemesio Díez,L,0,
2443,Apertura 2015,2015,apertura,11,2015-09-09,T011,Monarcas Morelia,T006,León FC,0,2,0,2,Estadio Morelos,L,0,ALERTA: 'Monarcas Morelia' renombrado 'Mazatlán FC' desde 2020 — mismo club_id T011
2444,Apertura 2015,2015,apertura,11,2015-09-09,T005,Tigres UANL,T018,Dorados Sinaloa,1,0,1,0,Estadio Universitario,W,0,ALERTA: 'Dorados Sinaloa' → 'Mazatlán FC' (2020) — club_id T018
2445,Apertura 2015,2015,apertura,11,2015-09-09,T013,Juárez,T004,Deportivo Guadalajara,1,2,0,1,Estadio Olímpico Benito Juárez,L,0,
2446,Apertura 2015,2015,apertura,11,2015-09-09,T002,Club América,T015,Necaxa,0,0,0,0,Estadio Azteca,D,0,
2447,Apertura 2015,2015,apertura,11,2015-09-09,T017,Club Puebla,T007,UNAM Pumas,1,3,0,3,Estadio Cuauhtémoc,L,0,
2448,Apertura 2015,2015,apertura,12,2015-09-16,T012,Xoloitzcuintles,T002,CF América,4,0,1,0,Estadio Caliente,W,0,
2449,Apertura 2015,2015,apertura,12,2015-09-16,T003,CF Monterrey,T006,León FC,2,2,1,2,Estadio BBVA,D,0,
2450,Apertura 2015,2015,apertura,12,2015-09-16,T001,C. Azul,T011,Monarcas Morelia,0,4,0,1,Estadio Ciudad de los Deportes,L,1,ALERTA: 'Monarcas Morelia' renombrado 'Mazatlán FC' desde 2020 — mismo club_id T011
2451,Apertura 2015,2015,apertura,12,2015-09-16,T016,Querétaro,T014,Atlético San Luis,2,0,0,0,Estadio Corregidora,W,0,
2452,Apertura 2015,2015,apertura,12,2015-09-16,T010,Toluca FC,T005,Tigres UANL,1,1,0,1,Estadio Nemesio Díez,D,0,
2453,Apertura 2015,2015,apertura,12,2015-09-16,T013,Juárez,T004,Guadalajara,2,1,0,0,Estadio Olímpico Benito Juárez,W,0,
2454,Apertura 2015,2015,apertura,12,2015-09-16,T015,Club Necaxa,T009,Santos Laguna,2,1,0,0,Estadio Victoria,W,0,
2455,Apertura 2015,2015,apertura,12,2015-09-16,T007,UNAM Pumas,T008,Club Atlas,4,0,1,0,Estadio Olímpico Universitario,W,0,
2456,Apertura 2015,2015,apertura,13,2015-09-23,T018,Dorados Sinaloa,T008,Atlas Guadalajara,2,4,2,0,Estadio de Mazatlán,L,0,ALERTA: 'Dorados Sinaloa' → 'Mazatlán FC' (2020) — club_id T018
2457,Apertura 2015,2015,apertura,13,2015-09-23,T003,Rayados,T009,Santos Laguna FC,0,2,0,0,Estadio BBVA,L,0,
2458,Apertura 2015,2015,apertura,13,2015-09-23,T014,Atlético San Luis,T007,UNAM Pumas,4,1,3,0,Estadio Alfonso Lastras,W,0,
2459,Apertura 2015,2015,apertura,13,2015-09-23,T017,Puebla FC,T005,Tigres UANL,3,0,2,0,Estadio Cuauhtémoc,W,0,
2460,Apertura 2015,2015,apertura,13,2015-09-23,T010,Toluca FC,T006,Club León,0,1,0,0,Estadio Nemesio Díez,L,0,
2461,Apertura 2015,2015,apertura,13,2015-09-23,T016,Querétaro,T011,Monarcas Morelia,2,0,1,0,Estadio Corregidora,W,0,ALERTA: 'Monarcas Morelia' renombrado 'Mazatlán FC' desde 2020 — mismo club_id T011
2462,Apertura 2015,2015,apertura,13,2015-09-23,T013,FC Juárez,T001,C. Azul,1,2,0,2,Estadio Olímpico Benito Juárez,L,1,
2463,Apertura 2015,2015,apertura,13,2015-09-23,T015,Necaxa,T012,Tijuana,1,2,0,2,Estadio Victoria,L,0,
2464,Apertura 2015,2015,apertura,14,2015-09-30,T013,Bravos de Juárez,T010,Toluca,3,0,0,0,Estadio Olímpico Benito Juárez,W,0,
2465,Apertura 2015,2015,apertura,14,2015-09-30,T004,Deportivo Guadalajara,T009,Santos Laguna FC,0,2,0,2,Estadio Akron,L,0,
2466,Apertura 2015,2015,apertura,14,2015-09-30,T014,A. San Luis,T012,Xoloitzcuintles,1,2,1,0,Estadio Alfonso Lastras,L,0,
2467,Apertura 2015,2015,apertura,14,2015-09-30,T001,C. Azul,T017,Club Puebla,1,3,0,2,Estadio Ciudad de los Deportes,L,1,
2468,Apertura 2015,2015,apertura,14,2015-09-30,T006,Club León,T015,Necaxa,1,0,1,0,Estadio León,W,0,
2469,Apertura 2015,2015,apertura,14,2015-09-30,T011,Monarcas Morelia,T016,Querétaro FC,0,0,0,0,Estadio Morelos,D,0,ALERTA: 'Monarcas Morelia' renombrado 'Mazatlán FC' desde 2020 — mismo club_id T011
2470,Apertura 2015,2015,apertura,14,2015-09-30,T018,Dorados Sinaloa,T005,UANL Tigres,0,2,0,2,Estadio de Mazatlán,L,0,ALERTA: 'Dorados Sinaloa' → 'Mazatlán FC' (2020) — club_id T018
2471,Apertura 2015,2015,apertura,14,2015-09-30,T007,UNAM Pumas,T008,Club Atlas,4,2,4,2,Estadio Olímpico Universitario,W,0,
2472,Apertura 2015,2015,apertura,15,2015-10-07,T002,América,T015,Necaxa,0,1,0,1,Estadio Azteca,L,0,
2473,Apertura 2015,2015,apertura,15,2015-10-07,T014,Atlético San Luis,T004,Guadalajara,0,3,0,2,Estadio Alfonso Lastras,L,0,
2474,Apertura 2015,2015,apertura,15,2015-10-07,T013,Bravos de Juárez,T011,Monarcas Morelia,0,0,0,0,Estadio Olímpico Benito Juárez,D,0,ALERTA: 'Monarcas Morelia' renombrado 'Mazatlán FC' desde 2020 — mismo club_id T011
2475,Apertura 2015,2015,apertura,15,2015-10-07,T003,CF Monterrey,T006,León,1,2,1,0,Estadio BBVA,L,0,
2476,Apertura 2015,2015,apertura,15,2015-10-07,T009,Santos Laguna FC,T012,Tijuana,4,1,4,1,Estadio Corona,W,0,
2477,Apertura 2015,2015,apertura,15,2015-10-07,T007,Pumas,T005,UANL Tigres,0,2,0,2,Estadio Olímpico Universitario,L,0,
2478,Apertura 2015,2015,apertura,15,2015-10-07,T017,Club Puebla,T008,Club Atlas,2,0,2,0,Estadio Cuauhtémoc,W,0,
2479,Apertura 2015,2015,apertura,15,2015-10-07,T016,Querétaro FC,T010,Deportivo Toluca,3,1,1,0,Estadio Corregidora,W,0,
2480,Apertura 2015,2015,apertura,16,2015-10-14,T012,Xoloitzcuintles,T014,Atlético San Luis,1,1,0,0,Estadio Caliente,D,0,
2481,Apertura 2015,2015,apertura,16,2015-10-14,T010,Deportivo Toluca,T016,Querétaro FC,2,1,2,0,Estadio Nemesio Díez,W,0,
2482,Apertura 2015,2015,apertura,16,2015-10-14,T011,Monarcas Morelia,T009,Santos Laguna FC,1,2,0,0,Estadio Morelos,L,0,ALERTA: 'Monarcas Morelia' renombrado 'Mazatlán FC' desde 2020 — mismo club_id T011
2483,Apertura 2015,2015,apertura,16,2015-10-14,T005,UANL Tigres,T017,Puebla FC,3,1,3,0,Estadio Universitario,W,0,
2484,Apertura 2015,2015,apertura,16,2015-10-14,T006,León,T018,Dorados Sinaloa,4,1,2,1,Estadio León,W,0,ALERTA: 'Dorados Sinaloa' → 'Mazatlán FC' (2020) — club_id T018
2485,Apertura 2015,2015,apertura,16,2015-10-14,T003,Monterrey,T002,CF América,2,2,2,0,Estadio BBVA,D,0,
2486,Apertura 2015,2015,apertura,16,2015-10-14,T013,Juárez,T004,Guadalajara,2,1,0,0,Estadio Olímpico Benito Juárez,W,0,
2487,Apertura 2015,2015,apertura,16,2015-10-14,T008,Atlas Guadalajara,T015,Impulsora Necaxa,1,1,1,1,Estadio Jalisco,D,0,
2488,Apertura 2015,2015,apertura,17,2015-10-21,T009,Santos Laguna,T008,Atlas,4,0,1,0,Estadio Corona,W,0,
2489,Apertura 2015,2015,apertura,17,2015-10-21,T001,Cruz Azul,T004,Deportivo Guadalajara,0,1,0,1,Estadio Ciudad de los Deportes,L,1,
2490,Apertura 2015,2015,apertura,17,2015-10-21,T010,Deportivo Toluca,T018,Dorados Sinaloa,0,3,0,1,Estadio Nemesio Díez,L,0,ALERTA: 'Dorados Sinaloa' → 'Mazatlán FC' (2020) — club_id T018
2491,Apertura 2015,2015,apertura,17,2015-10-21,T015,Club Necaxa,T003,Monterrey,3,0,3,0,Estadio Victoria,W,0,
2492,Apertura 2015,2015,apertura,17,2015-10-21,T012,Xoloitzcuintles,T016,Querétaro,1,0,0,0,Estadio Caliente,W,0,
2493,Apertura 2015,2015,apertura,17,2015-10-21,T017,Puebla FC,T002,CF América,2,1,2,0,Estadio Cuauhtémoc,W,0,
2494,Apertura 2015,2015,apertura,17,2015-10-21,T007,Pumas UNAM,T006,Club León,0,2,0,2,Estadio Olímpico Universitario,L,0,
2495,Apertura 2015,2015,apertura,17,2015-10-21,T014,San Luis,T011,Monarcas Morelia,1,2,1,1,Estadio Alfonso Lastras,L,0,ALERTA: 'Monarcas Morelia' renombrado 'Mazatlán FC' desde 2020 — mismo club_id T011
2496,Clausura 2016,2016,clausura,1,2016-01-01,T018,Dorados Sinaloa,T010,Deportivo Toluca,3,0,0,0,Estadio de Mazatlán,W,0,ALERTA: 'Dorados Sinaloa' → 'Mazatlán FC' (2020) — club_id T018
2497,Clausura 2016,2016,clausura,1,2016-01-01,T016,Querétaro,T006,León,2,2,1,0,Estadio Corregidora,D,0,
2498,Clausura 2016,2016,clausura,1,2016-01-01,T002,América,T017,La Franja,4,2,0,1,Estadio Azteca,W,0,
2499,Clausura 2016,2016,clausura,1,2016-01-01,T001,C. Azul,T005,Tigres,1,2,1,0,Estadio Ciudad de los Deportes,L,1,
2500,Clausura 2016,2016,clausura,1,2016-01-01,T007,Pumas,T014,San Luis,0,1,0,0,Estadio Olímpico Universitario,L,0,
2501,Clausura 2016,2016,clausura,1,2016-01-01,T011,Monarcas Morelia,T012,Xoloitzcuintles,1,0,1,0,Estadio Morelos,W,0,ALERTA: 'Monarcas Morelia' renombrado 'Mazatlán FC' desde 2020 — mismo club_id T011
2502,Clausura 2016,2016,clausura,1,2016-01-01,T009,Santos Laguna FC,T004,Deportivo Guadalajara,1,4,0,2,Estadio Corona,L,0,
2503,Clausura 2016,2016,clausura,1,2016-01-01,T003,Rayados,T008,Atlas,4,3,3,0,Estadio BBVA,W,0,
2504,Clausura 2016,2016,clausura,2,2016-01-08,T004,Chivas,T008,Club Atlas,1,0,1,0,Estadio Akron,W,0,
2505,Clausura 2016,2016,clausura,2,2016-01-08,T001,C. Azul,T009,Santos Laguna,1,2,0,2,Estadio Ciudad de los Deportes,L,1,
2506,Clausura 2016,2016,clausura,2,2016-01-08,T018,Dorados Sinaloa,T013,Juárez,2,0,0,0,Estadio de Mazatlán,W,0,ALERTA: 'Dorados Sinaloa' → 'Mazatlán FC' (2020) — club_id T018
2507,Clausura 2016,2016,clausura,2,2016-01-08,T002,CF América,T005,Tigres,4,4,3,2,Estadio Azteca,D,0,
2508,Clausura 2016,2016,clausura,2,2016-01-08,T007,Pumas,T015,Impulsora Necaxa,2,2,0,0,Estadio Olímpico Universitario,D,0,
2509,Clausura 2016,2016,clausura,2,2016-01-08,T017,Puebla FC,T014,San Luis,1,1,0,0,Estadio Cuauhtémoc,D,0,
2510,Clausura 2016,2016,clausura,2,2016-01-08,T012,Tijuana,T006,León FC,1,2,1,0,Estadio Caliente,L,0,
2511,Clausura 2016,2016,clausura,2,2016-01-08,T016,Querétaro FC,T010,Toluca FC,1,0,0,0,Estadio Corregidora,W,0,
2512,Clausura 2016,2016,clausura,3,2016-01-15,T011,Monarcas Morelia,T009,Santos,2,3,0,2,Estadio Morelos,L,0,ALERTA: 'Monarcas Morelia' renombrado 'Mazatlán FC' desde 2020 — mismo club_id T011
2513,Clausura 2016,2016,clausura,3,2016-01-15,T006,León FC,T014,San Luis,2,2,2,0,Estadio León,D,0,
2514,Clausura 2016,2016,clausura,3,2016-01-15,T013,Juárez,T008,Atlas,0,2,0,0,Estadio Olímpico Benito Juárez,L,0,
2515,Clausura 2016,2016,clausura,3,2016-01-15,T017,La Franja,T003,Monterrey,2,1,2,1,Estadio Cuauhtémoc,W,0,
2516,Clausura 2016,2016,clausura,3,2016-01-15,T010,Deportivo Toluca,T012,Xoloitzcuintles,2,1,1,0,Estadio Nemesio Díez,W,0,
2517,Clausura 2016,2016,clausura,3,2016-01-15,T007,Pumas UNAM,T005,UANL Tigres,2,1,1,0,Estadio Olímpico Universitario,W,0,
2518,Clausura 2016,2016,clausura,3,2016-01-15,T015,Impulsora Necaxa,T016,Querétaro,1,3,1,2,Estadio Victoria,L,0,
2519,Clausura 2016,2016,clausura,3,2016-01-15,T002,CF América,T004,Deportivo Guadalajara,1,0,1,0,Estadio Azteca,W,0,
2520,Clausura 2016,2016,clausura,4,2016-01-22,T004,Guadalajara,T011,Monarcas Morelia,0,0,0,0,Estadio Akron,D,0,ALERTA: 'Monarcas Morelia' renombrado 'Mazatlán FC' desde 2020 — mismo club_id T011
2521,Clausura 2016,2016,clausura,4,2016-01-22,T007,Pumas UNAM,T012,Tijuana,1,0,1,0,Estadio Olímpico Universitario,W,0,
2522,Clausura 2016,2016,clausura,4,2016-01-22,T003,Rayados,T009,Santos Laguna,2,0,2,0,Estadio BBVA,W,0,
2523,Clausura 2016,2016,clausura,4,2016-01-22,T015,Necaxa,T006,León,1,1,0,1,Estadio Victoria,D,0,
2524,Clausura 2016,2016,clausura,4,2016-01-22,T018,Dorados Sinaloa,T005,Tigres,3,3,3,2,Estadio de Mazatlán,D,0,ALERTA: 'Dorados Sinaloa' → 'Mazatlán FC' (2020) — club_id T018
2525,Clausura 2016,2016,clausura,4,2016-01-22,T010,Deportivo Toluca,T013,FC Juárez,1,3,1,0,Estadio Nemesio Díez,L,0,
2526,Clausura 2016,2016,clausura,4,2016-01-22,T002,CF América,T008,Atlas Guadalajara,0,4,0,0,Estadio Azteca,L,0,
2527,Clausura 2016,2016,clausura,4,2016-01-22,T016,Querétaro FC,T001,C. Azul,1,1,1,0,Estadio Corregidora,D,1,
2528,Clausura 2016,2016,clausura,5,2016-01-29,T012,Tijuana,T013,Bravos de Juárez,2,1,2,1,Estadio Caliente,W,0,
2529,Clausura 2016,2016,clausura,5,2016-01-29,T010,Deportivo Toluca,T005,Tigres UANL,2,3,1,0,Estadio Nemesio Díez,L,0,
2530,Clausura 2016,2016,clausura,5,2016-01-29,T015,Necaxa,T008,Club Atlas,2,1,0,0,Estadio Victoria,W,0,
2531,Clausura 2016,2016,clausura,5,2016-01-29,T004,Guadalajara,T003,Rayados,2,2,0,1,Estadio Akron,D,0,
2532,Clausura 2016,2016,clausura,5,2016-01-29,T001,C. Azul,T017,Club Puebla,2,1,0,0,Estadio Ciudad de los Deportes,W,1,
2533,Clausura 2016,2016,clausura,5,2016-01-29,T009,Santos,T014,San Luis,3,2,2,0,Estadio Corona,W,0,
2534,Clausura 2016,2016,clausura,5,2016-01-29,T011,Monarcas Morelia,T006,León FC,4,1,1,1,Estadio Morelos,W,0,ALERTA: 'Monarcas Morelia' renombrado 'Mazatlán FC' desde 2020 — mismo club_id T011
2535,Clausura 2016,2016,clausura,5,2016-01-29,T018,Dorados Sinaloa,T016,Querétaro,1,0,1,0,Estadio de Mazatlán,W,0,ALERTA: 'Dorados Sinaloa' → 'Mazatlán FC' (2020) — club_id T018
2536,Clausura 2016,2016,clausura,6,2016-02-05,T001,C. Azul,T012,Club Tijuana,1,1,1,1,Estadio Ciudad de los Deportes,D,1,
2537,Clausura 2016,2016,clausura,6,2016-02-05,T005,Tigres,T010,Toluca,1,0,0,0,Estadio Universitario,W,0,
2538,Clausura 2016,2016,clausura,6,2016-02-05,T011,Monarcas Morelia,T016,Gallos Blancos,3,3,0,2,Estadio Morelos,D,0,ALERTA: 'Monarcas Morelia' renombrado 'Mazatlán FC' desde 2020 — mismo club_id T011
2539,Clausura 2016,2016,clausura,6,2016-02-05,T006,León FC,T008,Atlas,1,3,0,1,Estadio León,L,0,
2540,Clausura 2016,2016,clausura,6,2016-02-05,T003,Monterrey,T014,San Luis,2,3,1,2,Estadio BBVA,L,0,
2541,Clausura 2016,2016,clausura,6,2016-02-05,T013,Bravos de Juárez,T007,UNAM Pumas,2,2,0,2,Estadio Olímpico Benito Juárez,D,0,
2542,Clausura 2016,2016,clausura,6,2016-02-05,T002,Club América,T018,Dorados Sinaloa,3,0,3,0,Estadio Azteca,W,0,ALERTA: 'Dorados Sinaloa' → 'Mazatlán FC' (2020) — club_id T018
2543,Clausura 2016,2016,clausura,6,2016-02-05,T009,Santos Laguna,T017,Puebla FC,2,1,0,0,Estadio Corona,W,0,
2544,Clausura 2016,2016,clausura,7,2016-02-12,T017,Club Puebla,T018,Dorados Sinaloa,2,1,1,1,Estadio Cuauhtémoc,W,0,ALERTA: 'Dorados Sinaloa' → 'Mazatlán FC' (2020) — club_id T018
2545,Clausura 2016,2016,clausura,7,2016-02-12,T014,Atlético San Luis,T011,Monarcas Morelia,3,3,1,2,Estadio Alfonso Lastras,D,0,ALERTA: 'Monarcas Morelia' renombrado 'Mazatlán FC' desde 2020 — mismo club_id T011
2546,Clausura 2016,2016,clausura,7,2016-02-12,T015,Necaxa,T009,Santos Laguna,1,1,1,1,Estadio Victoria,D,0,
2547,Clausura 2016,2016,clausura,7,2016-02-12,T001,Cruz Azul,T010,Deportivo Toluca,4,1,1,1,Estadio Ciudad de los Deportes,W,1,
2548,Clausura 2016,2016,clausura,7,2016-02-12,T006,Club León,T012,Club Tijuana,1,1,0,0,Estadio León,D,0,
2549,Clausura 2016,2016,clausura,7,2016-02-12,T008,Atlas,T003,Monterrey,0,1,0,1,Estadio Jalisco,L,0,
2550,Clausura 2016,2016,clausura,7,2016-02-12,T002,CF América,T005,Tigres,1,1,1,1,Estadio Azteca,D,0,
2551,Clausura 2016,2016,clausura,7,2016-02-12,T013,Juárez,T004,Chivas,0,3,0,2,Estadio Olímpico Benito Juárez,L,0,
2552,Clausura 2016,2016,clausura,8,2016-02-19,T013,Juárez,T011,Monarcas Morelia,3,0,0,0,Estadio Olímpico Benito Juárez,W,0,ALERTA: 'Monarcas Morelia' renombrado 'Mazatlán FC' desde 2020 — mismo club_id T011
2553,Clausura 2016,2016,clausura,8,2016-02-19,T007,UNAM Pumas,T012,Tijuana,1,1,1,0,Estadio Olímpico Universitario,D,0,
2554,Clausura 2016,2016,clausura,8,2016-02-19,T005,Tigres,T009,Santos,3,1,2,1,Estadio Universitario,W,0,
2555,Clausura 2016,2016,clausura,8,2016-02-19,T017,Puebla FC,T016,Querétaro,0,1,0,0,Estadio Cuauhtémoc,L,0,
2556,Clausura 2016,2016,clausura,8,2016-02-19,T010,Toluca,T001,C. Azul,0,0,0,0,Estadio Nemesio Díez,D,1,
2557,Clausura 2016,2016,clausura,8,2016-02-19,T006,Club León,T003,Rayados,1,1,0,1,Estadio León,D,0,
2558,Clausura 2016,2016,clausura,8,2016-02-19,T015,Club Necaxa,T004,Guadalajara,0,4,0,2,Estadio Victoria,L,0,
2559,Clausura 2016,2016,clausura,8,2016-02-19,T008,Atlas,T018,Dorados Sinaloa,4,1,0,1,Estadio Jalisco,W,0,ALERTA: 'Dorados Sinaloa' → 'Mazatlán FC' (2020) — club_id T018
2560,Clausura 2016,2016,clausura,9,2016-02-26,T013,Bravos de Juárez,T008,Atlas Guadalajara,4,0,0,0,Estadio Olímpico Benito Juárez,W,0,
2561,Clausura 2016,2016,clausura,9,2016-02-26,T017,La Franja,T016,Querétaro,0,1,0,1,Estadio Cuauhtémoc,L,0,
2562,Clausura 2016,2016,clausura,9,2016-02-26,T012,Tijuana,T010,Toluca,0,1,0,0,Estadio Caliente,L,0,
2563,Clausura 2016,2016,clausura,9,2016-02-26,T003,Monterrey,T011,Monarcas Morelia,1,0,1,0,Estadio BBVA,W,0,ALERTA: 'Monarcas Morelia' renombrado 'Mazatlán FC' desde 2020 — mismo club_id T011
2564,Clausura 2016,2016,clausura,9,2016-02-26,T005,UANL Tigres,T002,CF América,3,1,1,0,Estadio Universitario,W,0,
2565,Clausura 2016,2016,clausura,9,2016-02-26,T004,Guadalajara,T015,Impulsora Necaxa,0,0,0,0,Estadio Akron,D,0,
2566,Clausura 2016,2016,clausura,9,2016-02-26,T007,Pumas UNAM,T009,Santos Laguna,0,0,0,0,Estadio Olímpico Universitario,D,0,
2567,Clausura 2016,2016,clausura,9,2016-02-26,T018,Dorados Sinaloa,T001,Cruz Azul FC,1,1,0,1,Estadio de Mazatlán,D,1,ALERTA: 'Dorados Sinaloa' → 'Mazatlán FC' (2020) — club_id T018
2568,Clausura 2016,2016,clausura,10,2016-03-04,T006,León FC,T008,Club Atlas,4,2,3,0,Estadio León,W,0,
2569,Clausura 2016,2016,clausura,10,2016-03-04,T002,Club América,T018,Dorados Sinaloa,2,1,1,0,Estadio Azteca,W,0,ALERTA: 'Dorados Sinaloa' → 'Mazatlán FC' (2020) — club_id T018
2570,Clausura 2016,2016,clausura,10,2016-03-04,T014,Atlético San Luis,T012,Club Tijuana,2,0,2,0,Estadio Alfonso Lastras,W,0,
2571,Clausura 2016,2016,clausura,10,2016-03-04,T010,Toluca,T007,Pumas,0,3,0,0,Estadio Nemesio Díez,L,0,
2572,Clausura 2016,2016,clausura,10,2016-03-04,T009,Santos,T016,Querétaro,2,2,0,1,Estadio Corona,D,0,
2573,Clausura 2016,2016,clausura,10,2016-03-04,T005,Tigres UANL,T003,Rayados,1,0,1,0,Estadio Universitario,W,0,
2574,Clausura 2016,2016,clausura,10,2016-03-04,T015,Necaxa,T004,Chivas,0,2,0,0,Estadio Victoria,L,0,
2575,Clausura 2016,2016,clausura,10,2016-03-04,T011,Monarcas Morelia,T013,FC Juárez,3,0,3,0,Estadio Morelos,W,0,ALERTA: 'Monarcas Morelia' renombrado 'Mazatlán FC' desde 2020 — mismo club_id T011
2576,Clausura 2016,2016,clausura,11,2016-03-11,T014,Atlético San Luis,T017,La Franja,1,2,1,0,Estadio Alfonso Lastras,L,0,
2577,Clausura 2016,2016,clausura,11,2016-03-11,T002,América,T010,Toluca FC,2,3,1,3,Estadio Azteca,L,0,
2578,Clausura 2016,2016,clausura,11,2016-03-11,T009,Santos Laguna FC,T015,Club Necaxa,0,0,0,0,Estadio Corona,D,0,
2579,Clausura 2016,2016,clausura,11,2016-03-11,T018,Dorados Sinaloa,T005,UANL Tigres,3,0,3,0,Estadio de Mazatlán,W,0,ALERTA: 'Dorados Sinaloa' → 'Mazatlán FC' (2020) — club_id T018
2580,Clausura 2016,2016,clausura,11,2016-03-11,T012,Xoloitzcuintles,T008,Atlas Guadalajara,0,2,0,2,Estadio Caliente,L,0,
2581,Clausura 2016,2016,clausura,11,2016-03-11,T004,Chivas,T003,CF Monterrey,3,2,3,2,Estadio Akron,W,0,
2582,Clausura 2016,2016,clausura,11,2016-03-11,T013,FC Juárez,T016,Querétaro,3,0,1,0,Estadio Olímpico Benito Juárez,W,0,
2583,Clausura 2016,2016,clausura,11,2016-03-11,T006,León FC,T007,Pumas UNAM,1,1,1,1,Estadio León,D,0,
2584,Clausura 2016,2016,clausura,12,2016-03-18,T002,CF América,T010,Toluca,1,2,0,2,Estadio Azteca,L,0,
2585,Clausura 2016,2016,clausura,12,2016-03-18,T018,Dorados Sinaloa,T009,Santos Laguna FC,3,0,1,0,Estadio de Mazatlán,W,0,ALERTA: 'Dorados Sinaloa' → 'Mazatlán FC' (2020) — club_id T018
2586,Clausura 2016,2016,clausura,12,2016-03-18,T001,Cruz Azul FC,T007,UNAM Pumas,0,3,0,3,Estadio Ciudad de los Deportes,L,1,
2587,Clausura 2016,2016,clausura,12,2016-03-18,T014,Atlético San Luis,T004,Chivas,1,2,0,2,Estadio Alfonso Lastras,L,0,
2588,Clausura 2016,2016,clausura,12,2016-03-18,T006,Club León,T005,UANL Tigres,2,1,0,0,Estadio León,W,0,
2589,Clausura 2016,2016,clausura,12,2016-03-18,T015,Impulsora Necaxa,T017,Puebla FC,0,0,0,0,Estadio Victoria,D,0,
2590,Clausura 2016,2016,clausura,12,2016-03-18,T003,Rayados,T008,Atlas Guadalajara,2,2,0,1,Estadio BBVA,D,0,
2591,Clausura 2016,2016,clausura,12,2016-03-18,T011,Monarcas Morelia,T012,Xoloitzcuintles,2,1,0,0,Estadio Morelos,W,0,ALERTA: 'Monarcas Morelia' renombrado 'Mazatlán FC' desde 2020 — mismo club_id T011
2592,Clausura 2016,2016,clausura,13,2016-03-25,T013,Juárez,T001,Cruz Azul FC,2,4,2,4,Estadio Olímpico Benito Juárez,L,1,
2593,Clausura 2016,2016,clausura,13,2016-03-25,T017,Club Puebla,T006,León,3,1,1,1,Estadio Cuauhtémoc,W,0,
2594,Clausura 2016,2016,clausura,13,2016-03-25,T014,A. San Luis,T015,Impulsora Necaxa,3,2,1,1,Estadio Alfonso Lastras,W,0,
2595,Clausura 2016,2016,clausura,13,2016-03-25,T007,Pumas UNAM,T010,Toluca,3,1,1,1,Estadio Olímpico Universitario,W,0,
2596,Clausura 2016,2016,clausura,13,2016-03-25,T018,Dorados Sinaloa,T012,Xoloitzcuintles,1,2,0,2,Estadio de Mazatlán,L,0,ALERTA: 'Dorados Sinaloa' → 'Mazatlán FC' (2020) — club_id T018
2597,Clausura 2016,2016,clausura,13,2016-03-25,T016,Querétaro FC,T008,Club Atlas,2,0,2,0,Estadio Corregidora,W,0,
2598,Clausura 2016,2016,clausura,13,2016-03-25,T004,Guadalajara,T002,América,2,2,2,0,Estadio Akron,D,0,
2599,Clausura 2016,2016,clausura,13,2016-03-25,T011,Monarcas Morelia,T005,UANL Tigres,2,0,0,0,Estadio Morelos,W,0,ALERTA: 'Monarcas Morelia' renombrado 'Mazatlán FC' desde 2020 — mismo club_id T011
2600,Clausura 2016,2016,clausura,14,2016-04-01,T001,Cruz Azul,T011,Monarcas Morelia,1,0,1,0,Estadio Ciudad de los Deportes,W,1,ALERTA: 'Monarcas Morelia' renombrado 'Mazatlán FC' desde 2020 — mismo club_id T011
2601,Clausura 2016,2016,clausura,14,2016-04-01,T004,Deportivo Guadalajara,T002,CF América,3,0,2,0,Estadio Akron,W,0,
2602,Clausura 2016,2016,clausura,14,2016-04-01,T007,UNAM Pumas,T012,Club Tijuana,1,2,1,2,Estadio Olímpico Universitario,L,0,
2603,Clausura 2016,2016,clausura,14,2016-04-01,T009,Santos,T008,Atlas Guadalajara,3,0,3,0,Estadio Corona,W,0,
2604,Clausura 2016,2016,clausura,14,2016-04-01,T010,Toluca FC,T016,Gallos Blancos,0,2,0,2,Estadio Nemesio Díez,L,0,
2605,Clausura 2016,2016,clausura,14,2016-04-01,T017,Puebla FC,T014,Atlético San Luis,0,1,0,1,Estadio Cuauhtémoc,L,0,
2606,Clausura 2016,2016,clausura,14,2016-04-01,T018,Dorados Sinaloa,T005,Tigres UANL,0,1,0,1,Estadio de Mazatlán,L,0,ALERTA: 'Dorados Sinaloa' → 'Mazatlán FC' (2020) — club_id T018
2607,Clausura 2016,2016,clausura,14,2016-04-01,T003,Monterrey,T015,Necaxa,1,0,1,0,Estadio BBVA,W,0,
2608,Clausura 2016,2016,clausura,15,2016-04-08,T007,Pumas UNAM,T013,Bravos de Juárez,2,4,1,2,Estadio Olímpico Universitario,L,0,
2609,Clausura 2016,2016,clausura,15,2016-04-08,T015,Club Necaxa,T010,Deportivo Toluca,4,1,4,1,Estadio Victoria,W,0,
2610,Clausura 2016,2016,clausura,15,2016-04-08,T005,Tigres UANL,T006,León FC,1,2,1,2,Estadio Universitario,L,0,
2611,Clausura 2016,2016,clausura,15,2016-04-08,T014,A. San Luis,T012,Xoloitzcuintles,2,4,2,0,Estadio Alfonso Lastras,L,0,
2612,Clausura 2016,2016,clausura,15,2016-04-08,T008,Atlas Guadalajara,T001,C. Azul,4,1,3,1,Estadio Jalisco,W,1,
2613,Clausura 2016,2016,clausura,15,2016-04-08,T011,Monarcas Morelia,T018,Dorados Sinaloa,0,0,0,0,Estadio Morelos,D,0,ALERTA: 'Dorados Sinaloa' → 'Mazatlán FC' (2020) — club_id T018
2614,Clausura 2016,2016,clausura,15,2016-04-08,T004,Deportivo Guadalajara,T002,Club América,2,2,1,2,Estadio Akron,D,0,
2615,Clausura 2016,2016,clausura,15,2016-04-08,T009,Santos Laguna FC,T017,Club Puebla,1,2,1,0,Estadio Corona,L,0,
2616,Clausura 2016,2016,clausura,16,2016-04-15,T012,Tijuana,T018,Dorados Sinaloa,0,0,0,0,Estadio Caliente,D,0,ALERTA: 'Dorados Sinaloa' → 'Mazatlán FC' (2020) — club_id T018
2617,Clausura 2016,2016,clausura,16,2016-04-15,T001,C. Azul,T017,Puebla FC,0,2,0,0,Estadio Ciudad de los Deportes,L,1,
2618,Clausura 2016,2016,clausura,16,2016-04-15,T006,Club León,T013,Bravos de Juárez,2,3,2,0,Estadio León,L,0,
2619,Clausura 2016,2016,clausura,16,2016-04-15,T011,Monarcas Morelia,T009,Santos Laguna,1,0,1,0,Estadio Morelos,W,0,ALERTA: 'Monarcas Morelia' renombrado 'Mazatlán FC' desde 2020 — mismo club_id T011
2620,Clausura 2016,2016,clausura,16,2016-04-15,T008,Atlas Guadalajara,T002,América,2,2,1,2,Estadio Jalisco,D,0,
2621,Clausura 2016,2016,clausura,16,2016-04-15,T016,Querétaro FC,T015,Club Necaxa,2,0,2,0,Estadio Corregidora,W,0,
2622,Clausura 2016,2016,clausura,16,2016-04-15,T003,Monterrey,T007,Pumas,1,0,1,0,Estadio BBVA,W,0,
2623,Clausura 2016,2016,clausura,16,2016-04-15,T014,A. San Luis,T004,Guadalajara,0,0,0,0,Estadio Alfonso Lastras,D,0,
2624,Clausura 2016,2016,clausura,17,2016-04-22,T014,A. San Luis,T001,C. Azul,2,3,0,1,Estadio Alfonso Lastras,L,1,
2625,Clausura 2016,2016,clausura,17,2016-04-22,T006,Club León,T005,Tigres UANL,2,3,1,2,Estadio León,L,0,
2626,Clausura 2016,2016,clausura,17,2016-04-22,T016,Querétaro FC,T015,Necaxa,3,1,1,0,Estadio Corregidora,W,0,
2627,Clausura 2016,2016,clausura,17,2016-04-22,T009,Santos,T004,Guadalajara,4,0,4,0,Estadio Corona,W,0,
2628,Clausura 2016,2016,clausura,17,2016-04-22,T007,Pumas,T013,Bravos de Juárez,2,0,2,0,Estadio Olímpico Universitario,W,0,
2629,Clausura 2016,2016,clausura,17,2016-04-22,T011,Monarcas Morelia,T018,Dorados Sinaloa,0,1,0,0,Estadio Morelos,L,0,ALERTA: 'Dorados Sinaloa' → 'Mazatlán FC' (2020) — club_id T018
2630,Clausura 2016,2016,clausura,17,2016-04-22,T002,CF América,T017,Club Puebla,1,0,1,0,Estadio Azteca,W,0,
2631,Clausura 2016,2016,clausura,17,2016-04-22,T012,Club Tijuana,T003,CF Monterrey,1,2,1,0,Estadio Caliente,L,0,
2632,Apertura 2016,2016,apertura,1,2016-07-01,T006,León,T011,Monarcas Morelia,1,2,1,2,Estadio León,L,0,ALERTA: 'Monarcas Morelia' renombrado 'Mazatlán FC' desde 2020 — mismo club_id T011
2633,Apertura 2016,2016,apertura,1,2016-07-01,T009,Santos,T003,Monterrey,3,1,0,0,Estadio Corona,W,0,
2634,Apertura 2016,2016,apertura,1,2016-07-01,T012,Club Tijuana,T018,Dorados Sinaloa,1,0,1,0,Estadio Caliente,W,0,ALERTA: 'Dorados Sinaloa' → 'Mazatlán FC' (2020) — club_id T018
2635,Apertura 2016,2016,apertura,1,2016-07-01,T001,C. Azul,T010,Toluca,0,1,0,0,Estadio Ciudad de los Deportes,L,1,
2636,Apertura 2016,2016,apertura,1,2016-07-01,T002,Club América,T015,Necaxa,1,2,0,2,Estadio Azteca,L,0,
2637,Apertura 2016,2016,apertura,1,2016-07-01,T005,Tigres,T008,Atlas,4,3,2,0,Estadio Universitario,W,0,
2638,Apertura 2016,2016,apertura,1,2016-07-01,T007,Pumas,T016,Querétaro,0,0,0,0,Estadio Olímpico Universitario,D,0,
2639,Apertura 2016,2016,apertura,1,2016-07-01,T013,Juárez,T004,Guadalajara,4,2,2,2,Estadio Olímpico Benito Juárez,W,0,
2640,Apertura 2016,2016,apertura,2,2016-07-08,T015,Necaxa,T008,Club Atlas,1,3,1,0,Estadio Victoria,L,0,
2641,Apertura 2016,2016,apertura,2,2016-07-08,T007,Pumas UNAM,T011,Monarcas Morelia,1,3,1,0,Estadio Olímpico Universitario,L,0,ALERTA: 'Monarcas Morelia' renombrado 'Mazatlán FC' desde 2020 — mismo club_id T011
2642,Apertura 2016,2016,apertura,2,2016-07-08,T004,Chivas,T014,San Luis,2,1,1,1,Estadio Akron,W,0,
2643,Apertura 2016,2016,apertura,2,2016-07-08,T012,Club Tijuana,T017,Club Puebla,1,1,0,1,Estadio Caliente,D,0,
2644,Apertura 2016,2016,apertura,2,2016-07-08,T006,León FC,T003,Rayados,0,4,0,4,Estadio León,L,0,
2645,Apertura 2016,2016,apertura,2,2016-07-08,T010,Toluca,T002,Club América,0,2,0,0,Estadio Nemesio Díez,L,0,
2646,Apertura 2016,2016,apertura,2,2016-07-08,T018,Dorados Sinaloa,T001,Cruz Azul,2,0,2,0,Estadio de Mazatlán,W,1,ALERTA: 'Dorados Sinaloa' → 'Mazatlán FC' (2020) — club_id T018
2647,Apertura 2016,2016,apertura,2,2016-07-08,T005,Tigres,T016,Querétaro FC,0,0,0,0,Estadio Universitario,D,0,
2648,Apertura 2016,2016,apertura,3,2016-07-15,T001,Cruz Azul,T005,Tigres UANL,2,1,2,0,Estadio Ciudad de los Deportes,W,1,
2649,Apertura 2016,2016,apertura,3,2016-07-15,T003,Rayados,T015,Impulsora Necaxa,2,2,1,0,Estadio BBVA,D,0,
2650,Apertura 2016,2016,apertura,3,2016-07-15,T014,Atlético San Luis,T004,Deportivo Guadalajara,1,1,0,1,Estadio Alfonso Lastras,D,0,
2651,Apertura 2016,2016,apertura,3,2016-07-15,T017,Puebla FC,T008,Club Atlas,1,0,1,0,Estadio Cuauhtémoc,W,0,
2652,Apertura 2016,2016,apertura,3,2016-07-15,T002,América,T018,Dorados Sinaloa,1,2,1,0,Estadio Azteca,L,0,ALERTA: 'Dorados Sinaloa' → 'Mazatlán FC' (2020) — club_id T018
2653,Apertura 2016,2016,apertura,3,2016-07-15,T006,León,T013,Juárez,1,1,0,1,Estadio León,D,0,
2654,Apertura 2016,2016,apertura,3,2016-07-15,T011,Monarcas Morelia,T016,Querétaro,2,1,2,0,Estadio Morelos,W,0,ALERTA: 'Monarcas Morelia' renombrado 'Mazatlán FC' desde 2020 — mismo club_id T011
2655,Apertura 2016,2016,apertura,3,2016-07-15,T009,Santos Laguna FC,T012,Club Tijuana,1,1,0,1,Estadio Corona,D,0,
2656,Apertura 2016,2016,apertura,4,2016-07-22,T014,A. San Luis,T009,Santos,4,1,2,0,Estadio Alfonso Lastras,W,0,
2657,Apertura 2016,2016,apertura,4,2016-07-22,T007,UNAM Pumas,T006,León FC,1,1,1,0,Estadio Olímpico Universitario,D,0,
2658,Apertura 2016,2016,apertura,4,2016-07-22,T003,CF Monterrey,T001,C. Azul,1,0,0,0,Estadio BBVA,W,1,
2659,Apertura 2016,2016,apertura,4,2016-07-22,T015,Club Necaxa,T013,FC Juárez,2,1,2,1,Estadio Victoria,W,0,
2660,Apertura 2016,2016,apertura,4,2016-07-22,T004,Deportivo Guadalajara,T010,Toluca FC,1,4,1,3,Estadio Akron,L,0,
2661,Apertura 2016,2016,apertura,4,2016-07-22,T008,Club Atlas,T002,Club América,4,2,3,2,Estadio Jalisco,W,0,
2662,Apertura 2016,2016,apertura,4,2016-07-22,T005,UANL Tigres,T016,Gallos Blancos,1,2,0,2,Estadio Universitario,L,0,
2663,Apertura 2016,2016,apertura,4,2016-07-22,T012,Club Tijuana,T018,Dorados Sinaloa,2,1,0,1,Estadio Caliente,W,0,ALERTA: 'Dorados Sinaloa' → 'Mazatlán FC' (2020) — club_id T018
2664,Apertura 2016,2016,apertura,5,2016-07-29,T018,Dorados Sinaloa,T003,Rayados,2,0,2,0,Estadio de Mazatlán,W,0,ALERTA: 'Dorados Sinaloa' → 'Mazatlán FC' (2020) — club_id T018
2665,Apertura 2016,2016,apertura,5,2016-07-29,T009,Santos Laguna,T004,Guadalajara,0,2,0,0,Estadio Corona,L,0,
2666,Apertura 2016,2016,apertura,5,2016-07-29,T010,Deportivo Toluca,T014,San Luis,2,0,2,0,Estadio Nemesio Díez,W,0,
2667,Apertura 2016,2016,apertura,5,2016-07-29,T011,Monarcas Morelia,T012,Tijuana,1,2,1,0,Estadio Morelos,L,0,ALERTA: 'Monarcas Morelia' renombrado 'Mazatlán FC' desde 2020 — mismo club_id T011
2668,Apertura 2016,2016,apertura,5,2016-07-29,T015,Club Necaxa,T001,Cruz Azul,2,2,1,1,Estadio Victoria,D,1,
2669,Apertura 2016,2016,apertura,5,2016-07-29,T017,La Franja,T002,Club América,1,0,0,0,Estadio Cuauhtémoc,W,0,
2670,Apertura 2016,2016,apertura,5,2016-07-29,T007,Pumas,T013,Juárez,1,2,1,1,Estadio Olímpico Universitario,L,0,
2671,Apertura 2016,2016,apertura,5,2016-07-29,T005,UANL Tigres,T008,Atlas Guadalajara,1,0,1,0,Estadio Universitario,W,0,
2672,Apertura 2016,2016,apertura,6,2016-08-05,T003,Monterrey,T015,Necaxa,1,0,0,0,Estadio BBVA,W,0,
2673,Apertura 2016,2016,apertura,6,2016-08-05,T018,Dorados Sinaloa,T016,Querétaro FC,2,2,2,0,Estadio de Mazatlán,D,0,ALERTA: 'Dorados Sinaloa' → 'Mazatlán FC' (2020) — club_id T018
2674,Apertura 2016,2016,apertura,6,2016-08-05,T013,FC Juárez,T012,Xoloitzcuintles,1,2,0,1,Estadio Olímpico Benito Juárez,L,0,
2675,Apertura 2016,2016,apertura,6,2016-08-05,T007,Pumas UNAM,T011,Monarcas Morelia,2,2,2,0,Estadio Olímpico Universitario,D,0,ALERTA: 'Monarcas Morelia' renombrado 'Mazatlán FC' desde 2020 — mismo club_id T011
2676,Apertura 2016,2016,apertura,6,2016-08-05,T009,Santos Laguna FC,T005,UANL Tigres,1,2,0,2,Estadio Corona,L,0,
2677,Apertura 2016,2016,apertura,6,2016-08-05,T004,Guadalajara,T001,C. Azul,4,2,3,0,Estadio Akron,W,1,
2678,Apertura 2016,2016,apertura,6,2016-08-05,T017,Puebla FC,T002,Club América,3,3,0,1,Estadio Cuauhtémoc,D,0,
2679,Apertura 2016,2016,apertura,6,2016-08-05,T006,León,T014,Atlético San Luis,2,3,2,1,Estadio León,L,0,
2680,Apertura 2016,2016,apertura,7,2016-08-12,T015,Necaxa,T017,Club Puebla,4,2,1,2,Estadio Victoria,W,0,
2681,Apertura 2016,2016,apertura,7,2016-08-12,T004,Chivas,T006,León FC,2,1,1,1,Estadio Akron,W,0,
2682,Apertura 2016,2016,apertura,7,2016-08-12,T005,Tigres UANL,T007,Pumas,2,3,2,1,Estadio Universitario,L,0,
2683,Apertura 2016,2016,apertura,7,2016-08-12,T010,Toluca FC,T012,Tijuana,4,1,1,1,Estadio Nemesio Díez,W,0,
2684,Apertura 2016,2016,apertura,7,2016-08-12,T001,Cruz Azul,T016,Querétaro,4,2,1,1,Estadio Ciudad de los Deportes,W,1,
2685,Apertura 2016,2016,apertura,7,2016-08-12,T002,CF América,T009,Santos Laguna,0,1,0,0,Estadio Azteca,L,0,
2686,Apertura 2016,2016,apertura,7,2016-08-12,T014,San Luis,T011,Monarcas Morelia,0,2,0,1,Estadio Alfonso Lastras,L,0,ALERTA: 'Monarcas Morelia' renombrado 'Mazatlán FC' desde 2020 — mismo club_id T011
2687,Apertura 2016,2016,apertura,7,2016-08-12,T018,Dorados Sinaloa,T013,Juárez,0,0,0,0,Estadio de Mazatlán,D,0,ALERTA: 'Dorados Sinaloa' → 'Mazatlán FC' (2020) — club_id T018
2688,Apertura 2016,2016,apertura,8,2016-08-19,T017,Puebla FC,T003,Rayados,4,0,3,0,Estadio Cuauhtémoc,W,0,
2689,Apertura 2016,2016,apertura,8,2016-08-19,T014,A. San Luis,T008,Atlas,2,0,0,0,Estadio Alfonso Lastras,W,0,
2690,Apertura 2016,2016,apertura,8,2016-08-19,T011,Monarcas Morelia,T015,Impulsora Necaxa,1,2,0,0,Estadio Morelos,L,0,ALERTA: 'Monarcas Morelia' renombrado 'Mazatlán FC' desde 2020 — mismo club_id T011
2691,Apertura 2016,2016,apertura,8,2016-08-19,T001,Cruz Azul,T002,CF América,1,1,1,0,Estadio Ciudad de los Deportes,D,1,
2692,Apertura 2016,2016,apertura,8,2016-08-19,T018,Dorados Sinaloa,T006,León FC,0,4,0,2,Estadio de Mazatlán,L,0,ALERTA: 'Dorados Sinaloa' → 'Mazatlán FC' (2020) — club_id T018
2693,Apertura 2016,2016,apertura,8,2016-08-19,T013,Juárez,T004,Deportivo Guadalajara,3,1,2,1,Estadio Olímpico Benito Juárez,W,0,
2694,Apertura 2016,2016,apertura,8,2016-08-19,T010,Toluca,T007,UNAM Pumas,0,1,0,0,Estadio Nemesio Díez,L,0,
2695,Apertura 2016,2016,apertura,8,2016-08-19,T009,Santos Laguna FC,T005,UANL Tigres,2,4,0,1,Estadio Corona,L,0,
2696,Apertura 2016,2016,apertura,9,2016-08-26,T017,La Franja,T011,Monarcas Morelia,0,4,0,0,Estadio Cuauhtémoc,L,0,ALERTA: 'Monarcas Morelia' renombrado 'Mazatlán FC' desde 2020 — mismo club_id T011
2697,Apertura 2016,2016,apertura,9,2016-08-26,T012,Xoloitzcuintles,T002,CF América,1,2,0,2,Estadio Caliente,L,0,
2698,Apertura 2016,2016,apertura,9,2016-08-26,T016,Querétaro FC,T007,UNAM Pumas,2,0,0,0,Estadio Corregidora,W,0,
2699,Apertura 2016,2016,apertura,9,2016-08-26,T009,Santos Laguna,T005,UANL Tigres,1,3,1,2,Estadio Corona,L,0,
2700,Apertura 2016,2016,apertura,9,2016-08-26,T014,A. San Luis,T003,Rayados,1,1,0,1,Estadio Alfonso Lastras,D,0,
2701,Apertura 2016,2016,apertura,9,2016-08-26,T001,C. Azul,T013,FC Juárez,3,4,1,1,Estadio Ciudad de los Deportes,L,1,
2702,Apertura 2016,2016,apertura,9,2016-08-26,T010,Deportivo Toluca,T018,Dorados Sinaloa,3,0,0,0,Estadio Nemesio Díez,W,0,ALERTA: 'Dorados Sinaloa' → 'Mazatlán FC' (2020) — club_id T018
2703,Apertura 2016,2016,apertura,9,2016-08-26,T008,Atlas Guadalajara,T015,Necaxa,1,3,0,0,Estadio Jalisco,L,0,
2704,Apertura 2016,2016,apertura,10,2016-09-02,T001,C. Azul,T007,Pumas,0,2,0,2,Estadio Ciudad de los Deportes,L,1,
2705,Apertura 2016,2016,apertura,10,2016-09-02,T015,Club Necaxa,T012,Xoloitzcuintles,3,0,2,0,Estadio Victoria,W,0,
2706,Apertura 2016,2016,apertura,10,2016-09-02,T008,Atlas Guadalajara,T011,Monarcas Morelia,1,3,1,3,Estadio Jalisco,L,0,ALERTA: 'Monarcas Morelia' renombrado 'Mazatlán FC' desde 2020 — mismo club_id T011
2707,Apertura 2016,2016,apertura,10,2016-09-02,T009,Santos,T003,Rayados,3,2,1,1,Estadio Corona,W,0,
2708,Apertura 2016,2016,apertura,10,2016-09-02,T018,Dorados Sinaloa,T016,Gallos Blancos,3,1,3,1,Estadio de Mazatlán,W,0,ALERTA: 'Dorados Sinaloa' → 'Mazatlán FC' (2020) — club_id T018
2709,Apertura 2016,2016,apertura,10,2016-09-02,T005,Tigres UANL,T013,Bravos de Juárez,1,2,1,2,Estadio Universitario,L,0,
2710,Apertura 2016,2016,apertura,10,2016-09-02,T004,Chivas,T017,Puebla FC,2,1,2,1,Estadio Akron,W,0,
2711,Apertura 2016,2016,apertura,10,2016-09-02,T002,Club América,T006,Club León,1,2,1,1,Estadio Azteca,L,0,
2712,Apertura 2016,2016,apertura,11,2016-09-09,T014,San Luis,T005,Tigres,2,0,2,0,Estadio Alfonso Lastras,W,0,
2713,Apertura 2016,2016,apertura,11,2016-09-09,T017,La Franja,T011,Monarcas Morelia,1,3,1,1,Estadio Cuauhtémoc,L,0,ALERTA: 'Monarcas Morelia' renombrado 'Mazatlán FC' desde 2020 — mismo club_id T011
2714,Apertura 2016,2016,apertura,11,2016-09-09,T018,Dorados Sinaloa,T002,CF América,2,3,0,2,Estadio de Mazatlán,L,0,ALERTA: 'Dorados Sinaloa' → 'Mazatlán FC' (2020) — club_id T018
2715,Apertura 2016,2016,apertura,11,2016-09-09,T013,Bravos de Juárez,T016,Querétaro FC,2,0,0,0,Estadio Olímpico Benito Juárez,W,0,
2716,Apertura 2016,2016,apertura,11,2016-09-09,T008,Club Atlas,T009,Santos Laguna FC,3,2,1,0,Estadio Jalisco,W,0,
2717,Apertura 2016,2016,apertura,11,2016-09-09,T007,Pumas UNAM,T015,Impulsora Necaxa,0,1,0,0,Estadio Olímpico Universitario,L,0,
2718,Apertura 2016,2016,apertura,11,2016-09-09,T003,Monterrey,T010,Deportivo Toluca,0,2,0,1,Estadio BBVA,L,0,
2719,Apertura 2016,2016,apertura,11,2016-09-09,T006,León FC,T001,Cruz Azul,4,3,1,3,Estadio León,W,1,
2720,Apertura 2016,2016,apertura,12,2016-09-16,T001,Cruz Azul,T017,La Franja,3,1,1,1,Estadio Ciudad de los Deportes,W,1,
2721,Apertura 2016,2016,apertura,12,2016-09-16,T007,UNAM Pumas,T003,Monterrey,4,0,4,0,Estadio Olímpico Universitario,W,0,
2722,Apertura 2016,2016,apertura,12,2016-09-16,T013,Bravos de Juárez,T015,Impulsora Necaxa,2,2,2,0,Estadio Olímpico Benito Juárez,D,0,
2723,Apertura 2016,2016,apertura,12,2016-09-16,T018,Dorados Sinaloa,T012,Club Tijuana,1,4,1,1,Estadio de Mazatlán,L,0,ALERTA: 'Dorados Sinaloa' → 'Mazatlán FC' (2020) — club_id T018
2724,Apertura 2016,2016,apertura,12,2016-09-16,T006,Club León,T002,CF América,2,1,2,1,Estadio León,W,0,
2725,Apertura 2016,2016,apertura,12,2016-09-16,T014,A. San Luis,T016,Querétaro FC,4,2,0,0,Estadio Alfonso Lastras,W,0,
2726,Apertura 2016,2016,apertura,12,2016-09-16,T005,UANL Tigres,T008,Atlas Guadalajara,1,1,1,0,Estadio Universitario,D,0,
2727,Apertura 2016,2016,apertura,12,2016-09-16,T009,Santos Laguna,T010,Deportivo Toluca,0,3,0,1,Estadio Corona,L,0,
2728,Apertura 2016,2016,apertura,13,2016-09-23,T008,Club Atlas,T009,Santos Laguna,3,1,3,1,Estadio Jalisco,W,0,
2729,Apertura 2016,2016,apertura,13,2016-09-23,T013,Juárez,T003,Monterrey,1,2,1,1,Estadio Olímpico Benito Juárez,L,0,
2730,Apertura 2016,2016,apertura,13,2016-09-23,T017,Puebla FC,T010,Toluca,1,0,1,0,Estadio Cuauhtémoc,W,0,
2731,Apertura 2016,2016,apertura,13,2016-09-23,T012,Tijuana,T016,Querétaro,2,1,0,0,Estadio Caliente,W,0,
2732,Apertura 2016,2016,apertura,13,2016-09-23,T007,Pumas,T015,Impulsora Necaxa,4,1,2,0,Estadio Olímpico Universitario,W,0,
2733,Apertura 2016,2016,apertura,13,2016-09-23,T014,San Luis,T005,UANL Tigres,1,1,0,1,Estadio Alfonso Lastras,D,0,
2734,Apertura 2016,2016,apertura,13,2016-09-23,T018,Dorados Sinaloa,T011,Monarcas Morelia,1,3,0,1,Estadio de Mazatlán,L,0,ALERTA: 'Dorados Sinaloa' → 'Mazatlán FC' (2020) — club_id T018
2735,Apertura 2016,2016,apertura,13,2016-09-23,T006,León FC,T002,América,1,3,1,0,Estadio León,L,0,
2736,Apertura 2016,2016,apertura,14,2016-09-30,T014,San Luis,T008,Club Atlas,1,2,1,2,Estadio Alfonso Lastras,L,0,
2737,Apertura 2016,2016,apertura,14,2016-09-30,T009,Santos Laguna FC,T003,Monterrey,4,1,0,1,Estadio Corona,W,0,
2738,Apertura 2016,2016,apertura,14,2016-09-30,T012,Xoloitzcuintles,T017,Club Puebla,3,3,3,0,Estadio Caliente,D,0,
2739,Apertura 2016,2016,apertura,14,2016-09-30,T016,Querétaro FC,T006,León FC,2,2,1,2,Estadio Corregidora,D,0,
2740,Apertura 2016,2016,apertura,14,2016-09-30,T004,Chivas,T015,Club Necaxa,3,3,1,3,Estadio Akron,D,0,
2741,Apertura 2016,2016,apertura,14,2016-09-30,T005,UANL Tigres,T010,Toluca,0,0,0,0,Estadio Universitario,D,0,
2742,Apertura 2016,2016,apertura,14,2016-09-30,T007,UNAM Pumas,T011,Monarcas Morelia,0,4,0,2,Estadio Olímpico Universitario,L,0,ALERTA: 'Monarcas Morelia' renombrado 'Mazatlán FC' desde 2020 — mismo club_id T011
2743,Apertura 2016,2016,apertura,14,2016-09-30,T002,Club América,T018,Dorados Sinaloa,2,1,0,1,Estadio Azteca,W,0,ALERTA: 'Dorados Sinaloa' → 'Mazatlán FC' (2020) — club_id T018
2744,Apertura 2016,2016,apertura,15,2016-10-07,T002,CF América,T001,Cruz Azul,1,1,1,1,Estadio Azteca,D,1,
2745,Apertura 2016,2016,apertura,15,2016-10-07,T010,Toluca FC,T012,Tijuana,2,0,2,0,Estadio Nemesio Díez,W,0,
2746,Apertura 2016,2016,apertura,15,2016-10-07,T005,UANL Tigres,T003,CF Monterrey,1,2,1,2,Estadio Universitario,L,0,
2747,Apertura 2016,2016,apertura,15,2016-10-07,T008,Atlas Guadalajara,T013,Juárez,1,1,0,1,Estadio Jalisco,D,0,
2748,Apertura 2016,2016,apertura,15,2016-10-07,T014,Atlético San Luis,T018,Dorados Sinaloa,4,0,3,0,Estadio Alfonso Lastras,W,0,ALERTA: 'Dorados Sinaloa' → 'Mazatlán FC' (2020) — club_id T018
2749,Apertura 2016,2016,apertura,15,2016-10-07,T011,Monarcas Morelia,T006,Club León,1,1,1,0,Estadio Morelos,D,0,ALERTA: 'Monarcas Morelia' renombrado 'Mazatlán FC' desde 2020 — mismo club_id T011
2750,Apertura 2016,2016,apertura,15,2016-10-07,T016,Querétaro,T004,Guadalajara,2,1,2,0,Estadio Corregidora,W,0,
2751,Apertura 2016,2016,apertura,15,2016-10-07,T015,Impulsora Necaxa,T017,Puebla FC,0,2,0,0,Estadio Victoria,L,0,
2752,Apertura 2016,2016,apertura,16,2016-10-14,T008,Atlas Guadalajara,T003,Monterrey,2,1,0,1,Estadio Jalisco,W,0,
2753,Apertura 2016,2016,apertura,16,2016-10-14,T002,América,T007,UNAM Pumas,3,4,0,0,Estadio Azteca,L,0,
2754,Apertura 2016,2016,apertura,16,2016-10-14,T011,Monarcas Morelia,T010,Toluca FC,0,1,0,1,Estadio Morelos,L,0,ALERTA: 'Monarcas Morelia' renombrado 'Mazatlán FC' desde 2020 — mismo club_id T011
2755,Apertura 2016,2016,apertura,16,2016-10-14,T014,Atlético San Luis,T016,Querétaro FC,1,2,0,2,Estadio Alfonso Lastras,L,0,
2756,Apertura 2016,2016,apertura,16,2016-10-14,T004,Deportivo Guadalajara,T012,Club Tijuana,1,2,0,1,Estadio Akron,L,0,
2757,Apertura 2016,2016,apertura,16,2016-10-14,T009,Santos Laguna FC,T013,FC Juárez,4,3,2,3,Estadio Corona,W,0,
2758,Apertura 2016,2016,apertura,16,2016-10-14,T018,Dorados Sinaloa,T001,Cruz Azul,1,3,0,3,Estadio de Mazatlán,L,1,ALERTA: 'Dorados Sinaloa' → 'Mazatlán FC' (2020) — club_id T018
2759,Apertura 2016,2016,apertura,16,2016-10-14,T015,Necaxa,T006,León,1,4,0,1,Estadio Victoria,L,0,
2760,Apertura 2016,2016,apertura,17,2016-10-21,T009,Santos Laguna,T005,UANL Tigres,4,0,0,0,Estadio Corona,W,0,
2761,Apertura 2016,2016,apertura,17,2016-10-21,T014,Atlético San Luis,T001,Cruz Azul FC,2,4,0,2,Estadio Alfonso Lastras,L,1,
2762,Apertura 2016,2016,apertura,17,2016-10-21,T015,Impulsora Necaxa,T004,Guadalajara,3,2,3,1,Estadio Victoria,W,0,
2763,Apertura 2016,2016,apertura,17,2016-10-21,T012,Club Tijuana,T013,Juárez,2,2,0,1,Estadio Caliente,D,0,
2764,Apertura 2016,2016,apertura,17,2016-10-21,T007,Pumas,T008,Atlas Guadalajara,0,2,0,2,Estadio Olímpico Universitario,L,0,
2765,Apertura 2016,2016,apertura,17,2016-10-21,T010,Deportivo Toluca,T003,Monterrey,2,0,0,0,Estadio Nemesio Díez,W,0,
2766,Apertura 2016,2016,apertura,17,2016-10-21,T017,La Franja,T011,Monarcas Morelia,1,3,1,0,Estadio Cuauhtémoc,L,0,ALERTA: 'Monarcas Morelia' renombrado 'Mazatlán FC' desde 2020 — mismo club_id T011
2767,Apertura 2016,2016,apertura,17,2016-10-21,T016,Gallos Blancos,T002,Club América,0,1,0,1,Estadio Corregidora,L,0,
2768,Clausura 2017,2017,clausura,1,2017-01-01,T004,Chivas,T017,Club Puebla,1,1,0,1,Estadio Akron,D,0,
2769,Clausura 2017,2017,clausura,1,2017-01-01,T018,Dorados Sinaloa,T010,Deportivo Toluca,0,1,0,1,Estadio de Mazatlán,L,0,ALERTA: 'Dorados Sinaloa' → 'Mazatlán FC' (2020) — club_id T018
2770,Clausura 2017,2017,clausura,1,2017-01-01,T002,Club América,T007,UNAM Pumas,2,1,1,0,Estadio Azteca,W,0,
2771,Clausura 2017,2017,clausura,1,2017-01-01,T012,Xoloitzcuintles,T013,Bravos de Juárez,1,1,1,1,Estadio Caliente,D,0,
2772,Clausura 2017,2017,clausura,1,2017-01-01,T014,San Luis,T001,Cruz Azul,3,3,1,0,Estadio Alfonso Lastras,D,1,
2773,Clausura 2017,2017,clausura,1,2017-01-01,T011,Monarcas Morelia,T003,CF Monterrey,4,1,4,1,Estadio Morelos,W,0,ALERTA: 'Monarcas Morelia' renombrado 'Mazatlán FC' desde 2020 — mismo club_id T011
2774,Clausura 2017,2017,clausura,1,2017-01-01,T008,Atlas,T016,Querétaro,0,4,0,1,Estadio Jalisco,L,0,
2775,Clausura 2017,2017,clausura,1,2017-01-01,T006,León,T005,UANL Tigres,2,4,1,2,Estadio León,L,0,
2776,Clausura 2017,2017,clausura,2,2017-01-08,T010,Deportivo Toluca,T009,Santos Laguna,2,3,2,1,Estadio Nemesio Díez,L,0,
2777,Clausura 2017,2017,clausura,2,2017-01-08,T004,Chivas,T018,Dorados Sinaloa,0,1,0,0,Estadio Akron,L,0,ALERTA: 'Dorados Sinaloa' → 'Mazatlán FC' (2020) — club_id T018
2778,Clausura 2017,2017,clausura,2,2017-01-08,T001,C. Azul,T013,Bravos de Juárez,4,0,2,0,Estadio Ciudad de los Deportes,W,1,
2779,Clausura 2017,2017,clausura,2,2017-01-08,T011,Monarcas Morelia,T014,San Luis,1,3,0,0,Estadio Morelos,L,0,ALERTA: 'Monarcas Morelia' renombrado 'Mazatlán FC' desde 2020 — mismo club_id T011
2780,Clausura 2017,2017,clausura,2,2017-01-08,T005,UANL Tigres,T006,Club León,1,0,1,0,Estadio Universitario,W,0,
2781,Clausura 2017,2017,clausura,2,2017-01-08,T002,América,T015,Club Necaxa,4,0,0,0,Estadio Azteca,W,0,
2782,Clausura 2017,2017,clausura,2,2017-01-08,T012,Xoloitzcuintles,T003,CF Monterrey,4,1,2,0,Estadio Caliente,W,0,
2783,Clausura 2017,2017,clausura,2,2017-01-08,T008,Atlas Guadalajara,T017,La Franja,0,0,0,0,Estadio Jalisco,D,0,
2784,Clausura 2017,2017,clausura,3,2017-01-15,T008,Atlas Guadalajara,T004,Guadalajara,1,3,0,2,Estadio Jalisco,L,0,
2785,Clausura 2017,2017,clausura,3,2017-01-15,T007,Pumas,T003,CF Monterrey,0,1,0,1,Estadio Olímpico Universitario,L,0,
2786,Clausura 2017,2017,clausura,3,2017-01-15,T006,León,T005,UANL Tigres,3,0,2,0,Estadio León,W,0,
2787,Clausura 2017,2017,clausura,3,2017-01-15,T001,Cruz Azul,T011,Monarcas Morelia,3,1,0,1,Estadio Ciudad de los Deportes,W,1,ALERTA: 'Monarcas Morelia' renombrado 'Mazatlán FC' desde 2020 — mismo club_id T011
2788,Clausura 2017,2017,clausura,3,2017-01-15,T018,Dorados Sinaloa,T014,San Luis,3,3,1,1,Estadio de Mazatlán,D,0,ALERTA: 'Dorados Sinaloa' → 'Mazatlán FC' (2020) — club_id T018
2789,Clausura 2017,2017,clausura,3,2017-01-15,T015,Impulsora Necaxa,T016,Querétaro,0,2,0,0,Estadio Victoria,L,0,
2790,Clausura 2017,2017,clausura,3,2017-01-15,T010,Toluca FC,T009,Santos,0,2,0,0,Estadio Nemesio Díez,L,0,
2791,Clausura 2017,2017,clausura,3,2017-01-15,T013,Juárez,T012,Tijuana,0,0,0,0,Estadio Olímpico Benito Juárez,D,0,
2792,Clausura 2017,2017,clausura,4,2017-01-22,T017,Club Puebla,T012,Club Tijuana,4,4,0,1,Estadio Cuauhtémoc,D,0,
2793,Clausura 2017,2017,clausura,4,2017-01-22,T015,Necaxa,T003,CF Monterrey,2,1,2,0,Estadio Victoria,W,0,
2794,Clausura 2017,2017,clausura,4,2017-01-22,T007,Pumas UNAM,T011,Monarcas Morelia,4,1,4,1,Estadio Olímpico Universitario,W,0,ALERTA: 'Monarcas Morelia' renombrado 'Mazatlán FC' desde 2020 — mismo club_id T011
2795,Clausura 2017,2017,clausura,4,2017-01-22,T013,Bravos de Juárez,T002,CF América,4,1,4,0,Estadio Olímpico Benito Juárez,W,0,
2796,Clausura 2017,2017,clausura,4,2017-01-22,T014,A. San Luis,T001,Cruz Azul FC,3,1,0,0,Estadio Alfonso Lastras,W,1,
2797,Clausura 2017,2017,clausura,4,2017-01-22,T018,Dorados Sinaloa,T004,Chivas,1,2,0,1,Estadio de Mazatlán,L,0,ALERTA: 'Dorados Sinaloa' → 'Mazatlán FC' (2020) — club_id T018
2798,Clausura 2017,2017,clausura,4,2017-01-22,T009,Santos Laguna,T008,Atlas,1,3,0,0,Estadio Corona,L,0,
2799,Clausura 2017,2017,clausura,4,2017-01-22,T005,Tigres UANL,T010,Deportivo Toluca,1,4,0,3,Estadio Universitario,L,0,
2800,Clausura 2017,2017,clausura,5,2017-01-29,T016,Querétaro,T012,Xoloitzcuintles,3,1,2,0,Estadio Corregidora,W,0,
2801,Clausura 2017,2017,clausura,5,2017-01-29,T015,Impulsora Necaxa,T010,Toluca FC,4,0,2,0,Estadio Victoria,W,0,
2802,Clausura 2017,2017,clausura,5,2017-01-29,T009,Santos,T013,FC Juárez,2,1,1,0,Estadio Corona,W,0,
2803,Clausura 2017,2017,clausura,5,2017-01-29,T001,C. Azul,T014,Atlético San Luis,3,4,0,1,Estadio Ciudad de los Deportes,L,1,
2804,Clausura 2017,2017,clausura,5,2017-01-29,T011,Monarcas Morelia,T008,Atlas Guadalajara,2,0,0,0,Estadio Morelos,W,0,ALERTA: 'Monarcas Morelia' renombrado 'Mazatlán FC' desde 2020 — mismo club_id T011
2805,Clausura 2017,2017,clausura,5,2017-01-29,T006,León,T003,CF Monterrey,1,0,0,0,Estadio León,W,0,
2806,Clausura 2017,2017,clausura,5,2017-01-29,T007,Pumas,T018,Dorados Sinaloa,4,2,0,0,Estadio Olímpico Universitario,W,0,ALERTA: 'Dorados Sinaloa' → 'Mazatlán FC' (2020) — club_id T018
2807,Clausura 2017,2017,clausura,5,2017-01-29,T017,Club Puebla,T005,Tigres UANL,0,1,0,0,Estadio Cuauhtémoc,L,0,
2808,Clausura 2017,2017,clausura,6,2017-02-05,T009,Santos,T001,Cruz Azul FC,3,1,0,1,Estadio Corona,W,1,
2809,Clausura 2017,2017,clausura,6,2017-02-05,T002,Club América,T004,Chivas,3,4,0,1,Estadio Azteca,L,0,
2810,Clausura 2017,2017,clausura,6,2017-02-05,T008,Atlas Guadalajara,T016,Gallos Blancos,1,4,1,1,Estadio Jalisco,L,0,
2811,Clausura 2017,2017,clausura,6,2017-02-05,T011,Monarcas Morelia,T007,Pumas,0,4,0,3,Estadio Morelos,L,0,ALERTA: 'Monarcas Morelia' renombrado 'Mazatlán FC' desde 2020 — mismo club_id T011
2812,Clausura 2017,2017,clausura,6,2017-02-05,T005,Tigres UANL,T017,La Franja,3,2,1,0,Estadio Universitario,W,0,
2813,Clausura 2017,2017,clausura,6,2017-02-05,T013,Juárez,T018,Dorados Sinaloa,1,0,1,0,Estadio Olímpico Benito Juárez,W,0,ALERTA: 'Dorados Sinaloa' → 'Mazatlán FC' (2020) — club_id T018
2814,Clausura 2017,2017,clausura,6,2017-02-05,T015,Club Necaxa,T014,San Luis,0,3,0,1,Estadio Victoria,L,0,
2815,Clausura 2017,2017,clausura,6,2017-02-05,T003,Monterrey,T012,Xoloitzcuintles,2,0,0,0,Estadio BBVA,W,0,
2816,Clausura 2017,2017,clausura,7,2017-02-12,T002,CF América,T003,CF Monterrey,1,2,1,0,Estadio Azteca,L,0,
2817,Clausura 2017,2017,clausura,7,2017-02-12,T006,Club León,T014,A. San Luis,1,0,1,0,Estadio León,W,0,
2818,Clausura 2017,2017,clausura,7,2017-02-12,T016,Querétaro,T011,Monarcas Morelia,2,0,0,0,Estadio Corregidora,W,0,ALERTA: 'Monarcas Morelia' renombrado 'Mazatlán FC' desde 2020 — mismo club_id T011
2819,Clausura 2017,2017,clausura,7,2017-02-12,T013,FC Juárez,T004,Chivas,2,4,1,2,Estadio Olímpico Benito Juárez,L,0,
2820,Clausura 2017,2017,clausura,7,2017-02-12,T015,Impulsora Necaxa,T007,Pumas,0,1,0,0,Estadio Victoria,L,0,
2821,Clausura 2017,2017,clausura,7,2017-02-12,T001,Cruz Azul FC,T018,Dorados Sinaloa,2,2,2,2,Estadio Ciudad de los Deportes,D,1,ALERTA: 'Dorados Sinaloa' → 'Mazatlán FC' (2020) — club_id T018
2822,Clausura 2017,2017,clausura,7,2017-02-12,T008,Club Atlas,T010,Toluca,3,0,1,0,Estadio Jalisco,W,0,
2823,Clausura 2017,2017,clausura,7,2017-02-12,T017,Club Puebla,T012,Xoloitzcuintles,2,3,2,1,Estadio Cuauhtémoc,L,0,
2824,Clausura 2017,2017,clausura,8,2017-02-19,T004,Guadalajara,T001,Cruz Azul,2,3,0,3,Estadio Akron,L,1,
2825,Clausura 2017,2017,clausura,8,2017-02-19,T017,La Franja,T007,UNAM Pumas,3,1,2,1,Estadio Cuauhtémoc,W,0,
2826,Clausura 2017,2017,clausura,8,2017-02-19,T016,Gallos Blancos,T003,CF Monterrey,1,3,1,3,Estadio Corregidora,L,0,
2827,Clausura 2017,2017,clausura,8,2017-02-19,T002,América,T005,UANL Tigres,3,0,0,0,Estadio Azteca,W,0,
2828,Clausura 2017,2017,clausura,8,2017-02-19,T012,Xoloitzcuintles,T018,Dorados Sinaloa,2,1,1,1,Estadio Caliente,W,0,ALERTA: 'Dorados Sinaloa' → 'Mazatlán FC' (2020) — club_id T018
2829,Clausura 2017,2017,clausura,8,2017-02-19,T014,San Luis,T008,Atlas,0,3,0,1,Estadio Alfonso Lastras,L,0,
2830,Clausura 2017,2017,clausura,8,2017-02-19,T010,Deportivo Toluca,T013,FC Juárez,1,2,0,1,Estadio Nemesio Díez,L,0,
2831,Clausura 2017,2017,clausura,8,2017-02-19,T006,León,T015,Club Necaxa,1,3,0,0,Estadio León,L,0,
2832,Clausura 2017,2017,clausura,9,2017-02-26,T005,Tigres UANL,T004,Chivas,1,0,0,0,Estadio Universitario,W,0,
2833,Clausura 2017,2017,clausura,9,2017-02-26,T016,Querétaro FC,T018,Dorados Sinaloa,3,1,0,1,Estadio Corregidora,W,0,ALERTA: 'Dorados Sinaloa' → 'Mazatlán FC' (2020) — club_id T018
2834,Clausura 2017,2017,clausura,9,2017-02-26,T010,Toluca FC,T014,A. San Luis,2,3,2,2,Estadio Nemesio Díez,L,0,
2835,Clausura 2017,2017,clausura,9,2017-02-26,T003,Rayados,T001,C. Azul,0,1,0,0,Estadio BBVA,L,1,
2836,Clausura 2017,2017,clausura,9,2017-02-26,T011,Monarcas Morelia,T015,Club Necaxa,3,0,2,0,Estadio Morelos,W,0,ALERTA: 'Monarcas Morelia' renombrado 'Mazatlán FC' desde 2020 — mismo club_id T011
2837,Clausura 2017,2017,clausura,9,2017-02-26,T008,Atlas Guadalajara,T009,Santos Laguna FC,4,1,1,0,Estadio Jalisco,W,0,
2838,Clausura 2017,2017,clausura,9,2017-02-26,T017,Club Puebla,T002,Club América,1,2,0,2,Estadio Cuauhtémoc,L,0,
2839,Clausura 2017,2017,clausura,9,2017-02-26,T006,León,T007,Pumas UNAM,3,2,3,1,Estadio León,W,0,
2840,Clausura 2017,2017,clausura,10,2017-03-05,T002,Club América,T015,Club Necaxa,4,2,3,1,Estadio Azteca,W,0,
2841,Clausura 2017,2017,clausura,10,2017-03-05,T014,A. San Luis,T005,UANL Tigres,0,2,0,0,Estadio Alfonso Lastras,L,0,
2842,Clausura 2017,2017,clausura,10,2017-03-05,T001,C. Azul,T018,Dorados Sinaloa,0,2,0,1,Estadio Ciudad de los Deportes,L,1,ALERTA: 'Dorados Sinaloa' → 'Mazatlán FC' (2020) — club_id T018
2843,Clausura 2017,2017,clausura,10,2017-03-05,T009,Santos Laguna,T011,Monarcas Morelia,3,1,3,0,Estadio Corona,W,0,ALERTA: 'Monarcas Morelia' renombrado 'Mazatlán FC' desde 2020 — mismo club_id T011
2844,Clausura 2017,2017,clausura,10,2017-03-05,T012,Club Tijuana,T006,Club León,2,1,0,1,Estadio Caliente,W,0,
2845,Clausura 2017,2017,clausura,10,2017-03-05,T008,Atlas Guadalajara,T003,CF Monterrey,1,3,0,0,Estadio Jalisco,L,0,
2846,Clausura 2017,2017,clausura,10,2017-03-05,T010,Toluca,T013,FC Juárez,0,0,0,0,Estadio Nemesio Díez,D,0,
2847,Clausura 2017,2017,clausura,10,2017-03-05,T017,Puebla FC,T004,Guadalajara,1,3,0,0,Estadio Cuauhtémoc,L,0,
2848,Clausura 2017,2017,clausura,11,2017-03-12,T011,Monarcas Morelia,T018,Dorados Sinaloa,3,0,2,0,Estadio Morelos,W,0,ALERTA: 'Dorados Sinaloa' → 'Mazatlán FC' (2020) — club_id T018
2849,Clausura 2017,2017,clausura,11,2017-03-12,T015,Club Necaxa,T009,Santos Laguna FC,0,3,0,1,Estadio Victoria,L,0,
2850,Clausura 2017,2017,clausura,11,2017-03-12,T006,León FC,T014,Atlético San Luis,0,0,0,0,Estadio León,D,0,
2851,Clausura 2017,2017,clausura,11,2017-03-12,T004,Deportivo Guadalajara,T008,Atlas,4,3,2,3,Estadio Akron,W,0,
2852,Clausura 2017,2017,clausura,11,2017-03-12,T016,Querétaro FC,T001,Cruz Azul FC,1,0,1,0,Estadio Corregidora,W,1,
2853,Clausura 2017,2017,clausura,11,2017-03-12,T002,Club América,T010,Toluca FC,1,1,1,1,Estadio Azteca,D,0,
2854,Clausura 2017,2017,clausura,11,2017-03-12,T012,Club Tijuana,T005,Tigres,4,2,1,2,Estadio Caliente,W,0,
2855,Clausura 2017,2017,clausura,11,2017-03-12,T017,La Franja,T007,UNAM Pumas,2,2,1,1,Estadio Cuauhtémoc,D,0,
2856,Clausura 2017,2017,clausura,12,2017-03-19,T009,Santos,T008,Club Atlas,0,0,0,0,Estadio Corona,D,0,
2857,Clausura 2017,2017,clausura,12,2017-03-19,T012,Club Tijuana,T007,Pumas UNAM,1,4,0,1,Estadio Caliente,L,0,
2858,Clausura 2017,2017,clausura,12,2017-03-19,T004,Deportivo Guadalajara,T018,Dorados Sinaloa,0,0,0,0,Estadio Akron,D,0,ALERTA: 'Dorados Sinaloa' → 'Mazatlán FC' (2020) — club_id T018
2859,Clausura 2017,2017,clausura,12,2017-03-19,T013,Bravos de Juárez,T014,A. San Luis,1,2,1,1,Estadio Olímpico Benito Juárez,L,0,
2860,Clausura 2017,2017,clausura,12,2017-03-19,T017,Puebla FC,T005,Tigres,3,1,2,0,Estadio Cuauhtémoc,W,0,
2861,Clausura 2017,2017,clausura,12,2017-03-19,T003,Monterrey,T001,Cruz Azul,2,1,1,0,Estadio BBVA,W,1,
2862,Clausura 2017,2017,clausura,12,2017-03-19,T016,Querétaro FC,T010,Toluca FC,0,3,0,3,Estadio Corregidora,L,0,
2863,Clausura 2017,2017,clausura,12,2017-03-19,T006,León FC,T015,Necaxa,2,3,1,3,Estadio León,L,0,
2864,Clausura 2017,2017,clausura,13,2017-03-26,T009,Santos,T008,Club Atlas,1,4,1,2,Estadio Corona,L,0,
2865,Clausura 2017,2017,clausura,13,2017-03-26,T015,Necaxa,T004,Chivas,2,1,1,1,Estadio Victoria,W,0,
2866,Clausura 2017,2017,clausura,13,2017-03-26,T014,Atlético San Luis,T001,Cruz Azul FC,1,4,0,3,Estadio Alfonso Lastras,L,1,
2867,Clausura 2017,2017,clausura,13,2017-03-26,T018,Dorados Sinaloa,T016,Querétaro,0,0,0,0,Estadio de Mazatlán,D,0,ALERTA: 'Dorados Sinaloa' → 'Mazatlán FC' (2020) — club_id T018
2868,Clausura 2017,2017,clausura,13,2017-03-26,T005,UANL Tigres,T007,Pumas,4,1,1,0,Estadio Universitario,W,0,
2869,Clausura 2017,2017,clausura,13,2017-03-26,T010,Toluca,T012,Tijuana,3,1,2,1,Estadio Nemesio Díez,W,0,
2870,Clausura 2017,2017,clausura,13,2017-03-26,T017,Club Puebla,T003,Monterrey,2,0,1,0,Estadio Cuauhtémoc,W,0,
2871,Clausura 2017,2017,clausura,13,2017-03-26,T011,Monarcas Morelia,T002,América,1,2,0,0,Estadio Morelos,L,0,ALERTA: 'Monarcas Morelia' renombrado 'Mazatlán FC' desde 2020 — mismo club_id T011
2872,Clausura 2017,2017,clausura,14,2017-04-02,T012,Club Tijuana,T010,Deportivo Toluca,4,1,2,0,Estadio Caliente,W,0,
2873,Clausura 2017,2017,clausura,14,2017-04-02,T017,La Franja,T009,Santos Laguna FC,1,1,0,0,Estadio Cuauhtémoc,D,0,
2874,Clausura 2017,2017,clausura,14,2017-04-02,T008,Club Atlas,T014,San Luis,4,2,2,1,Estadio Jalisco,W,0,
2875,Clausura 2017,2017,clausura,14,2017-04-02,T003,CF Monterrey,T013,Juárez,1,3,0,0,Estadio BBVA,L,0,
2876,Clausura 2017,2017,clausura,14,2017-04-02,T006,León,T015,Necaxa,2,0,0,0,Estadio León,W,0,
2877,Clausura 2017,2017,clausura,14,2017-04-02,T007,Pumas,T004,Guadalajara,2,0,2,0,Estadio Olímpico Universitario,W,0,
2878,Clausura 2017,2017,clausura,14,2017-04-02,T016,Querétaro FC,T002,CF América,1,4,0,2,Estadio Corregidora,L,0,
2879,Clausura 2017,2017,clausura,14,2017-04-02,T011,Monarcas Morelia,T005,Tigres,4,1,4,0,Estadio Morelos,W,0,ALERTA: 'Monarcas Morelia' renombrado 'Mazatlán FC' desde 2020 — mismo club_id T011
2880,Clausura 2017,2017,clausura,15,2017-04-09,T016,Querétaro FC,T008,Club Atlas,1,2,0,1,Estadio Corregidora,L,0,
2881,Clausura 2017,2017,clausura,15,2017-04-09,T014,San Luis,T018,Dorados Sinaloa,1,2,0,1,Estadio Alfonso Lastras,L,0,ALERTA: 'Dorados Sinaloa' → 'Mazatlán FC' (2020) — club_id T018
2882,Clausura 2017,2017,clausura,15,2017-04-09,T011,Monarcas Morelia,T012,Xoloitzcuintles,3,2,1,0,Estadio Morelos,W,0,ALERTA: 'Monarcas Morelia' renombrado 'Mazatlán FC' desde 2020 — mismo club_id T011
2883,Clausura 2017,2017,clausura,15,2017-04-09,T001,Cruz Azul,T015,Impulsora Necaxa,0,2,0,0,Estadio Ciudad de los Deportes,L,1,
2884,Clausura 2017,2017,clausura,15,2017-04-09,T009,Santos Laguna,T003,CF Monterrey,2,1,0,0,Estadio Corona,W,0,
2885,Clausura 2017,2017,clausura,15,2017-04-09,T017,Club Puebla,T010,Deportivo Toluca,1,0,0,0,Estadio Cuauhtémoc,W,0,
2886,Clausura 2017,2017,clausura,15,2017-04-09,T004,Guadalajara,T006,Club León,2,0,2,0,Estadio Akron,W,0,
2887,Clausura 2017,2017,clausura,15,2017-04-09,T002,Club América,T007,Pumas UNAM,2,3,2,1,Estadio Azteca,L,0,
2888,Clausura 2017,2017,clausura,16,2017-04-16,T003,Rayados,T008,Atlas Guadalajara,3,1,3,0,Estadio BBVA,W,0,
2889,Clausura 2017,2017,clausura,16,2017-04-16,T016,Querétaro,T017,Club Puebla,1,4,0,3,Estadio Corregidora,L,0,
2890,Clausura 2017,2017,clausura,16,2017-04-16,T018,Dorados Sinaloa,T001,C. Azul,0,0,0,0,Estadio de Mazatlán,D,1,ALERTA: 'Dorados Sinaloa' → 'Mazatlán FC' (2020) — club_id T018
2891,Clausura 2017,2017,clausura,16,2017-04-16,T009,Santos Laguna FC,T005,Tigres,1,0,0,0,Estadio Corona,W,0,
2892,Clausura 2017,2017,clausura,16,2017-04-16,T010,Toluca,T002,América,3,0,3,0,Estadio Nemesio Díez,W,0,
2893,Clausura 2017,2017,clausura,16,2017-04-16,T011,Monarcas Morelia,T014,Atlético San Luis,0,1,0,1,Estadio Morelos,L,0,ALERTA: 'Monarcas Morelia' renombrado 'Mazatlán FC' desde 2020 — mismo club_id T011
2894,Clausura 2017,2017,clausura,16,2017-04-16,T004,Deportivo Guadalajara,T012,Tijuana,1,1,1,1,Estadio Akron,D,0,
2895,Clausura 2017,2017,clausura,16,2017-04-16,T007,UNAM Pumas,T015,Impulsora Necaxa,3,1,2,0,Estadio Olímpico Universitario,W,0,
2896,Clausura 2017,2017,clausura,17,2017-04-23,T001,Cruz Azul,T007,Pumas UNAM,0,2,0,0,Estadio Ciudad de los Deportes,L,1,
2897,Clausura 2017,2017,clausura,17,2017-04-23,T004,Deportivo Guadalajara,T005,Tigres UANL,0,1,0,0,Estadio Akron,L,0,
2898,Clausura 2017,2017,clausura,17,2017-04-23,T015,Club Necaxa,T012,Tijuana,1,1,1,1,Estadio Victoria,D,0,
2899,Clausura 2017,2017,clausura,17,2017-04-23,T002,Club América,T003,Monterrey,2,2,2,1,Estadio Azteca,D,0,
2900,Clausura 2017,2017,clausura,17,2017-04-23,T011,Monarcas Morelia,T009,Santos Laguna FC,2,1,0,1,Estadio Morelos,W,0,ALERTA: 'Monarcas Morelia' renombrado 'Mazatlán FC' desde 2020 — mismo club_id T011
2901,Clausura 2017,2017,clausura,17,2017-04-23,T013,Bravos de Juárez,T008,Atlas Guadalajara,0,2,0,2,Estadio Olímpico Benito Juárez,L,0,
2902,Clausura 2017,2017,clausura,17,2017-04-23,T018,Dorados Sinaloa,T014,A. San Luis,4,2,0,0,Estadio de Mazatlán,W,0,ALERTA: 'Dorados Sinaloa' → 'Mazatlán FC' (2020) — club_id T018
2903,Clausura 2017,2017,clausura,17,2017-04-23,T017,La Franja,T010,Deportivo Toluca,2,3,2,2,Estadio Cuauhtémoc,L,0,
2904,Apertura 2017,2017,apertura,1,2017-07-01,T012,Club Tijuana,T005,UANL Tigres,2,3,0,0,Estadio Caliente,L,0,
2905,Apertura 2017,2017,apertura,1,2017-07-01,T009,Santos Laguna,T013,Bravos de Juárez,2,0,1,0,Estadio Corona,W,0,
2906,Apertura 2017,2017,apertura,1,2017-07-01,T003,CF Monterrey,T002,Club América,1,0,0,0,Estadio BBVA,W,0,
2907,Apertura 2017,2017,apertura,1,2017-07-01,T001,Cruz Azul,T015,Necaxa,3,2,0,1,Estadio Ciudad de los Deportes,W,1,
2908,Apertura 2017,2017,apertura,1,2017-07-01,T010,Toluca,T008,Atlas,1,1,0,1,Estadio Nemesio Díez,D,0,
2909,Apertura 2017,2017,apertura,1,2017-07-01,T004,Guadalajara,T018,Dorados Sinaloa,0,4,0,2,Estadio Akron,L,0,ALERTA: 'Dorados Sinaloa' → 'Mazatlán FC' (2020) — club_id T018
2910,Apertura 2017,2017,apertura,1,2017-07-01,T016,Gallos Blancos,T017,Club Puebla,3,0,0,0,Estadio Corregidora,W,0,
2911,Apertura 2017,2017,apertura,1,2017-07-01,T014,San Luis,T006,Club León,2,2,0,1,Estadio Alfonso Lastras,D,0,
2912,Apertura 2017,2017,apertura,2,2017-07-08,T018,Dorados Sinaloa,T012,Tijuana,2,2,2,1,Estadio de Mazatlán,D,0,ALERTA: 'Dorados Sinaloa' → 'Mazatlán FC' (2020) — club_id T018
2913,Apertura 2017,2017,apertura,2,2017-07-08,T003,Rayados,T006,Club León,1,2,1,1,Estadio BBVA,L,0,
2914,Apertura 2017,2017,apertura,2,2017-07-08,T001,Cruz Azul,T008,Club Atlas,1,1,1,0,Estadio Ciudad de los Deportes,D,1,
2915,Apertura 2017,2017,apertura,2,2017-07-08,T009,Santos Laguna,T010,Deportivo Toluca,2,3,2,2,Estadio Corona,L,0,
2916,Apertura 2017,2017,apertura,2,2017-07-08,T017,La Franja,T002,Club América,1,2,0,2,Estadio Cuauhtémoc,L,0,
2917,Apertura 2017,2017,apertura,2,2017-07-08,T015,Impulsora Necaxa,T011,Monarcas Morelia,4,2,4,1,Estadio Victoria,W,0,ALERTA: 'Monarcas Morelia' renombrado 'Mazatlán FC' desde 2020 — mismo club_id T011
2918,Apertura 2017,2017,apertura,2,2017-07-08,T004,Guadalajara,T005,UANL Tigres,3,1,3,1,Estadio Akron,W,0,
2919,Apertura 2017,2017,apertura,2,2017-07-08,T013,Bravos de Juárez,T014,San Luis,1,2,0,0,Estadio Olímpico Benito Juárez,L,0,
2920,Apertura 2017,2017,apertura,3,2017-07-15,T017,Club Puebla,T005,UANL Tigres,0,2,0,2,Estadio Cuauhtémoc,L,0,
2921,Apertura 2017,2017,apertura,3,2017-07-15,T013,Bravos de Juárez,T016,Querétaro FC,0,2,0,1,Estadio Olímpico Benito Juárez,L,0,
2922,Apertura 2017,2017,apertura,3,2017-07-15,T008,Club Atlas,T006,León,0,3,0,1,Estadio Jalisco,L,0,
2923,Apertura 2017,2017,apertura,3,2017-07-15,T004,Guadalajara,T015,Necaxa,4,0,2,0,Estadio Akron,W,0,
2924,Apertura 2017,2017,apertura,3,2017-07-15,T009,Santos Laguna,T002,Club América,4,1,1,0,Estadio Corona,W,0,
2925,Apertura 2017,2017,apertura,3,2017-07-15,T014,A. San Luis,T012,Xoloitzcuintles,2,2,2,1,Estadio Alfonso Lastras,D,0,
2926,Apertura 2017,2017,apertura,3,2017-07-15,T007,UNAM Pumas,T003,Rayados,1,1,1,1,Estadio Olímpico Universitario,D,0,
2927,Apertura 2017,2017,apertura,3,2017-07-15,T001,Cruz Azul,T010,Toluca FC,3,1,0,1,Estadio Ciudad de los Deportes,W,1,
2928,Apertura 2017,2017,apertura,4,2017-07-22,T009,Santos,T002,CF América,1,0,0,0,Estadio Corona,W,0,
2929,Apertura 2017,2017,apertura,4,2017-07-22,T005,UANL Tigres,T011,Monarcas Morelia,1,4,1,3,Estadio Universitario,L,0,ALERTA: 'Monarcas Morelia' renombrado 'Mazatlán FC' desde 2020 — mismo club_id T011
2930,Apertura 2017,2017,apertura,4,2017-07-22,T003,Monterrey,T016,Gallos Blancos,4,2,2,0,Estadio BBVA,W,0,
2931,Apertura 2017,2017,apertura,4,2017-07-22,T010,Toluca,T018,Dorados Sinaloa,2,1,0,1,Estadio Nemesio Díez,W,0,ALERTA: 'Dorados Sinaloa' → 'Mazatlán FC' (2020) — club_id T018
2932,Apertura 2017,2017,apertura,4,2017-07-22,T001,Cruz Azul,T015,Necaxa,2,1,2,0,Estadio Ciudad de los Deportes,W,1,
2933,Apertura 2017,2017,apertura,4,2017-07-22,T007,UNAM Pumas,T017,La Franja,3,1,2,0,Estadio Olímpico Universitario,W,0,
2934,Apertura 2017,2017,apertura,4,2017-07-22,T004,Guadalajara,T013,Bravos de Juárez,1,0,1,0,Estadio Akron,W,0,
2935,Apertura 2017,2017,apertura,4,2017-07-22,T014,San Luis,T008,Club Atlas,0,1,0,0,Estadio Alfonso Lastras,L,0,
2936,Apertura 2017,2017,apertura,5,2017-07-29,T005,Tigres UANL,T006,Club León,2,2,2,0,Estadio Universitario,D,0,
2937,Apertura 2017,2017,apertura,5,2017-07-29,T010,Toluca,T007,Pumas UNAM,2,1,2,0,Estadio Nemesio Díez,W,0,
2938,Apertura 2017,2017,apertura,5,2017-07-29,T014,Atlético San Luis,T004,Chivas,4,1,4,0,Estadio Alfonso Lastras,W,0,
2939,Apertura 2017,2017,apertura,5,2017-07-29,T018,Dorados Sinaloa,T008,Club Atlas,1,0,0,0,Estadio de Mazatlán,W,0,ALERTA: 'Dorados Sinaloa' → 'Mazatlán FC' (2020) — club_id T018
2940,Apertura 2017,2017,apertura,5,2017-07-29,T015,Impulsora Necaxa,T003,CF Monterrey,1,1,0,0,Estadio Victoria,D,0,
2941,Apertura 2017,2017,apertura,5,2017-07-29,T012,Tijuana,T011,Monarcas Morelia,4,1,3,1,Estadio Caliente,W,0,ALERTA: 'Monarcas Morelia' renombrado 'Mazatlán FC' desde 2020 — mismo club_id T011
2942,Apertura 2017,2017,apertura,5,2017-07-29,T009,Santos,T017,Puebla FC,0,1,0,0,Estadio Corona,L,0,
2943,Apertura 2017,2017,apertura,5,2017-07-29,T016,Querétaro FC,T001,Cruz Azul FC,2,2,0,2,Estadio Corregidora,D,1,
2944,Apertura 2017,2017,apertura,6,2017-08-05,T016,Gallos Blancos,T007,Pumas UNAM,2,2,1,2,Estadio Corregidora,D,0,
2945,Apertura 2017,2017,apertura,6,2017-08-05,T017,Club Puebla,T006,León,3,1,1,1,Estadio Cuauhtémoc,W,0,
2946,Apertura 2017,2017,apertura,6,2017-08-05,T001,Cruz Azul FC,T010,Deportivo Toluca,1,0,0,0,Estadio Ciudad de los Deportes,W,1,
2947,Apertura 2017,2017,apertura,6,2017-08-05,T009,Santos Laguna FC,T005,UANL Tigres,2,1,1,0,Estadio Corona,W,0,
2948,Apertura 2017,2017,apertura,6,2017-08-05,T018,Dorados Sinaloa,T012,Tijuana,1,1,1,1,Estadio de Mazatlán,D,0,ALERTA: 'Dorados Sinaloa' → 'Mazatlán FC' (2020) — club_id T018
2949,Apertura 2017,2017,apertura,6,2017-08-05,T013,Juárez,T002,CF América,2,1,2,0,Estadio Olímpico Benito Juárez,W,0,
2950,Apertura 2017,2017,apertura,6,2017-08-05,T004,Deportivo Guadalajara,T015,Club Necaxa,1,0,1,0,Estadio Akron,W,0,
2951,Apertura 2017,2017,apertura,6,2017-08-05,T008,Club Atlas,T003,Rayados,1,0,1,0,Estadio Jalisco,W,0,
2952,Apertura 2017,2017,apertura,7,2017-08-12,T010,Toluca FC,T004,Chivas,1,4,0,0,Estadio Nemesio Díez,L,0,
2953,Apertura 2017,2017,apertura,7,2017-08-12,T001,Cruz Azul FC,T002,CF América,4,1,3,1,Estadio Ciudad de los Deportes,W,1,
2954,Apertura 2017,2017,apertura,7,2017-08-12,T018,Dorados Sinaloa,T003,Rayados,3,1,1,0,Estadio de Mazatlán,W,0,ALERTA: 'Dorados Sinaloa' → 'Mazatlán FC' (2020) — club_id T018
2955,Apertura 2017,2017,apertura,7,2017-08-12,T009,Santos Laguna,T013,Juárez,0,1,0,1,Estadio Corona,L,0,
2956,Apertura 2017,2017,apertura,7,2017-08-12,T006,León,T007,UNAM Pumas,2,1,2,1,Estadio León,W,0,
2957,Apertura 2017,2017,apertura,7,2017-08-12,T014,San Luis,T012,Xoloitzcuintles,4,2,1,2,Estadio Alfonso Lastras,W,0,
2958,Apertura 2017,2017,apertura,7,2017-08-12,T016,Gallos Blancos,T005,UANL Tigres,1,3,0,1,Estadio Corregidora,L,0,
2959,Apertura 2017,2017,apertura,7,2017-08-12,T008,Atlas Guadalajara,T011,Monarcas Morelia,0,2,0,1,Estadio Jalisco,L,0,ALERTA: 'Monarcas Morelia' renombrado 'Mazatlán FC' desde 2020 — mismo club_id T011
2960,Apertura 2017,2017,apertura,8,2017-08-19,T006,Club León,T011,Monarcas Morelia,2,3,2,1,Estadio León,L,0,ALERTA: 'Monarcas Morelia' renombrado 'Mazatlán FC' desde 2020 — mismo club_id T011
2961,Apertura 2017,2017,apertura,8,2017-08-19,T005,Tigres UANL,T018,Dorados Sinaloa,4,1,3,1,Estadio Universitario,W,0,ALERTA: 'Dorados Sinaloa' → 'Mazatlán FC' (2020) — club_id T018
2962,Apertura 2017,2017,apertura,8,2017-08-19,T002,América,T004,Chivas,1,0,1,0,Estadio Azteca,W,0,
2963,Apertura 2017,2017,apertura,8,2017-08-19,T015,Club Necaxa,T009,Santos Laguna FC,4,2,0,2,Estadio Victoria,W,0,
2964,Apertura 2017,2017,apertura,8,2017-08-19,T007,UNAM Pumas,T017,La Franja,0,0,0,0,Estadio Olímpico Universitario,D,0,
2965,Apertura 2017,2017,apertura,8,2017-08-19,T016,Querétaro,T010,Toluca,1,2,0,1,Estadio Corregidora,L,0,
2966,Apertura 2017,2017,apertura,8,2017-08-19,T003,CF Monterrey,T008,Atlas Guadalajara,0,3,0,1,Estadio BBVA,L,0,
2967,Apertura 2017,2017,apertura,8,2017-08-19,T013,Bravos de Juárez,T012,Xoloitzcuintles,0,0,0,0,Estadio Olímpico Benito Juárez,D,0,
2968,Apertura 2017,2017,apertura,9,2017-08-26,T001,C. Azul,T006,León FC,0,1,0,1,Estadio Ciudad de los Deportes,L,1,
2969,Apertura 2017,2017,apertura,9,2017-08-26,T002,América,T007,UNAM Pumas,1,2,0,1,Estadio Azteca,L,0,
2970,Apertura 2017,2017,apertura,9,2017-08-26,T017,Puebla FC,T018,Dorados Sinaloa,4,0,1,0,Estadio Cuauhtémoc,W,0,ALERTA: 'Dorados Sinaloa' → 'Mazatlán FC' (2020) — club_id T018
2971,Apertura 2017,2017,apertura,9,2017-08-26,T003,Rayados,T005,Tigres,0,3,0,1,Estadio BBVA,L,0,
2972,Apertura 2017,2017,apertura,9,2017-08-26,T011,Monarcas Morelia,T010,Toluca,2,1,2,1,Estadio Morelos,W,0,ALERTA: 'Monarcas Morelia' renombrado 'Mazatlán FC' desde 2020 — mismo club_id T011
2973,Apertura 2017,2017,apertura,9,2017-08-26,T015,Necaxa,T014,Atlético San Luis,4,4,4,4,Estadio Victoria,D,0,
2974,Apertura 2017,2017,apertura,9,2017-08-26,T013,FC Juárez,T016,Querétaro,0,0,0,0,Estadio Olímpico Benito Juárez,D,0,
2975,Apertura 2017,2017,apertura,9,2017-08-26,T008,Atlas,T009,Santos Laguna,1,0,1,0,Estadio Jalisco,W,0,
2976,Apertura 2017,2017,apertura,10,2017-09-02,T015,Club Necaxa,T011,Monarcas Morelia,1,0,1,0,Estadio Victoria,W,0,ALERTA: 'Monarcas Morelia' renombrado 'Mazatlán FC' desde 2020 — mismo club_id T011
2977,Apertura 2017,2017,apertura,10,2017-09-02,T013,Juárez,T014,Atlético San Luis,2,2,2,2,Estadio Olímpico Benito Juárez,D,0,
2978,Apertura 2017,2017,apertura,10,2017-09-02,T005,Tigres UANL,T010,Toluca FC,3,2,0,1,Estadio Universitario,W,0,
2979,Apertura 2017,2017,apertura,10,2017-09-02,T003,CF Monterrey,T017,Puebla FC,2,1,1,1,Estadio BBVA,W,0,
2980,Apertura 2017,2017,apertura,10,2017-09-02,T018,Dorados Sinaloa,T002,Club América,2,1,1,1,Estadio de Mazatlán,W,0,ALERTA: 'Dorados Sinaloa' → 'Mazatlán FC' (2020) — club_id T018
2981,Apertura 2017,2017,apertura,10,2017-09-02,T016,Gallos Blancos,T007,UNAM Pumas,0,4,0,2,Estadio Corregidora,L,0,
2982,Apertura 2017,2017,apertura,10,2017-09-02,T008,Atlas Guadalajara,T012,Club Tijuana,1,2,1,2,Estadio Jalisco,L,0,
2983,Apertura 2017,2017,apertura,10,2017-09-02,T001,C. Azul,T006,León,1,0,0,0,Estadio Ciudad de los Deportes,W,1,
2984,Apertura 2017,2017,apertura,11,2017-09-09,T004,Deportivo Guadalajara,T017,Club Puebla,0,1,0,0,Estadio Akron,L,0,
2985,Apertura 2017,2017,apertura,11,2017-09-09,T010,Toluca,T015,Club Necaxa,2,0,0,0,Estadio Nemesio Díez,W,0,
2986,Apertura 2017,2017,apertura,11,2017-09-09,T002,América,T007,UNAM Pumas,1,1,1,0,Estadio Azteca,D,0,
2987,Apertura 2017,2017,apertura,11,2017-09-09,T011,Monarcas Morelia,T005,UANL Tigres,3,3,3,1,Estadio Morelos,D,0,ALERTA: 'Monarcas Morelia' renombrado 'Mazatlán FC' desde 2020 — mismo club_id T011
2988,Apertura 2017,2017,apertura,11,2017-09-09,T018,Dorados Sinaloa,T006,León,3,2,3,2,Estadio de Mazatlán,W,0,ALERTA: 'Dorados Sinaloa' → 'Mazatlán FC' (2020) — club_id T018
2989,Apertura 2017,2017,apertura,11,2017-09-09,T009,Santos Laguna,T013,Juárez,3,2,2,2,Estadio Corona,W,0,
2990,Apertura 2017,2017,apertura,11,2017-09-09,T001,Cruz Azul,T014,San Luis,2,0,0,0,Estadio Ciudad de los Deportes,W,1,
2991,Apertura 2017,2017,apertura,11,2017-09-09,T016,Querétaro,T003,Rayados,3,1,1,0,Estadio Corregidora,W,0,
2992,Apertura 2017,2017,apertura,12,2017-09-16,T009,Santos Laguna FC,T006,León,2,3,2,3,Estadio Corona,L,0,
2993,Apertura 2017,2017,apertura,12,2017-09-16,T005,Tigres UANL,T015,Club Necaxa,4,1,4,1,Estadio Universitario,W,0,
2994,Apertura 2017,2017,apertura,12,2017-09-16,T018,Dorados Sinaloa,T014,San Luis,1,1,1,0,Estadio de Mazatlán,D,0,ALERTA: 'Dorados Sinaloa' → 'Mazatlán FC' (2020) — club_id T018
2995,Apertura 2017,2017,apertura,12,2017-09-16,T013,Bravos de Juárez,T002,CF América,1,2,1,2,Estadio Olímpico Benito Juárez,L,0,
2996,Apertura 2017,2017,apertura,12,2017-09-16,T004,Guadalajara,T007,Pumas,3,4,1,3,Estadio Akron,L,0,
2997,Apertura 2017,2017,apertura,12,2017-09-16,T010,Toluca FC,T017,Puebla FC,2,1,0,1,Estadio Nemesio Díez,W,0,
2998,Apertura 2017,2017,apertura,12,2017-09-16,T008,Club Atlas,T012,Tijuana,0,2,0,2,Estadio Jalisco,L,0,
2999,Apertura 2017,2017,apertura,12,2017-09-16,T001,C. Azul,T011,Monarcas Morelia,3,1,3,0,Estadio Ciudad de los Deportes,W,1,ALERTA: 'Monarcas Morelia' renombrado 'Mazatlán FC' desde 2020 — mismo club_id T011
3000,Apertura 2017,2017,apertura,13,2017-09-23,T018,Dorados Sinaloa,T012,Tijuana,4,0,0,0,Estadio de Mazatlán,W,0,ALERTA: 'Dorados Sinaloa' → 'Mazatlán FC' (2020) — club_id T018
3001,Apertura 2017,2017,apertura,13,2017-09-23,T006,León FC,T004,Chivas,2,1,0,1,Estadio León,W,0,
3002,Apertura 2017,2017,apertura,13,2017-09-23,T002,América,T013,Juárez,3,1,2,0,Estadio Azteca,W,0,
3003,Apertura 2017,2017,apertura,13,2017-09-23,T009,Santos Laguna FC,T005,Tigres,1,2,1,2,Estadio Corona,L,0,
3004,Apertura 2017,2017,apertura,13,2017-09-23,T014,Atlético San Luis,T007,Pumas UNAM,1,1,0,0,Estadio Alfonso Lastras,D,0,
3005,Apertura 2017,2017,apertura,13,2017-09-23,T010,Toluca,T008,Atlas,2,0,1,0,Estadio Nemesio Díez,W,0,
3006,Apertura 2017,2017,apertura,13,2017-09-23,T011,Monarcas Morelia,T015,Necaxa,0,2,0,1,Estadio Morelos,L,0,ALERTA: 'Monarcas Morelia' renombrado 'Mazatlán FC' desde 2020 — mismo club_id T011
3007,Apertura 2017,2017,apertura,13,2017-09-23,T003,Rayados,T017,Club Puebla,4,2,3,2,Estadio BBVA,W,0,
3008,Apertura 2017,2017,apertura,14,2017-09-30,T014,Atlético San Luis,T008,Atlas,0,1,0,1,Estadio Alfonso Lastras,L,0,
3009,Apertura 2017,2017,apertura,14,2017-09-30,T017,Puebla FC,T009,Santos Laguna FC,0,0,0,0,Estadio Cuauhtémoc,D,0,
3010,Apertura 2017,2017,apertura,14,2017-09-30,T012,Xoloitzcuintles,T002,Club América,3,2,0,2,Estadio Caliente,W,0,
3011,Apertura 2017,2017,apertura,14,2017-09-30,T018,Dorados Sinaloa,T007,Pumas UNAM,1,2,1,0,Estadio de Mazatlán,L,0,ALERTA: 'Dorados Sinaloa' → 'Mazatlán FC' (2020) — club_id T018
3012,Apertura 2017,2017,apertura,14,2017-09-30,T005,UANL Tigres,T003,CF Monterrey,1,2,1,1,Estadio Universitario,L,0,
3013,Apertura 2017,2017,apertura,14,2017-09-30,T010,Toluca FC,T001,Cruz Azul,3,1,3,1,Estadio Nemesio Díez,W,1,
3014,Apertura 2017,2017,apertura,14,2017-09-30,T004,Chivas,T006,Club León,4,0,4,0,Estadio Akron,W,0,
3015,Apertura 2017,2017,apertura,14,2017-09-30,T015,Necaxa,T013,FC Juárez,0,0,0,0,Estadio Victoria,D,0,
3016,Apertura 2017,2017,apertura,15,2017-10-07,T003,Monterrey,T001,Cruz Azul,2,2,2,2,Estadio BBVA,D,1,
3017,Apertura 2017,2017,apertura,15,2017-10-07,T007,UNAM Pumas,T014,A. San Luis,1,0,1,0,Estadio Olímpico Universitario,W,0,
3018,Apertura 2017,2017,apertura,15,2017-10-07,T006,Club León,T002,América,1,1,1,1,Estadio León,D,0,
3019,Apertura 2017,2017,apertura,15,2017-10-07,T005,Tigres UANL,T009,Santos Laguna FC,0,1,0,0,Estadio Universitario,L,0,
3020,Apertura 2017,2017,apertura,15,2017-10-07,T016,Querétaro FC,T012,Tijuana,4,0,2,0,Estadio Corregidora,W,0,
3021,Apertura 2017,2017,apertura,15,2017-10-07,T011,Monarcas Morelia,T004,Guadalajara,2,0,2,0,Estadio Morelos,W,0,ALERTA: 'Monarcas Morelia' renombrado 'Mazatlán FC' desde 2020 — mismo club_id T011
3022,Apertura 2017,2017,apertura,15,2017-10-07,T018,Dorados Sinaloa,T017,Puebla FC,1,2,0,1,Estadio de Mazatlán,L,0,ALERTA: 'Dorados Sinaloa' → 'Mazatlán FC' (2020) — club_id T018
3023,Apertura 2017,2017,apertura,15,2017-10-07,T010,Toluca FC,T013,Juárez,2,3,2,2,Estadio Nemesio Díez,L,0,
3024,Apertura 2017,2017,apertura,16,2017-10-14,T010,Toluca,T009,Santos Laguna FC,3,1,3,1,Estadio Nemesio Díez,W,0,
3025,Apertura 2017,2017,apertura,16,2017-10-14,T008,Atlas Guadalajara,T016,Querétaro,1,2,0,2,Estadio Jalisco,L,0,
3026,Apertura 2017,2017,apertura,16,2017-10-14,T006,León FC,T004,Guadalajara,0,2,0,1,Estadio León,L,0,
3027,Apertura 2017,2017,apertura,16,2017-10-14,T001,Cruz Azul,T002,CF América,4,2,4,0,Estadio Ciudad de los Deportes,W,1,
3028,Apertura 2017,2017,apertura,16,2017-10-14,T014,A. San Luis,T018,Dorados Sinaloa,1,2,1,0,Estadio Alfonso Lastras,L,0,ALERTA: 'Dorados Sinaloa' → 'Mazatlán FC' (2020) — club_id T018
3029,Apertura 2017,2017,apertura,16,2017-10-14,T017,Puebla FC,T011,Monarcas Morelia,1,4,0,3,Estadio Cuauhtémoc,L,0,ALERTA: 'Monarcas Morelia' renombrado 'Mazatlán FC' desde 2020 — mismo club_id T011
3030,Apertura 2017,2017,apertura,16,2017-10-14,T007,UNAM Pumas,T003,Monterrey,0,0,0,0,Estadio Olímpico Universitario,D,0,
3031,Apertura 2017,2017,apertura,16,2017-10-14,T012,Tijuana,T005,Tigres,1,0,1,0,Estadio Caliente,W,0,
3032,Apertura 2017,2017,apertura,17,2017-10-21,T018,Dorados Sinaloa,T006,Club León,1,3,1,3,Estadio de Mazatlán,L,0,ALERTA: 'Dorados Sinaloa' → 'Mazatlán FC' (2020) — club_id T018
3033,Apertura 2017,2017,apertura,17,2017-10-21,T008,Atlas Guadalajara,T016,Gallos Blancos,3,2,2,0,Estadio Jalisco,W,0,
3034,Apertura 2017,2017,apertura,17,2017-10-21,T011,Monarcas Morelia,T015,Impulsora Necaxa,0,4,0,1,Estadio Morelos,L,0,ALERTA: 'Monarcas Morelia' renombrado 'Mazatlán FC' desde 2020 — mismo club_id T011
3035,Apertura 2017,2017,apertura,17,2017-10-21,T012,Club Tijuana,T001,C. Azul,2,2,2,0,Estadio Caliente,D,1,
3036,Apertura 2017,2017,apertura,17,2017-10-21,T005,Tigres UANL,T010,Toluca,2,2,2,1,Estadio Universitario,D,0,
3037,Apertura 2017,2017,apertura,17,2017-10-21,T003,Monterrey,T017,Puebla FC,4,1,2,1,Estadio BBVA,W,0,
3038,Apertura 2017,2017,apertura,17,2017-10-21,T002,Club América,T007,UNAM Pumas,4,0,2,0,Estadio Azteca,W,0,
3039,Apertura 2017,2017,apertura,17,2017-10-21,T013,Juárez,T014,San Luis,3,2,2,2,Estadio Olímpico Benito Juárez,W,0,
3040,Clausura 2018,2018,clausura,1,2018-01-01,T017,Club Puebla,T003,Rayados,1,0,0,0,Estadio Cuauhtémoc,W,0,
3041,Clausura 2018,2018,clausura,1,2018-01-01,T002,CF América,T011,Monarcas Morelia,2,0,1,0,Estadio Azteca,W,0,ALERTA: 'Monarcas Morelia' renombrado 'Mazatlán FC' desde 2020 — mismo club_id T011
3042,Clausura 2018,2018,clausura,1,2018-01-01,T016,Querétaro FC,T018,Dorados Sinaloa,4,0,3,0,Estadio Corregidora,W,0,ALERTA: 'Dorados Sinaloa' → 'Mazatlán FC' (2020) — club_id T018
3043,Clausura 2018,2018,clausura,1,2018-01-01,T001,Cruz Azul FC,T010,Toluca,1,1,0,1,Estadio Ciudad de los Deportes,D,1,
3044,Clausura 2018,2018,clausura,1,2018-01-01,T015,Impulsora Necaxa,T007,UNAM Pumas,1,3,1,1,Estadio Victoria,L,0,
3045,Clausura 2018,2018,clausura,1,2018-01-01,T004,Deportivo Guadalajara,T006,León,0,1,0,1,Estadio Akron,L,0,
3046,Clausura 2018,2018,clausura,1,2018-01-01,T013,Bravos de Juárez,T005,Tigres,1,2,0,0,Estadio Olímpico Benito Juárez,L,0,
3047,Clausura 2018,2018,clausura,1,2018-01-01,T014,San Luis,T008,Atlas Guadalajara,3,0,0,0,Estadio Alfonso Lastras,W,0,
3048,Clausura 2018,2018,clausura,2,2018-01-08,T004,Chivas,T017,Club Puebla,3,3,2,2,Estadio Akron,D,0,
3049,Clausura 2018,2018,clausura,2,2018-01-08,T008,Atlas,T012,Tijuana,1,0,0,0,Estadio Jalisco,W,0,
3050,Clausura 2018,2018,clausura,2,2018-01-08,T007,Pumas UNAM,T003,CF Monterrey,4,4,2,2,Estadio Olímpico Universitario,D,0,
3051,Clausura 2018,2018,clausura,2,2018-01-08,T005,Tigres,T009,Santos Laguna,2,2,2,1,Estadio Universitario,D,0,
3052,Clausura 2018,2018,clausura,2,2018-01-08,T006,Club León,T018,Dorados Sinaloa,4,1,4,0,Estadio León,W,0,ALERTA: 'Dorados Sinaloa' → 'Mazatlán FC' (2020) — club_id T018
3053,Clausura 2018,2018,clausura,2,2018-01-08,T011,Monarcas Morelia,T015,Necaxa,4,0,0,0,Estadio Morelos,W,0,ALERTA: 'Monarcas Morelia' renombrado 'Mazatlán FC' desde 2020 — mismo club_id T011
3054,Clausura 2018,2018,clausura,2,2018-01-08,T016,Querétaro FC,T014,San Luis,2,2,0,1,Estadio Corregidora,D,0,
3055,Clausura 2018,2018,clausura,2,2018-01-08,T010,Deportivo Toluca,T013,Juárez,2,2,1,2,Estadio Nemesio Díez,D,0,
3056,Clausura 2018,2018,clausura,3,2018-01-15,T012,Tijuana,T010,Toluca FC,3,4,3,4,Estadio Caliente,L,0,
3057,Clausura 2018,2018,clausura,3,2018-01-15,T013,FC Juárez,T006,León,3,0,2,0,Estadio Olímpico Benito Juárez,W,0,
3058,Clausura 2018,2018,clausura,3,2018-01-15,T005,Tigres,T017,La Franja,1,4,1,1,Estadio Universitario,L,0,
3059,Clausura 2018,2018,clausura,3,2018-01-15,T009,Santos Laguna,T008,Atlas,4,0,1,0,Estadio Corona,W,0,
3060,Clausura 2018,2018,clausura,3,2018-01-15,T018,Dorados Sinaloa,T011,Monarcas Morelia,0,1,0,1,Estadio de Mazatlán,L,0,ALERTA: 'Dorados Sinaloa' → 'Mazatlán FC' (2020) — club_id T018
3061,Clausura 2018,2018,clausura,3,2018-01-15,T002,América,T007,Pumas UNAM,1,0,0,0,Estadio Azteca,W,0,
3062,Clausura 2018,2018,clausura,3,2018-01-15,T004,Guadalajara,T015,Impulsora Necaxa,0,1,0,1,Estadio Akron,L,0,
3063,Clausura 2018,2018,clausura,3,2018-01-15,T016,Querétaro,T014,San Luis,2,1,2,0,Estadio Corregidora,W,0,
3064,Clausura 2018,2018,clausura,4,2018-01-22,T011,Monarcas Morelia,T013,Bravos de Juárez,1,1,1,1,Estadio Morelos,D,0,ALERTA: 'Monarcas Morelia' renombrado 'Mazatlán FC' desde 2020 — mismo club_id T011
3065,Clausura 2018,2018,clausura,4,2018-01-22,T015,Necaxa,T010,Toluca FC,0,0,0,0,Estadio Victoria,D,0,
3066,Clausura 2018,2018,clausura,4,2018-01-22,T017,Puebla FC,T012,Xoloitzcuintles,2,4,1,3,Estadio Cuauhtémoc,L,0,
3067,Clausura 2018,2018,clausura,4,2018-01-22,T004,Deportivo Guadalajara,T003,Rayados,0,0,0,0,Estadio Akron,D,0,
3068,Clausura 2018,2018,clausura,4,2018-01-22,T002,CF América,T016,Gallos Blancos,1,1,1,1,Estadio Azteca,D,0,
3069,Clausura 2018,2018,clausura,4,2018-01-22,T005,Tigres,T006,León FC,0,1,0,1,Estadio Universitario,L,0,
3070,Clausura 2018,2018,clausura,4,2018-01-22,T007,Pumas,T014,A. San Luis,2,1,1,0,Estadio Olímpico Universitario,W,0,
3071,Clausura 2018,2018,clausura,4,2018-01-22,T018,Dorados Sinaloa,T008,Atlas,2,0,0,0,Estadio de Mazatlán,W,0,ALERTA: 'Dorados Sinaloa' → 'Mazatlán FC' (2020) — club_id T018
3072,Clausura 2018,2018,clausura,5,2018-01-29,T017,Puebla FC,T007,Pumas,0,1,0,1,Estadio Cuauhtémoc,L,0,
3073,Clausura 2018,2018,clausura,5,2018-01-29,T018,Dorados Sinaloa,T012,Club Tijuana,0,2,0,0,Estadio de Mazatlán,L,0,ALERTA: 'Dorados Sinaloa' → 'Mazatlán FC' (2020) — club_id T018
3074,Clausura 2018,2018,clausura,5,2018-01-29,T011,Monarcas Morelia,T005,Tigres UANL,0,3,0,1,Estadio Morelos,L,0,ALERTA: 'Monarcas Morelia' renombrado 'Mazatlán FC' desde 2020 — mismo club_id T011
3075,Clausura 2018,2018,clausura,5,2018-01-29,T013,Bravos de Juárez,T002,Club América,2,2,0,0,Estadio Olímpico Benito Juárez,D,0,
3076,Clausura 2018,2018,clausura,5,2018-01-29,T016,Querétaro FC,T006,Club León,0,2,0,0,Estadio Corregidora,L,0,
3077,Clausura 2018,2018,clausura,5,2018-01-29,T004,Chivas,T001,Cruz Azul FC,2,4,0,0,Estadio Akron,L,1,
3078,Clausura 2018,2018,clausura,5,2018-01-29,T014,Atlético San Luis,T010,Deportivo Toluca,4,0,4,0,Estadio Alfonso Lastras,W,0,
3079,Clausura 2018,2018,clausura,5,2018-01-29,T003,Rayados,T015,Impulsora Necaxa,1,3,0,3,Estadio BBVA,L,0,
3080,Clausura 2018,2018,clausura,6,2018-02-05,T004,Deportivo Guadalajara,T002,América,4,2,2,2,Estadio Akron,W,0,
3081,Clausura 2018,2018,clausura,6,2018-02-05,T003,CF Monterrey,T011,Monarcas Morelia,0,1,0,0,Estadio BBVA,L,0,ALERTA: 'Monarcas Morelia' renombrado 'Mazatlán FC' desde 2020 — mismo club_id T011
3082,Clausura 2018,2018,clausura,6,2018-02-05,T008,Club Atlas,T010,Toluca FC,3,1,2,1,Estadio Jalisco,W,0,
3083,Clausura 2018,2018,clausura,6,2018-02-05,T018,Dorados Sinaloa,T015,Impulsora Necaxa,2,0,1,0,Estadio de Mazatlán,W,0,ALERTA: 'Dorados Sinaloa' → 'Mazatlán FC' (2020) — club_id T018
3084,Clausura 2018,2018,clausura,6,2018-02-05,T001,C. Azul,T013,FC Juárez,4,2,2,2,Estadio Ciudad de los Deportes,W,1,
3085,Clausura 2018,2018,clausura,6,2018-02-05,T017,La Franja,T016,Querétaro,3,3,0,2,Estadio Cuauhtémoc,D,0,
3086,Clausura 2018,2018,clausura,6,2018-02-05,T009,Santos,T007,Pumas,4,3,2,2,Estadio Corona,W,0,
3087,Clausura 2018,2018,clausura,6,2018-02-05,T006,Club León,T014,San Luis,0,2,0,1,Estadio León,L,0,
3088,Clausura 2018,2018,clausura,7,2018-02-12,T016,Querétaro FC,T008,Atlas,2,0,2,0,Estadio Corregidora,W,0,
3089,Clausura 2018,2018,clausura,7,2018-02-12,T017,La Franja,T010,Toluca,4,1,3,1,Estadio Cuauhtémoc,W,0,
3090,Clausura 2018,2018,clausura,7,2018-02-12,T012,Tijuana,T005,UANL Tigres,3,2,0,0,Estadio Caliente,W,0,
3091,Clausura 2018,2018,clausura,7,2018-02-12,T004,Guadalajara,T009,Santos Laguna,1,4,0,1,Estadio Akron,L,0,
3092,Clausura 2018,2018,clausura,7,2018-02-12,T011,Monarcas Morelia,T018,Dorados Sinaloa,3,0,3,0,Estadio Morelos,W,0,ALERTA: 'Dorados Sinaloa' → 'Mazatlán FC' (2020) — club_id T018
3093,Clausura 2018,2018,clausura,7,2018-02-12,T013,Juárez,T006,León,4,1,2,0,Estadio Olímpico Benito Juárez,W,0,
3094,Clausura 2018,2018,clausura,7,2018-02-12,T007,Pumas,T015,Club Necaxa,1,1,0,0,Estadio Olímpico Universitario,D,0,
3095,Clausura 2018,2018,clausura,7,2018-02-12,T014,Atlético San Luis,T001,Cruz Azul,2,1,0,1,Estadio Alfonso Lastras,W,1,
3096,Clausura 2018,2018,clausura,8,2018-02-19,T016,Gallos Blancos,T008,Club Atlas,2,1,1,1,Estadio Corregidora,W,0,
3097,Clausura 2018,2018,clausura,8,2018-02-19,T005,Tigres,T010,Toluca,3,1,1,0,Estadio Universitario,W,0,
3098,Clausura 2018,2018,clausura,8,2018-02-19,T017,La Franja,T001,Cruz Azul FC,0,2,0,2,Estadio Cuauhtémoc,L,1,
3099,Clausura 2018,2018,clausura,8,2018-02-19,T009,Santos Laguna FC,T013,Juárez,2,3,1,2,Estadio Corona,L,0,
3100,Clausura 2018,2018,clausura,8,2018-02-19,T007,Pumas UNAM,T006,Club León,4,4,2,1,Estadio Olímpico Universitario,D,0,
3101,Clausura 2018,2018,clausura,8,2018-02-19,T014,A. San Luis,T015,Necaxa,2,2,2,2,Estadio Alfonso Lastras,D,0,
3102,Clausura 2018,2018,clausura,8,2018-02-19,T002,Club América,T004,Deportivo Guadalajara,1,1,1,1,Estadio Azteca,D,0,
3103,Clausura 2018,2018,clausura,8,2018-02-19,T011,Monarcas Morelia,T018,Dorados Sinaloa,3,0,3,0,Estadio Morelos,W,0,ALERTA: 'Dorados Sinaloa' → 'Mazatlán FC' (2020) — club_id T018
3104,Clausura 2018,2018,clausura,9,2018-02-26,T017,Club Puebla,T011,Monarcas Morelia,1,0,0,0,Estadio Cuauhtémoc,W,0,ALERTA: 'Monarcas Morelia' renombrado 'Mazatlán FC' desde 2020 — mismo club_id T011
3105,Clausura 2018,2018,clausura,9,2018-02-26,T013,FC Juárez,T003,Rayados,1,0,0,0,Estadio Olímpico Benito Juárez,W,0,
3106,Clausura 2018,2018,clausura,9,2018-02-26,T002,Club América,T005,Tigres,4,1,3,0,Estadio Azteca,W,0,
3107,Clausura 2018,2018,clausura,9,2018-02-26,T009,Santos Laguna FC,T018,Dorados Sinaloa,1,0,1,0,Estadio Corona,W,0,ALERTA: 'Dorados Sinaloa' → 'Mazatlán FC' (2020) — club_id T018
3108,Clausura 2018,2018,clausura,9,2018-02-26,T001,C. Azul,T010,Toluca FC,1,3,1,2,Estadio Ciudad de los Deportes,L,1,
3109,Clausura 2018,2018,clausura,9,2018-02-26,T012,Tijuana,T008,Atlas,1,1,0,1,Estadio Caliente,D,0,
3110,Clausura 2018,2018,clausura,9,2018-02-26,T015,Impulsora Necaxa,T007,Pumas UNAM,3,0,2,0,Estadio Victoria,W,0,
3111,Clausura 2018,2018,clausura,9,2018-02-26,T006,León,T016,Gallos Blancos,1,4,0,3,Estadio León,L,0,
3112,Clausura 2018,2018,clausura,10,2018-03-05,T017,Club Puebla,T010,Toluca,0,0,0,0,Estadio Cuauhtémoc,D,0,
3113,Clausura 2018,2018,clausura,10,2018-03-05,T006,León FC,T014,A. San Luis,0,4,0,0,Estadio León,L,0,
3114,Clausura 2018,2018,clausura,10,2018-03-05,T011,Monarcas Morelia,T018,Dorados Sinaloa,1,1,1,1,Estadio Morelos,D,0,ALERTA: 'Dorados Sinaloa' → 'Mazatlán FC' (2020) — club_id T018
3115,Clausura 2018,2018,clausura,10,2018-03-05,T013,Bravos de Juárez,T002,América,2,0,1,0,Estadio Olímpico Benito Juárez,W,0,
3116,Clausura 2018,2018,clausura,10,2018-03-05,T001,Cruz Azul FC,T005,Tigres,0,3,0,3,Estadio Ciudad de los Deportes,L,1,
3117,Clausura 2018,2018,clausura,10,2018-03-05,T009,Santos Laguna,T007,UNAM Pumas,0,3,0,2,Estadio Corona,L,0,
3118,Clausura 2018,2018,clausura,10,2018-03-05,T008,Club Atlas,T015,Club Necaxa,2,0,2,0,Estadio Jalisco,W,0,
3119,Clausura 2018,2018,clausura,10,2018-03-05,T004,Deportivo Guadalajara,T016,Querétaro,3,2,1,2,Estadio Akron,W,0,
3120,Clausura 2018,2018,clausura,11,2018-03-12,T017,La Franja,T010,Toluca,1,2,0,2,Estadio Cuauhtémoc,L,0,
3121,Clausura 2018,2018,clausura,11,2018-03-12,T003,CF Monterrey,T004,Deportivo Guadalajara,0,0,0,0,Estadio BBVA,D,0,
3122,Clausura 2018,2018,clausura,11,2018-03-12,T009,Santos Laguna FC,T008,Atlas Guadalajara,0,1,0,0,Estadio Corona,L,0,
3123,Clausura 2018,2018,clausura,11,2018-03-12,T018,Dorados Sinaloa,T016,Gallos Blancos,3,1,1,0,Estadio de Mazatlán,W,0,ALERTA: 'Dorados Sinaloa' → 'Mazatlán FC' (2020) — club_id T018
3124,Clausura 2018,2018,clausura,11,2018-03-12,T006,León FC,T011,Monarcas Morelia,1,1,1,0,Estadio León,D,0,ALERTA: 'Monarcas Morelia' renombrado 'Mazatlán FC' desde 2020 — mismo club_id T011
3125,Clausura 2018,2018,clausura,11,2018-03-12,T014,San Luis,T007,UNAM Pumas,3,0,3,0,Estadio Alfonso Lastras,W,0,
3126,Clausura 2018,2018,clausura,11,2018-03-12,T012,Xoloitzcuintles,T005,UANL Tigres,0,1,0,0,Estadio Caliente,L,0,
3127,Clausura 2018,2018,clausura,11,2018-03-12,T013,Juárez,T001,Cruz Azul,0,2,0,1,Estadio Olímpico Benito Juárez,L,1,
3128,Clausura 2018,2018,clausura,12,2018-03-19,T003,CF Monterrey,T001,C. Azul,1,2,0,2,Estadio BBVA,L,1,
3129,Clausura 2018,2018,clausura,12,2018-03-19,T015,Necaxa,T009,Santos Laguna,2,2,0,1,Estadio Victoria,D,0,
3130,Clausura 2018,2018,clausura,12,2018-03-19,T014,Atlético San Luis,T017,Club Puebla,2,0,2,0,Estadio Alfonso Lastras,W,0,
3131,Clausura 2018,2018,clausura,12,2018-03-19,T016,Querétaro FC,T011,Monarcas Morelia,1,2,0,2,Estadio Corregidora,L,0,ALERTA: 'Monarcas Morelia' renombrado 'Mazatlán FC' desde 2020 — mismo club_id T011
3132,Clausura 2018,2018,clausura,12,2018-03-19,T013,Juárez,T018,Dorados Sinaloa,1,1,0,0,Estadio Olímpico Benito Juárez,D,0,ALERTA: 'Dorados Sinaloa' → 'Mazatlán FC' (2020) — club_id T018
3133,Clausura 2018,2018,clausura,12,2018-03-19,T006,Club León,T005,UANL Tigres,1,1,0,1,Estadio León,D,0,
3134,Clausura 2018,2018,clausura,12,2018-03-19,T004,Deportivo Guadalajara,T008,Club Atlas,1,1,0,0,Estadio Akron,D,0,
3135,Clausura 2018,2018,clausura,12,2018-03-19,T010,Toluca,T007,UNAM Pumas,1,1,1,0,Estadio Nemesio Díez,D,0,
3136,Clausura 2018,2018,clausura,13,2018-03-26,T001,Cruz Azul FC,T013,FC Juárez,2,1,1,1,Estadio Ciudad de los Deportes,W,1,
3137,Clausura 2018,2018,clausura,13,2018-03-26,T005,UANL Tigres,T014,A. San Luis,0,3,0,3,Estadio Universitario,L,0,
3138,Clausura 2018,2018,clausura,13,2018-03-26,T007,Pumas,T004,Deportivo Guadalajara,0,1,0,1,Estadio Olímpico Universitario,L,0,
3139,Clausura 2018,2018,clausura,13,2018-03-26,T018,Dorados Sinaloa,T008,Atlas Guadalajara,1,2,0,0,Estadio de Mazatlán,L,0,ALERTA: 'Dorados Sinaloa' → 'Mazatlán FC' (2020) — club_id T018
3140,Clausura 2018,2018,clausura,13,2018-03-26,T002,Club América,T006,Club León,2,0,2,0,Estadio Azteca,W,0,
3141,Clausura 2018,2018,clausura,13,2018-03-26,T016,Querétaro FC,T003,Rayados,2,2,1,0,Estadio Corregidora,D,0,
3142,Clausura 2018,2018,clausura,13,2018-03-26,T017,La Franja,T009,Santos,1,1,1,1,Estadio Cuauhtémoc,D,0,
3143,Clausura 2018,2018,clausura,13,2018-03-26,T015,Impulsora Necaxa,T012,Club Tijuana,3,1,1,1,Estadio Victoria,W,0,
3144,Clausura 2018,2018,clausura,14,2018-04-02,T013,Bravos de Juárez,T009,Santos Laguna,0,0,0,0,Estadio Olímpico Benito Juárez,D,0,
3145,Clausura 2018,2018,clausura,14,2018-04-02,T011,Monarcas Morelia,T007,UNAM Pumas,4,1,4,0,Estadio Morelos,W,0,ALERTA: 'Monarcas Morelia' renombrado 'Mazatlán FC' desde 2020 — mismo club_id T011
3146,Clausura 2018,2018,clausura,14,2018-04-02,T015,Necaxa,T002,Club América,1,0,1,0,Estadio Victoria,W,0,
3147,Clausura 2018,2018,clausura,14,2018-04-02,T008,Atlas Guadalajara,T014,Atlético San Luis,3,0,0,0,Estadio Jalisco,W,0,
3148,Clausura 2018,2018,clausura,14,2018-04-02,T016,Querétaro FC,T010,Toluca,3,0,0,0,Estadio Corregidora,W,0,
3149,Clausura 2018,2018,clausura,14,2018-04-02,T001,Cruz Azul FC,T004,Guadalajara,1,1,0,0,Estadio Ciudad de los Deportes,D,1,
3150,Clausura 2018,2018,clausura,14,2018-04-02,T017,Club Puebla,T006,Club León,2,0,0,0,Estadio Cuauhtémoc,W,0,
3151,Clausura 2018,2018,clausura,14,2018-04-02,T003,CF Monterrey,T012,Tijuana,1,0,0,0,Estadio BBVA,W,0,
3152,Clausura 2018,2018,clausura,15,2018-04-09,T011,Monarcas Morelia,T009,Santos Laguna,1,3,1,0,Estadio Morelos,L,0,ALERTA: 'Monarcas Morelia' renombrado 'Mazatlán FC' desde 2020 — mismo club_id T011
3153,Clausura 2018,2018,clausura,15,2018-04-09,T007,Pumas UNAM,T013,FC Juárez,2,2,2,0,Estadio Olímpico Universitario,D,0,
3154,Clausura 2018,2018,clausura,15,2018-04-09,T003,Monterrey,T001,C. Azul,1,1,0,0,Estadio BBVA,D,1,
3155,Clausura 2018,2018,clausura,15,2018-04-09,T010,Toluca,T012,Tijuana,1,1,1,1,Estadio Nemesio Díez,D,0,
3156,Clausura 2018,2018,clausura,15,2018-04-09,T015,Club Necaxa,T008,Atlas Guadalajara,0,0,0,0,Estadio Victoria,D,0,
3157,Clausura 2018,2018,clausura,15,2018-04-09,T004,Guadalajara,T006,León FC,3,3,3,0,Estadio Akron,D,0,
3158,Clausura 2018,2018,clausura,15,2018-04-09,T017,Club Puebla,T016,Gallos Blancos,1,0,0,0,Estadio Cuauhtémoc,W,0,
3159,Clausura 2018,2018,clausura,15,2018-04-09,T002,América,T018,Dorados Sinaloa,1,1,1,1,Estadio Azteca,D,0,ALERTA: 'Dorados Sinaloa' → 'Mazatlán FC' (2020) — club_id T018
3160,Clausura 2018,2018,clausura,16,2018-04-16,T002,Club América,T011,Monarcas Morelia,2,1,1,1,Estadio Azteca,W,0,ALERTA: 'Monarcas Morelia' renombrado 'Mazatlán FC' desde 2020 — mismo club_id T011
3161,Clausura 2018,2018,clausura,16,2018-04-16,T014,A. San Luis,T008,Club Atlas,4,4,4,4,Estadio Alfonso Lastras,D,0,
3162,Clausura 2018,2018,clausura,16,2018-04-16,T012,Tijuana,T010,Toluca,1,1,0,0,Estadio Caliente,D,0,
3163,Clausura 2018,2018,clausura,16,2018-04-16,T009,Santos,T017,Puebla FC,1,4,1,2,Estadio Corona,L,0,
3164,Clausura 2018,2018,clausura,16,2018-04-16,T016,Querétaro,T005,Tigres,0,4,0,4,Estadio Corregidora,L,0,
3165,Clausura 2018,2018,clausura,16,2018-04-16,T007,Pumas,T018,Dorados Sinaloa,0,0,0,0,Estadio Olímpico Universitario,D,0,ALERTA: 'Dorados Sinaloa' → 'Mazatlán FC' (2020) — club_id T018
3166,Clausura 2018,2018,clausura,16,2018-04-16,T004,Deportivo Guadalajara,T003,Rayados,0,3,0,3,Estadio Akron,L,0,
3167,Clausura 2018,2018,clausura,16,2018-04-16,T015,Club Necaxa,T001,Cruz Azul,1,0,0,0,Estadio Victoria,W,1,
3168,Clausura 2018,2018,clausura,17,2018-04-23,T010,Deportivo Toluca,T003,Monterrey,2,2,1,0,Estadio Nemesio Díez,D,0,
3169,Clausura 2018,2018,clausura,17,2018-04-23,T011,Monarcas Morelia,T002,América,2,3,0,3,Estadio Morelos,L,0,ALERTA: 'Monarcas Morelia' renombrado 'Mazatlán FC' desde 2020 — mismo club_id T011
3170,Clausura 2018,2018,clausura,17,2018-04-23,T008,Atlas Guadalajara,T018,Dorados Sinaloa,1,2,0,0,Estadio Jalisco,L,0,ALERTA: 'Dorados Sinaloa' → 'Mazatlán FC' (2020) — club_id T018
3171,Clausura 2018,2018,clausura,17,2018-04-23,T001,Cruz Azul,T004,Guadalajara,1,1,0,0,Estadio Ciudad de los Deportes,D,1,
3172,Clausura 2018,2018,clausura,17,2018-04-23,T005,Tigres UANL,T012,Tijuana,0,2,0,1,Estadio Universitario,L,0,
3173,Clausura 2018,2018,clausura,17,2018-04-23,T006,León,T016,Gallos Blancos,1,1,1,1,Estadio León,D,0,
3174,Clausura 2018,2018,clausura,17,2018-04-23,T015,Club Necaxa,T009,Santos,2,4,2,2,Estadio Victoria,L,0,
3175,Clausura 2018,2018,clausura,17,2018-04-23,T007,Pumas,T014,Atlético San Luis,4,0,2,0,Estadio Olímpico Universitario,W,0,
3176,Apertura 2018,2018,apertura,1,2018-07-01,T002,Club América,T018,Dorados Sinaloa,2,0,2,0,Estadio Azteca,W,0,ALERTA: 'Dorados Sinaloa' → 'Mazatlán FC' (2020) — club_id T018
3177,Apertura 2018,2018,apertura,1,2018-07-01,T013,FC Juárez,T008,Atlas,0,4,0,2,Estadio Olímpico Benito Juárez,L,0,
3178,Apertura 2018,2018,apertura,1,2018-07-01,T017,La Franja,T005,UANL Tigres,3,1,0,0,Estadio Cuauhtémoc,W,0,
3179,Apertura 2018,2018,apertura,1,2018-07-01,T010,Toluca,T011,Monarcas Morelia,2,1,1,0,Estadio Nemesio Díez,W,0,ALERTA: 'Monarcas Morelia' renombrado 'Mazatlán FC' desde 2020 — mismo club_id T011
3180,Apertura 2018,2018,apertura,1,2018-07-01,T003,CF Monterrey,T015,Club Necaxa,2,3,1,2,Estadio BBVA,L,0,
3181,Apertura 2018,2018,apertura,1,2018-07-01,T001,Cruz Azul FC,T007,UNAM Pumas,0,1,0,0,Estadio Ciudad de los Deportes,L,1,
3182,Apertura 2018,2018,apertura,1,2018-07-01,T009,Santos,T014,Atlético San Luis,1,0,0,0,Estadio Corona,W,0,
3183,Apertura 2018,2018,apertura,1,2018-07-01,T016,Querétaro FC,T012,Xoloitzcuintles,2,2,0,1,Estadio Corregidora,D,0,
3184,Apertura 2018,2018,apertura,2,2018-07-08,T018,Dorados Sinaloa,T008,Club Atlas,2,0,2,0,Estadio de Mazatlán,W,0,ALERTA: 'Dorados Sinaloa' → 'Mazatlán FC' (2020) — club_id T018
3185,Apertura 2018,2018,apertura,2,2018-07-08,T009,Santos,T002,Club América,2,0,0,0,Estadio Corona,W,0,
3186,Apertura 2018,2018,apertura,2,2018-07-08,T013,Juárez,T010,Deportivo Toluca,0,1,0,0,Estadio Olímpico Benito Juárez,L,0,
3187,Apertura 2018,2018,apertura,2,2018-07-08,T014,A. San Luis,T007,Pumas,0,0,0,0,Estadio Alfonso Lastras,D,0,
3188,Apertura 2018,2018,apertura,2,2018-07-08,T004,Guadalajara,T006,Club León,2,1,0,1,Estadio Akron,W,0,
3189,Apertura 2018,2018,apertura,2,2018-07-08,T017,Puebla FC,T016,Gallos Blancos,0,1,0,0,Estadio Cuauhtémoc,L,0,
3190,Apertura 2018,2018,apertura,2,2018-07-08,T011,Monarcas Morelia,T012,Club Tijuana,0,2,0,0,Estadio Morelos,L,0,ALERTA: 'Monarcas Morelia' renombrado 'Mazatlán FC' desde 2020 — mismo club_id T011
3191,Apertura 2018,2018,apertura,2,2018-07-08,T005,Tigres UANL,T015,Impulsora Necaxa,1,1,1,0,Estadio Universitario,D,0,
3192,Apertura 2018,2018,apertura,3,2018-07-15,T005,UANL Tigres,T010,Toluca FC,1,0,0,0,Estadio Universitario,W,0,
3193,Apertura 2018,2018,apertura,3,2018-07-15,T011,Monarcas Morelia,T007,Pumas,1,1,1,1,Estadio Morelos,D,0,ALERTA: 'Monarcas Morelia' renombrado 'Mazatlán FC' desde 2020 — mismo club_id T011
3194,Apertura 2018,2018,apertura,3,2018-07-15,T002,CF América,T013,FC Juárez,3,3,0,1,Estadio Azteca,D,0,
3195,Apertura 2018,2018,apertura,3,2018-07-15,T001,C. Azul,T012,Club Tijuana,4,1,4,1,Estadio Ciudad de los Deportes,W,1,
3196,Apertura 2018,2018,apertura,3,2018-07-15,T004,Deportivo Guadalajara,T014,Atlético San Luis,2,4,2,2,Estadio Akron,L,0,
3197,Apertura 2018,2018,apertura,3,2018-07-15,T003,Rayados,T018,Dorados Sinaloa,1,1,0,1,Estadio BBVA,D,0,ALERTA: 'Dorados Sinaloa' → 'Mazatlán FC' (2020) — club_id T018
3198,Apertura 2018,2018,apertura,3,2018-07-15,T009,Santos Laguna FC,T006,León,3,0,0,0,Estadio Corona,W,0,
3199,Apertura 2018,2018,apertura,3,2018-07-15,T017,Puebla FC,T016,Gallos Blancos,4,2,0,0,Estadio Cuauhtémoc,W,0,
3200,Apertura 2018,2018,apertura,4,2018-07-22,T006,León,T001,C. Azul,2,1,0,0,Estadio León,W,1,
3201,Apertura 2018,2018,apertura,4,2018-07-22,T005,Tigres UANL,T009,Santos Laguna FC,0,0,0,0,Estadio Universitario,D,0,
3202,Apertura 2018,2018,apertura,4,2018-07-22,T017,Club Puebla,T003,Monterrey,2,2,2,2,Estadio Cuauhtémoc,D,0,
3203,Apertura 2018,2018,apertura,4,2018-07-22,T010,Deportivo Toluca,T004,Chivas,2,2,2,1,Estadio Nemesio Díez,D,0,
3204,Apertura 2018,2018,apertura,4,2018-07-22,T002,CF América,T008,Atlas Guadalajara,1,1,0,1,Estadio Azteca,D,0,
3205,Apertura 2018,2018,apertura,4,2018-07-22,T018,Dorados Sinaloa,T016,Gallos Blancos,2,1,2,1,Estadio de Mazatlán,W,0,ALERTA: 'Dorados Sinaloa' → 'Mazatlán FC' (2020) — club_id T018
3206,Apertura 2018,2018,apertura,4,2018-07-22,T012,Club Tijuana,T015,Impulsora Necaxa,0,1,0,0,Estadio Caliente,L,0,
3207,Apertura 2018,2018,apertura,4,2018-07-22,T014,San Luis,T007,Pumas UNAM,4,2,0,1,Estadio Alfonso Lastras,W,0,
3208,Apertura 2018,2018,apertura,5,2018-07-29,T018,Dorados Sinaloa,T014,San Luis,4,2,4,0,Estadio de Mazatlán,W,0,ALERTA: 'Dorados Sinaloa' → 'Mazatlán FC' (2020) — club_id T018
3209,Apertura 2018,2018,apertura,5,2018-07-29,T003,Rayados,T007,UNAM Pumas,0,0,0,0,Estadio BBVA,D,0,
3210,Apertura 2018,2018,apertura,5,2018-07-29,T017,Puebla FC,T011,Monarcas Morelia,2,0,1,0,Estadio Cuauhtémoc,W,0,ALERTA: 'Monarcas Morelia' renombrado 'Mazatlán FC' desde 2020 — mismo club_id T011
3211,Apertura 2018,2018,apertura,5,2018-07-29,T013,Bravos de Juárez,T002,Club América,1,0,0,0,Estadio Olímpico Benito Juárez,W,0,
3212,Apertura 2018,2018,apertura,5,2018-07-29,T012,Xoloitzcuintles,T006,León FC,2,4,0,3,Estadio Caliente,L,0,
3213,Apertura 2018,2018,apertura,5,2018-07-29,T015,Necaxa,T001,Cruz Azul FC,2,4,1,4,Estadio Victoria,L,1,
3214,Apertura 2018,2018,apertura,5,2018-07-29,T004,Chivas,T016,Querétaro,2,1,2,0,Estadio Akron,W,0,
3215,Apertura 2018,2018,apertura,5,2018-07-29,T008,Club Atlas,T009,Santos Laguna,2,2,0,0,Estadio Jalisco,D,0,
3216,Apertura 2018,2018,apertura,6,2018-08-05,T014,A. San Luis,T006,León FC,0,3,0,0,Estadio Alfonso Lastras,L,0,
3217,Apertura 2018,2018,apertura,6,2018-08-05,T018,Dorados Sinaloa,T016,Querétaro FC,0,2,0,1,Estadio de Mazatlán,L,0,ALERTA: 'Dorados Sinaloa' → 'Mazatlán FC' (2020) — club_id T018
3218,Apertura 2018,2018,apertura,6,2018-08-05,T004,Chivas,T011,Monarcas Morelia,4,2,1,2,Estadio Akron,W,0,ALERTA: 'Monarcas Morelia' renombrado 'Mazatlán FC' desde 2020 — mismo club_id T011
3219,Apertura 2018,2018,apertura,6,2018-08-05,T001,Cruz Azul FC,T015,Club Necaxa,2,1,2,0,Estadio Ciudad de los Deportes,W,1,
3220,Apertura 2018,2018,apertura,6,2018-08-05,T002,América,T003,Rayados,3,1,1,0,Estadio Azteca,W,0,
3221,Apertura 2018,2018,apertura,6,2018-08-05,T012,Club Tijuana,T009,Santos Laguna,2,2,0,1,Estadio Caliente,D,0,
3222,Apertura 2018,2018,apertura,6,2018-08-05,T013,Juárez,T010,Toluca FC,2,1,0,1,Estadio Olímpico Benito Juárez,W,0,
3223,Apertura 2018,2018,apertura,6,2018-08-05,T017,Club Puebla,T005,Tigres,2,0,2,0,Estadio Cuauhtémoc,W,0,
3224,Apertura 2018,2018,apertura,7,2018-08-12,T018,Dorados Sinaloa,T015,Club Necaxa,0,1,0,0,Estadio de Mazatlán,L,0,ALERTA: 'Dorados Sinaloa' → 'Mazatlán FC' (2020) — club_id T018
3225,Apertura 2018,2018,apertura,7,2018-08-12,T005,Tigres,T009,Santos,3,2,2,2,Estadio Universitario,W,0,
3226,Apertura 2018,2018,apertura,7,2018-08-12,T008,Club Atlas,T006,León,2,3,2,1,Estadio Jalisco,L,0,
3227,Apertura 2018,2018,apertura,7,2018-08-12,T003,CF Monterrey,T012,Club Tijuana,0,4,0,1,Estadio BBVA,L,0,
3228,Apertura 2018,2018,apertura,7,2018-08-12,T016,Querétaro FC,T004,Deportivo Guadalajara,0,0,0,0,Estadio Corregidora,D,0,
3229,Apertura 2018,2018,apertura,7,2018-08-12,T014,Atlético San Luis,T010,Toluca,2,2,1,0,Estadio Alfonso Lastras,D,0,
3230,Apertura 2018,2018,apertura,7,2018-08-12,T007,Pumas UNAM,T001,C. Azul,0,0,0,0,Estadio Olímpico Universitario,D,1,
3231,Apertura 2018,2018,apertura,7,2018-08-12,T013,Juárez,T011,Monarcas Morelia,3,1,1,1,Estadio Olímpico Benito Juárez,W,0,ALERTA: 'Monarcas Morelia' renombrado 'Mazatlán FC' desde 2020 — mismo club_id T011
3232,Apertura 2018,2018,apertura,8,2018-08-19,T010,Deportivo Toluca,T017,Club Puebla,0,1,0,1,Estadio Nemesio Díez,L,0,
3233,Apertura 2018,2018,apertura,8,2018-08-19,T006,Club León,T012,Xoloitzcuintles,1,0,1,0,Estadio León,W,0,
3234,Apertura 2018,2018,apertura,8,2018-08-19,T008,Club Atlas,T011,Monarcas Morelia,2,1,2,1,Estadio Jalisco,W,0,ALERTA: 'Monarcas Morelia' renombrado 'Mazatlán FC' desde 2020 — mismo club_id T011
3235,Apertura 2018,2018,apertura,8,2018-08-19,T002,CF América,T005,UANL Tigres,2,0,2,0,Estadio Azteca,W,0,
3236,Apertura 2018,2018,apertura,8,2018-08-19,T016,Querétaro FC,T001,Cruz Azul,0,2,0,0,Estadio Corregidora,L,1,
3237,Apertura 2018,2018,apertura,8,2018-08-19,T007,UNAM Pumas,T004,Deportivo Guadalajara,3,1,1,0,Estadio Olímpico Universitario,W,0,
3238,Apertura 2018,2018,apertura,8,2018-08-19,T003,CF Monterrey,T014,A. San Luis,4,3,4,0,Estadio BBVA,W,0,
3239,Apertura 2018,2018,apertura,8,2018-08-19,T009,Santos Laguna,T018,Dorados Sinaloa,4,1,3,0,Estadio Corona,W,0,ALERTA: 'Dorados Sinaloa' → 'Mazatlán FC' (2020) — club_id T018
3240,Apertura 2018,2018,apertura,9,2018-08-26,T017,La Franja,T015,Impulsora Necaxa,2,3,0,1,Estadio Cuauhtémoc,L,0,
3241,Apertura 2018,2018,apertura,9,2018-08-26,T003,Rayados,T012,Club Tijuana,1,4,1,0,Estadio BBVA,L,0,
3242,Apertura 2018,2018,apertura,9,2018-08-26,T004,Deportivo Guadalajara,T007,Pumas,2,2,2,1,Estadio Akron,D,0,
3243,Apertura 2018,2018,apertura,9,2018-08-26,T002,América,T009,Santos Laguna FC,3,1,2,0,Estadio Azteca,W,0,
3244,Apertura 2018,2018,apertura,9,2018-08-26,T014,San Luis,T016,Querétaro FC,1,0,0,0,Estadio Alfonso Lastras,W,0,
3245,Apertura 2018,2018,apertura,9,2018-08-26,T006,León,T010,Deportivo Toluca,4,2,3,2,Estadio León,W,0,
3246,Apertura 2018,2018,apertura,9,2018-08-26,T005,UANL Tigres,T013,Bravos de Juárez,0,0,0,0,Estadio Universitario,D,0,
3247,Apertura 2018,2018,apertura,9,2018-08-26,T008,Club Atlas,T018,Dorados Sinaloa,3,1,2,0,Estadio Jalisco,W,0,ALERTA: 'Dorados Sinaloa' → 'Mazatlán FC' (2020) — club_id T018
3248,Apertura 2018,2018,apertura,10,2018-09-02,T010,Toluca,T008,Atlas,1,2,1,1,Estadio Nemesio Díez,L,0,
3249,Apertura 2018,2018,apertura,10,2018-09-02,T017,La Franja,T001,C. Azul,3,0,1,0,Estadio Cuauhtémoc,W,1,
3250,Apertura 2018,2018,apertura,10,2018-09-02,T016,Querétaro,T003,Monterrey,0,3,0,1,Estadio Corregidora,L,0,
3251,Apertura 2018,2018,apertura,10,2018-09-02,T018,Dorados Sinaloa,T007,Pumas UNAM,0,1,0,0,Estadio de Mazatlán,L,0,ALERTA: 'Dorados Sinaloa' → 'Mazatlán FC' (2020) — club_id T018
3252,Apertura 2018,2018,apertura,10,2018-09-02,T002,CF América,T006,León FC,2,1,0,0,Estadio Azteca,W,0,
3253,Apertura 2018,2018,apertura,10,2018-09-02,T014,San Luis,T004,Guadalajara,1,0,1,0,Estadio Alfonso Lastras,W,0,
3254,Apertura 2018,2018,apertura,10,2018-09-02,T009,Santos Laguna FC,T013,FC Juárez,3,4,1,4,Estadio Corona,L,0,
3255,Apertura 2018,2018,apertura,10,2018-09-02,T015,Club Necaxa,T012,Tijuana,0,1,0,0,Estadio Victoria,L,0,
3256,Apertura 2018,2018,apertura,11,2018-09-09,T009,Santos Laguna FC,T005,Tigres,1,3,1,3,Estadio Corona,L,0,
3257,Apertura 2018,2018,apertura,11,2018-09-09,T003,CF Monterrey,T006,León,3,4,0,4,Estadio BBVA,L,0,
3258,Apertura 2018,2018,apertura,11,2018-09-09,T017,Club Puebla,T015,Club Necaxa,1,1,1,0,Estadio Cuauhtémoc,D,0,
3259,Apertura 2018,2018,apertura,11,2018-09-09,T016,Querétaro FC,T001,Cruz Azul,0,3,0,3,Estadio Corregidora,L,1,
3260,Apertura 2018,2018,apertura,11,2018-09-09,T010,Toluca FC,T012,Club Tijuana,4,1,1,0,Estadio Nemesio Díez,W,0,
3261,Apertura 2018,2018,apertura,11,2018-09-09,T018,Dorados Sinaloa,T007,Pumas,0,0,0,0,Estadio de Mazatlán,D,0,ALERTA: 'Dorados Sinaloa' → 'Mazatlán FC' (2020) — club_id T018
3262,Apertura 2018,2018,apertura,11,2018-09-09,T002,América,T013,FC Juárez,2,3,2,2,Estadio Azteca,L,0,
3263,Apertura 2018,2018,apertura,11,2018-09-09,T004,Guadalajara,T014,San Luis,0,2,0,1,Estadio Akron,L,0,
3264,Apertura 2018,2018,apertura,12,2018-09-16,T002,CF América,T012,Tijuana,1,1,0,1,Estadio Azteca,D,0,
3265,Apertura 2018,2018,apertura,12,2018-09-16,T003,CF Monterrey,T014,Atlético San Luis,1,2,0,2,Estadio BBVA,L,0,
3266,Apertura 2018,2018,apertura,12,2018-09-16,T011,Monarcas Morelia,T015,Necaxa,0,2,0,0,Estadio Morelos,L,0,ALERTA: 'Monarcas Morelia' renombrado 'Mazatlán FC' desde 2020 — mismo club_id T011
3267,Apertura 2018,2018,apertura,12,2018-09-16,T008,Club Atlas,T009,Santos Laguna FC,0,2,0,1,Estadio Jalisco,L,0,
3268,Apertura 2018,2018,apertura,12,2018-09-16,T001,C. Azul,T016,Querétaro,1,2,1,1,Estadio Ciudad de los Deportes,L,1,
3269,Apertura 2018,2018,apertura,12,2018-09-16,T004,Guadalajara,T007,UNAM Pumas,2,0,2,0,Estadio Akron,W,0,
3270,Apertura 2018,2018,apertura,12,2018-09-16,T017,La Franja,T006,León FC,1,1,0,0,Estadio Cuauhtémoc,D,0,
3271,Apertura 2018,2018,apertura,12,2018-09-16,T013,Bravos de Juárez,T005,Tigres UANL,2,2,0,1,Estadio Olímpico Benito Juárez,D,0,
3272,Apertura 2018,2018,apertura,13,2018-09-23,T001,Cruz Azul,T006,León,0,2,0,1,Estadio Ciudad de los Deportes,L,1,
3273,Apertura 2018,2018,apertura,13,2018-09-23,T010,Deportivo Toluca,T009,Santos Laguna FC,4,2,2,0,Estadio Nemesio Díez,W,0,
3274,Apertura 2018,2018,apertura,13,2018-09-23,T017,Puebla FC,T013,Bravos de Juárez,2,3,0,0,Estadio Cuauhtémoc,L,0,
3275,Apertura 2018,2018,apertura,13,2018-09-23,T007,Pumas UNAM,T004,Chivas,0,3,0,3,Estadio Olímpico Universitario,L,0,
3276,Apertura 2018,2018,apertura,13,2018-09-23,T018,Dorados Sinaloa,T014,A. San Luis,0,2,0,2,Estadio de Mazatlán,L,0,ALERTA: 'Dorados Sinaloa' → 'Mazatlán FC' (2020) — club_id T018
3277,Apertura 2018,2018,apertura,13,2018-09-23,T016,Gallos Blancos,T015,Necaxa,1,1,1,0,Estadio Corregidora,D,0,
3278,Apertura 2018,2018,apertura,13,2018-09-23,T005,UANL Tigres,T003,CF Monterrey,0,3,0,3,Estadio Universitario,L,0,
3279,Apertura 2018,2018,apertura,13,2018-09-23,T008,Club Atlas,T012,Xoloitzcuintles,3,1,2,1,Estadio Jalisco,W,0,
3280,Apertura 2018,2018,apertura,14,2018-09-30,T003,Rayados,T018,Dorados Sinaloa,0,2,0,2,Estadio BBVA,L,0,ALERTA: 'Dorados Sinaloa' → 'Mazatlán FC' (2020) — club_id T018
3281,Apertura 2018,2018,apertura,14,2018-09-30,T005,Tigres,T010,Deportivo Toluca,2,2,0,1,Estadio Universitario,D,0,
3282,Apertura 2018,2018,apertura,14,2018-09-30,T009,Santos Laguna,T013,Bravos de Juárez,1,2,0,1,Estadio Corona,L,0,
3283,Apertura 2018,2018,apertura,14,2018-09-30,T001,Cruz Azul FC,T016,Querétaro FC,2,1,1,1,Estadio Ciudad de los Deportes,W,1,
3284,Apertura 2018,2018,apertura,14,2018-09-30,T012,Xoloitzcuintles,T006,León,1,2,0,0,Estadio Caliente,L,0,
3285,Apertura 2018,2018,apertura,14,2018-09-30,T002,América,T008,Atlas,3,1,2,0,Estadio Azteca,W,0,
3286,Apertura 2018,2018,apertura,14,2018-09-30,T017,Club Puebla,T015,Club Necaxa,0,1,0,0,Estadio Cuauhtémoc,L,0,
3287,Apertura 2018,2018,apertura,14,2018-09-30,T007,Pumas UNAM,T011,Monarcas Morelia,1,0,1,0,Estadio Olímpico Universitario,W,0,ALERTA: 'Monarcas Morelia' renombrado 'Mazatlán FC' desde 2020 — mismo club_id T011
3288,Apertura 2018,2018,apertura,15,2018-10-07,T015,Impulsora Necaxa,T007,Pumas,1,3,1,2,Estadio Victoria,L,0,
3289,Apertura 2018,2018,apertura,15,2018-10-07,T011,Monarcas Morelia,T006,León FC,3,3,0,0,Estadio Morelos,D,0,ALERTA: 'Monarcas Morelia' renombrado 'Mazatlán FC' desde 2020 — mismo club_id T011
3290,Apertura 2018,2018,apertura,15,2018-10-07,T003,CF Monterrey,T008,Atlas,0,1,0,0,Estadio BBVA,L,0,
3291,Apertura 2018,2018,apertura,15,2018-10-07,T018,Dorados Sinaloa,T016,Querétaro,1,1,0,1,Estadio de Mazatlán,D,0,ALERTA: 'Dorados Sinaloa' → 'Mazatlán FC' (2020) — club_id T018
3292,Apertura 2018,2018,apertura,15,2018-10-07,T014,A. San Luis,T009,Santos Laguna FC,0,2,0,2,Estadio Alfonso Lastras,L,0,
3293,Apertura 2018,2018,apertura,15,2018-10-07,T010,Toluca,T013,Juárez,0,1,0,0,Estadio Nemesio Díez,L,0,
3294,Apertura 2018,2018,apertura,15,2018-10-07,T017,Club Puebla,T012,Tijuana,4,1,1,1,Estadio Cuauhtémoc,W,0,
3295,Apertura 2018,2018,apertura,15,2018-10-07,T002,América,T001,Cruz Azul FC,3,0,1,0,Estadio Azteca,W,1,
3296,Apertura 2018,2018,apertura,16,2018-10-14,T015,Impulsora Necaxa,T001,C. Azul,2,2,1,1,Estadio Victoria,D,1,
3297,Apertura 2018,2018,apertura,16,2018-10-14,T009,Santos Laguna FC,T018,Dorados Sinaloa,2,1,2,0,Estadio Corona,W,0,ALERTA: 'Dorados Sinaloa' → 'Mazatlán FC' (2020) — club_id T018
3298,Apertura 2018,2018,apertura,16,2018-10-14,T004,Chivas,T005,UANL Tigres,2,0,0,0,Estadio Akron,W,0,
3299,Apertura 2018,2018,apertura,16,2018-10-14,T013,Bravos de Juárez,T006,Club León,3,2,3,0,Estadio Olímpico Benito Juárez,W,0,
3300,Apertura 2018,2018,apertura,16,2018-10-14,T010,Deportivo Toluca,T012,Club Tijuana,3,3,3,2,Estadio Nemesio Díez,D,0,
3301,Apertura 2018,2018,apertura,16,2018-10-14,T002,América,T017,La Franja,1,0,1,0,Estadio Azteca,W,0,
3302,Apertura 2018,2018,apertura,16,2018-10-14,T011,Monarcas Morelia,T008,Atlas,4,3,4,3,Estadio Morelos,W,0,ALERTA: 'Monarcas Morelia' renombrado 'Mazatlán FC' desde 2020 — mismo club_id T011
3303,Apertura 2018,2018,apertura,16,2018-10-14,T016,Querétaro FC,T007,Pumas UNAM,2,2,1,0,Estadio Corregidora,D,0,
3304,Apertura 2018,2018,apertura,17,2018-10-21,T006,Club León,T018,Dorados Sinaloa,2,2,0,1,Estadio León,D,0,ALERTA: 'Dorados Sinaloa' → 'Mazatlán FC' (2020) — club_id T018
3305,Apertura 2018,2018,apertura,17,2018-10-21,T017,La Franja,T010,Toluca,1,0,1,0,Estadio Cuauhtémoc,W,0,
3306,Apertura 2018,2018,apertura,17,2018-10-21,T009,Santos Laguna,T011,Monarcas Morelia,0,1,0,0,Estadio Corona,L,0,ALERTA: 'Monarcas Morelia' renombrado 'Mazatlán FC' desde 2020 — mismo club_id T011
3307,Apertura 2018,2018,apertura,17,2018-10-21,T014,Atlético San Luis,T016,Querétaro,1,0,0,0,Estadio Alfonso Lastras,W,0,
3308,Apertura 2018,2018,apertura,17,2018-10-21,T003,Rayados,T013,Bravos de Juárez,2,0,1,0,Estadio BBVA,W,0,
3309,Apertura 2018,2018,apertura,17,2018-10-21,T002,CF América,T012,Tijuana,1,1,0,0,Estadio Azteca,D,0,
3310,Apertura 2018,2018,apertura,17,2018-10-21,T005,Tigres UANL,T008,Club Atlas,4,0,4,0,Estadio Universitario,W,0,
3311,Apertura 2018,2018,apertura,17,2018-10-21,T001,C. Azul,T015,Impulsora Necaxa,1,1,1,1,Estadio Ciudad de los Deportes,D,1,
3312,Clausura 2019,2019,clausura,1,2019-01-01,T003,CF Monterrey,T008,Club Atlas,2,1,0,0,Estadio BBVA,W,0,
3313,Clausura 2019,2019,clausura,1,2019-01-01,T011,Monarcas Morelia,T014,San Luis,3,1,1,1,Estadio Morelos,W,0,ALERTA: 'Monarcas Morelia' renombrado 'Mazatlán FC' desde 2020 — mismo club_id T011
3314,Clausura 2019,2019,clausura,1,2019-01-01,T006,Club León,T018,Dorados Sinaloa,2,0,0,0,Estadio León,W,0,ALERTA: 'Dorados Sinaloa' → 'Mazatlán FC' (2020) — club_id T018
3315,Clausura 2019,2019,clausura,1,2019-01-01,T004,Chivas,T005,UANL Tigres,2,1,2,1,Estadio Akron,W,0,
3316,Clausura 2019,2019,clausura,1,2019-01-01,T009,Santos,T012,Club Tijuana,0,0,0,0,Estadio Corona,D,0,
3317,Clausura 2019,2019,clausura,1,2019-01-01,T017,Puebla FC,T013,Bravos de Juárez,1,3,1,1,Estadio Cuauhtémoc,L,0,
3318,Clausura 2019,2019,clausura,1,2019-01-01,T015,Necaxa,T001,Cruz Azul,2,3,1,2,Estadio Victoria,L,1,
3319,Clausura 2019,2019,clausura,1,2019-01-01,T010,Toluca FC,T016,Querétaro FC,3,3,1,0,Estadio Nemesio Díez,D,0,
3320,Clausura 2019,2019,clausura,2,2019-01-08,T012,Club Tijuana,T005,UANL Tigres,2,0,2,0,Estadio Caliente,W,0,
3321,Clausura 2019,2019,clausura,2,2019-01-08,T003,Monterrey,T018,Dorados Sinaloa,2,0,2,0,Estadio BBVA,W,0,ALERTA: 'Dorados Sinaloa' → 'Mazatlán FC' (2020) — club_id T018
3322,Clausura 2019,2019,clausura,2,2019-01-08,T002,América,T007,Pumas,4,0,1,0,Estadio Azteca,W,0,
3323,Clausura 2019,2019,clausura,2,2019-01-08,T017,Club Puebla,T008,Atlas,3,1,2,1,Estadio Cuauhtémoc,W,0,
3324,Clausura 2019,2019,clausura,2,2019-01-08,T013,Juárez,T016,Gallos Blancos,2,1,1,1,Estadio Olímpico Benito Juárez,W,0,
3325,Clausura 2019,2019,clausura,2,2019-01-08,T001,C. Azul,T010,Deportivo Toluca,1,0,0,0,Estadio Ciudad de los Deportes,W,1,
3326,Clausura 2019,2019,clausura,2,2019-01-08,T004,Chivas,T009,Santos,0,2,0,1,Estadio Akron,L,0,
3327,Clausura 2019,2019,clausura,2,2019-01-08,T014,San Luis,T006,León,1,2,1,1,Estadio Alfonso Lastras,L,0,
3328,Clausura 2019,2019,clausura,3,2019-01-15,T001,Cruz Azul,T009,Santos,2,0,2,0,Estadio Ciudad de los Deportes,W,1,
3329,Clausura 2019,2019,clausura,3,2019-01-15,T016,Gallos Blancos,T017,Puebla FC,1,0,1,0,Estadio Corregidora,W,0,
3330,Clausura 2019,2019,clausura,3,2019-01-15,T008,Atlas,T004,Guadalajara,0,1,0,0,Estadio Jalisco,L,0,
3331,Clausura 2019,2019,clausura,3,2019-01-15,T018,Dorados Sinaloa,T013,Bravos de Juárez,0,1,0,1,Estadio de Mazatlán,L,0,ALERTA: 'Dorados Sinaloa' → 'Mazatlán FC' (2020) — club_id T018
3332,Clausura 2019,2019,clausura,3,2019-01-15,T003,Rayados,T010,Toluca,1,4,0,4,Estadio BBVA,L,0,
3333,Clausura 2019,2019,clausura,3,2019-01-15,T002,CF América,T006,León,2,4,0,1,Estadio Azteca,L,0,
3334,Clausura 2019,2019,clausura,3,2019-01-15,T005,Tigres UANL,T014,A. San Luis,2,3,0,3,Estadio Universitario,L,0,
3335,Clausura 2019,2019,clausura,3,2019-01-15,T007,UNAM Pumas,T012,Tijuana,4,4,3,4,Estadio Olímpico Universitario,D,0,
3336,Clausura 2019,2019,clausura,4,2019-01-22,T007,Pumas UNAM,T009,Santos Laguna FC,1,1,1,1,Estadio Olímpico Universitario,D,0,
3337,Clausura 2019,2019,clausura,4,2019-01-22,T016,Querétaro FC,T002,CF América,2,3,0,2,Estadio Corregidora,L,0,
3338,Clausura 2019,2019,clausura,4,2019-01-22,T004,Guadalajara,T014,A. San Luis,0,1,0,0,Estadio Akron,L,0,
3339,Clausura 2019,2019,clausura,4,2019-01-22,T005,UANL Tigres,T008,Club Atlas,0,2,0,2,Estadio Universitario,L,0,
3340,Clausura 2019,2019,clausura,4,2019-01-22,T017,Club Puebla,T018,Dorados Sinaloa,2,2,2,2,Estadio Cuauhtémoc,D,0,ALERTA: 'Dorados Sinaloa' → 'Mazatlán FC' (2020) — club_id T018
3341,Clausura 2019,2019,clausura,4,2019-01-22,T011,Monarcas Morelia,T006,León FC,1,0,1,0,Estadio Morelos,W,0,ALERTA: 'Monarcas Morelia' renombrado 'Mazatlán FC' desde 2020 — mismo club_id T011
3342,Clausura 2019,2019,clausura,4,2019-01-22,T001,Cruz Azul,T003,Monterrey,3,2,0,1,Estadio Ciudad de los Deportes,W,1,
3343,Clausura 2019,2019,clausura,4,2019-01-22,T012,Club Tijuana,T010,Toluca FC,1,0,1,0,Estadio Caliente,W,0,
3344,Clausura 2019,2019,clausura,5,2019-01-29,T001,Cruz Azul,T008,Atlas,2,4,0,2,Estadio Ciudad de los Deportes,L,1,
3345,Clausura 2019,2019,clausura,5,2019-01-29,T004,Chivas,T009,Santos Laguna FC,2,0,0,0,Estadio Akron,W,0,
3346,Clausura 2019,2019,clausura,5,2019-01-29,T010,Toluca FC,T017,Puebla FC,0,0,0,0,Estadio Nemesio Díez,D,0,
3347,Clausura 2019,2019,clausura,5,2019-01-29,T018,Dorados Sinaloa,T016,Querétaro,0,1,0,0,Estadio de Mazatlán,L,0,ALERTA: 'Dorados Sinaloa' → 'Mazatlán FC' (2020) — club_id T018
3348,Clausura 2019,2019,clausura,5,2019-01-29,T014,San Luis,T013,Bravos de Juárez,3,1,3,1,Estadio Alfonso Lastras,W,0,
3349,Clausura 2019,2019,clausura,5,2019-01-29,T015,Club Necaxa,T002,América,1,1,1,0,Estadio Victoria,D,0,
3350,Clausura 2019,2019,clausura,5,2019-01-29,T005,UANL Tigres,T007,UNAM Pumas,0,3,0,1,Estadio Universitario,L,0,
3351,Clausura 2019,2019,clausura,5,2019-01-29,T003,Rayados,T006,León FC,2,0,2,0,Estadio BBVA,W,0,
3352,Clausura 2019,2019,clausura,6,2019-02-05,T003,CF Monterrey,T015,Necaxa,3,1,2,1,Estadio BBVA,W,0,
3353,Clausura 2019,2019,clausura,6,2019-02-05,T012,Tijuana,T002,CF América,0,2,0,0,Estadio Caliente,L,0,
3354,Clausura 2019,2019,clausura,6,2019-02-05,T004,Guadalajara,T016,Querétaro,1,1,1,1,Estadio Akron,D,0,
3355,Clausura 2019,2019,clausura,6,2019-02-05,T014,San Luis,T007,Pumas,4,2,4,0,Estadio Alfonso Lastras,W,0,
3356,Clausura 2019,2019,clausura,6,2019-02-05,T005,Tigres,T013,FC Juárez,4,0,2,0,Estadio Universitario,W,0,
3357,Clausura 2019,2019,clausura,6,2019-02-05,T001,Cruz Azul FC,T011,Monarcas Morelia,4,3,1,3,Estadio Ciudad de los Deportes,W,1,ALERTA: 'Monarcas Morelia' renombrado 'Mazatlán FC' desde 2020 — mismo club_id T011
3358,Clausura 2019,2019,clausura,6,2019-02-05,T018,Dorados Sinaloa,T010,Deportivo Toluca,1,4,1,1,Estadio de Mazatlán,L,0,ALERTA: 'Dorados Sinaloa' → 'Mazatlán FC' (2020) — club_id T018
3359,Clausura 2019,2019,clausura,6,2019-02-05,T006,Club León,T008,Club Atlas,1,1,0,0,Estadio León,D,0,
3360,Clausura 2019,2019,clausura,7,2019-02-12,T002,América,T012,Club Tijuana,0,4,0,2,Estadio Azteca,L,0,
3361,Clausura 2019,2019,clausura,7,2019-02-12,T018,Dorados Sinaloa,T006,Club León,4,2,4,1,Estadio de Mazatlán,W,0,ALERTA: 'Dorados Sinaloa' → 'Mazatlán FC' (2020) — club_id T018
3362,Clausura 2019,2019,clausura,7,2019-02-12,T015,Necaxa,T007,Pumas UNAM,1,1,0,1,Estadio Victoria,D,0,
3363,Clausura 2019,2019,clausura,7,2019-02-12,T013,Bravos de Juárez,T014,Atlético San Luis,2,2,0,0,Estadio Olímpico Benito Juárez,D,0,
3364,Clausura 2019,2019,clausura,7,2019-02-12,T004,Chivas,T016,Gallos Blancos,0,1,0,1,Estadio Akron,L,0,
3365,Clausura 2019,2019,clausura,7,2019-02-12,T008,Atlas Guadalajara,T003,CF Monterrey,0,0,0,0,Estadio Jalisco,D,0,
3366,Clausura 2019,2019,clausura,7,2019-02-12,T010,Deportivo Toluca,T001,Cruz Azul FC,4,1,3,0,Estadio Nemesio Díez,W,1,
3367,Clausura 2019,2019,clausura,7,2019-02-12,T011,Monarcas Morelia,T005,Tigres UANL,2,1,0,1,Estadio Morelos,W,0,ALERTA: 'Monarcas Morelia' renombrado 'Mazatlán FC' desde 2020 — mismo club_id T011
3368,Clausura 2019,2019,clausura,8,2019-02-19,T008,Atlas Guadalajara,T007,UNAM Pumas,2,4,1,1,Estadio Jalisco,L,0,
3369,Clausura 2019,2019,clausura,8,2019-02-19,T016,Querétaro,T006,León FC,1,1,0,0,Estadio Corregidora,D,0,
3370,Clausura 2019,2019,clausura,8,2019-02-19,T018,Dorados Sinaloa,T015,Impulsora Necaxa,3,1,2,1,Estadio de Mazatlán,W,0,ALERTA: 'Dorados Sinaloa' → 'Mazatlán FC' (2020) — club_id T018
3371,Clausura 2019,2019,clausura,8,2019-02-19,T012,Tijuana,T017,La Franja,0,1,0,0,Estadio Caliente,L,0,
3372,Clausura 2019,2019,clausura,8,2019-02-19,T003,Monterrey,T013,Juárez,3,0,2,0,Estadio BBVA,W,0,
3373,Clausura 2019,2019,clausura,8,2019-02-19,T001,Cruz Azul FC,T002,CF América,0,0,0,0,Estadio Ciudad de los Deportes,D,1,
3374,Clausura 2019,2019,clausura,8,2019-02-19,T004,Deportivo Guadalajara,T011,Monarcas Morelia,0,2,0,1,Estadio Akron,L,0,ALERTA: 'Monarcas Morelia' renombrado 'Mazatlán FC' desde 2020 — mismo club_id T011
3375,Clausura 2019,2019,clausura,8,2019-02-19,T005,Tigres UANL,T014,A. San Luis,2,1,0,1,Estadio Universitario,W,0,
3376,Clausura 2019,2019,clausura,9,2019-02-26,T014,A. San Luis,T017,Puebla FC,3,3,1,0,Estadio Alfonso Lastras,D,0,
3377,Clausura 2019,2019,clausura,9,2019-02-26,T004,Guadalajara,T003,Monterrey,0,0,0,0,Estadio Akron,D,0,
3378,Clausura 2019,2019,clausura,9,2019-02-26,T007,UNAM Pumas,T016,Gallos Blancos,3,3,2,3,Estadio Olímpico Universitario,D,0,
3379,Clausura 2019,2019,clausura,9,2019-02-26,T001,C. Azul,T002,CF América,1,0,0,0,Estadio Ciudad de los Deportes,W,1,
3380,Clausura 2019,2019,clausura,9,2019-02-26,T011,Monarcas Morelia,T013,FC Juárez,0,1,0,1,Estadio Morelos,L,0,ALERTA: 'Monarcas Morelia' renombrado 'Mazatlán FC' desde 2020 — mismo club_id T011
3381,Clausura 2019,2019,clausura,9,2019-02-26,T008,Atlas Guadalajara,T005,UANL Tigres,1,2,1,1,Estadio Jalisco,L,0,
3382,Clausura 2019,2019,clausura,9,2019-02-26,T018,Dorados Sinaloa,T012,Xoloitzcuintles,1,0,0,0,Estadio de Mazatlán,W,0,ALERTA: 'Dorados Sinaloa' → 'Mazatlán FC' (2020) — club_id T018
3383,Clausura 2019,2019,clausura,9,2019-02-26,T015,Impulsora Necaxa,T009,Santos,0,2,0,0,Estadio Victoria,L,0,
3384,Clausura 2019,2019,clausura,10,2019-03-05,T002,Club América,T009,Santos Laguna FC,2,2,0,2,Estadio Azteca,D,0,
3385,Clausura 2019,2019,clausura,10,2019-03-05,T012,Xoloitzcuintles,T003,Rayados,2,1,2,0,Estadio Caliente,W,0,
3386,Clausura 2019,2019,clausura,10,2019-03-05,T010,Toluca FC,T018,Dorados Sinaloa,0,2,0,0,Estadio Nemesio Díez,L,0,ALERTA: 'Dorados Sinaloa' → 'Mazatlán FC' (2020) — club_id T018
3387,Clausura 2019,2019,clausura,10,2019-03-05,T014,A. San Luis,T016,Querétaro FC,3,3,3,0,Estadio Alfonso Lastras,D,0,
3388,Clausura 2019,2019,clausura,10,2019-03-05,T015,Club Necaxa,T005,UANL Tigres,4,0,1,0,Estadio Victoria,W,0,
3389,Clausura 2019,2019,clausura,10,2019-03-05,T011,Monarcas Morelia,T013,Juárez,1,0,0,0,Estadio Morelos,W,0,ALERTA: 'Monarcas Morelia' renombrado 'Mazatlán FC' desde 2020 — mismo club_id T011
3390,Clausura 2019,2019,clausura,10,2019-03-05,T007,Pumas UNAM,T004,Guadalajara,2,2,1,1,Estadio Olímpico Universitario,D,0,
3391,Clausura 2019,2019,clausura,10,2019-03-05,T008,Atlas Guadalajara,T001,Cruz Azul FC,2,0,1,0,Estadio Jalisco,W,1,
3392,Clausura 2019,2019,clausura,11,2019-03-12,T011,Monarcas Morelia,T013,Juárez,3,1,0,1,Estadio Morelos,W,0,ALERTA: 'Monarcas Morelia' renombrado 'Mazatlán FC' desde 2020 — mismo club_id T011
3393,Clausura 2019,2019,clausura,11,2019-03-12,T012,Tijuana,T010,Deportivo Toluca,2,2,1,1,Estadio Caliente,D,0,
3394,Clausura 2019,2019,clausura,11,2019-03-12,T018,Dorados Sinaloa,T017,Club Puebla,3,0,1,0,Estadio de Mazatlán,W,0,ALERTA: 'Dorados Sinaloa' → 'Mazatlán FC' (2020) — club_id T018
3395,Clausura 2019,2019,clausura,11,2019-03-12,T007,Pumas UNAM,T002,América,0,3,0,0,Estadio Olímpico Universitario,L,0,
3396,Clausura 2019,2019,clausura,11,2019-03-12,T006,Club León,T014,Atlético San Luis,1,3,0,3,Estadio León,L,0,
3397,Clausura 2019,2019,clausura,11,2019-03-12,T015,Impulsora Necaxa,T016,Querétaro,2,2,0,2,Estadio Victoria,D,0,
3398,Clausura 2019,2019,clausura,11,2019-03-12,T009,Santos Laguna FC,T008,Atlas,1,3,1,0,Estadio Corona,L,0,
3399,Clausura 2019,2019,clausura,11,2019-03-12,T005,Tigres UANL,T003,Rayados,2,1,2,1,Estadio Universitario,W,0,
3400,Clausura 2019,2019,clausura,12,2019-03-19,T006,Club León,T004,Chivas,0,3,0,0,Estadio León,L,0,
3401,Clausura 2019,2019,clausura,12,2019-03-19,T001,C. Azul,T009,Santos Laguna,1,1,1,1,Estadio Ciudad de los Deportes,D,1,
3402,Clausura 2019,2019,clausura,12,2019-03-19,T010,Toluca FC,T015,Club Necaxa,0,1,0,0,Estadio Nemesio Díez,L,0,
3403,Clausura 2019,2019,clausura,12,2019-03-19,T003,Rayados,T002,Club América,1,2,0,0,Estadio BBVA,L,0,
3404,Clausura 2019,2019,clausura,12,2019-03-19,T017,La Franja,T005,UANL Tigres,3,3,1,1,Estadio Cuauhtémoc,D,0,
3405,Clausura 2019,2019,clausura,12,2019-03-19,T012,Club Tijuana,T011,Monarcas Morelia,1,0,1,0,Estadio Caliente,W,0,ALERTA: 'Monarcas Morelia' renombrado 'Mazatlán FC' desde 2020 — mismo club_id T011
3406,Clausura 2019,2019,clausura,12,2019-03-19,T016,Gallos Blancos,T007,Pumas UNAM,1,1,1,1,Estadio Corregidora,D,0,
3407,Clausura 2019,2019,clausura,12,2019-03-19,T008,Atlas,T018,Dorados Sinaloa,0,2,0,0,Estadio Jalisco,L,0,ALERTA: 'Dorados Sinaloa' → 'Mazatlán FC' (2020) — club_id T018
3408,Clausura 2019,2019,clausura,13,2019-03-26,T016,Querétaro FC,T014,San Luis,0,4,0,1,Estadio Corregidora,L,0,
3409,Clausura 2019,2019,clausura,13,2019-03-26,T007,UNAM Pumas,T001,Cruz Azul,4,1,2,0,Estadio Olímpico Universitario,W,1,
3410,Clausura 2019,2019,clausura,13,2019-03-26,T015,Necaxa,T002,CF América,2,1,1,1,Estadio Victoria,W,0,
3411,Clausura 2019,2019,clausura,13,2019-03-26,T006,León,T009,Santos Laguna FC,4,0,4,0,Estadio León,W,0,
3412,Clausura 2019,2019,clausura,13,2019-03-26,T017,La Franja,T010,Toluca,2,4,1,0,Estadio Cuauhtémoc,L,0,
3413,Clausura 2019,2019,clausura,13,2019-03-26,T008,Atlas Guadalajara,T005,UANL Tigres,2,1,1,1,Estadio Jalisco,W,0,
3414,Clausura 2019,2019,clausura,13,2019-03-26,T012,Tijuana,T011,Monarcas Morelia,2,2,0,0,Estadio Caliente,D,0,ALERTA: 'Monarcas Morelia' renombrado 'Mazatlán FC' desde 2020 — mismo club_id T011
3415,Clausura 2019,2019,clausura,13,2019-03-26,T018,Dorados Sinaloa,T013,Juárez,1,4,1,0,Estadio de Mazatlán,L,0,ALERTA: 'Dorados Sinaloa' → 'Mazatlán FC' (2020) — club_id T018
3416,Clausura 2019,2019,clausura,14,2019-04-02,T015,Club Necaxa,T009,Santos,0,1,0,1,Estadio Victoria,L,0,
3417,Clausura 2019,2019,clausura,14,2019-04-02,T011,Monarcas Morelia,T013,FC Juárez,1,2,1,0,Estadio Morelos,L,0,ALERTA: 'Monarcas Morelia' renombrado 'Mazatlán FC' desde 2020 — mismo club_id T011
3418,Clausura 2019,2019,clausura,14,2019-04-02,T018,Dorados Sinaloa,T014,San Luis,1,0,0,0,Estadio de Mazatlán,W,0,ALERTA: 'Dorados Sinaloa' → 'Mazatlán FC' (2020) — club_id T018
3419,Clausura 2019,2019,clausura,14,2019-04-02,T004,Chivas,T002,América,0,2,0,1,Estadio Akron,L,0,
3420,Clausura 2019,2019,clausura,14,2019-04-02,T001,Cruz Azul FC,T016,Querétaro,2,2,2,0,Estadio Ciudad de los Deportes,D,1,
3421,Clausura 2019,2019,clausura,14,2019-04-02,T017,Puebla FC,T005,Tigres,0,0,0,0,Estadio Cuauhtémoc,D,0,
3422,Clausura 2019,2019,clausura,14,2019-04-02,T012,Tijuana,T007,UNAM Pumas,4,1,0,0,Estadio Caliente,W,0,
3423,Clausura 2019,2019,clausura,14,2019-04-02,T003,CF Monterrey,T008,Atlas,0,2,0,2,Estadio BBVA,L,0,
3424,Clausura 2019,2019,clausura,15,2019-04-09,T003,Monterrey,T015,Impulsora Necaxa,2,4,0,4,Estadio BBVA,L,0,
3425,Clausura 2019,2019,clausura,15,2019-04-09,T010,Toluca,T012,Xoloitzcuintles,1,2,1,0,Estadio Nemesio Díez,L,0,
3426,Clausura 2019,2019,clausura,15,2019-04-09,T018,Dorados Sinaloa,T007,Pumas,1,1,1,0,Estadio de Mazatlán,D,0,ALERTA: 'Dorados Sinaloa' → 'Mazatlán FC' (2020) — club_id T018
3427,Clausura 2019,2019,clausura,15,2019-04-09,T002,Club América,T013,Juárez,4,2,4,1,Estadio Azteca,W,0,
3428,Clausura 2019,2019,clausura,15,2019-04-09,T008,Atlas,T001,Cruz Azul FC,2,0,1,0,Estadio Jalisco,W,1,
3429,Clausura 2019,2019,clausura,15,2019-04-09,T016,Gallos Blancos,T009,Santos Laguna FC,2,0,0,0,Estadio Corregidora,W,0,
3430,Clausura 2019,2019,clausura,15,2019-04-09,T006,León FC,T004,Guadalajara,0,2,0,1,Estadio León,L,0,
3431,Clausura 2019,2019,clausura,15,2019-04-09,T005,Tigres,T014,Atlético San Luis,4,0,2,0,Estadio Universitario,W,0,
3432,Clausura 2019,2019,clausura,16,2019-04-16,T008,Club Atlas,T001,Cruz Azul,1,1,0,0,Estadio Jalisco,D,1,
3433,Clausura 2019,2019,clausura,16,2019-04-16,T013,Bravos de Juárez,T007,Pumas,4,0,3,0,Estadio Olímpico Benito Juárez,W,0,
3434,Clausura 2019,2019,clausura,16,2019-04-16,T011,Monarcas Morelia,T006,Club León,2,0,0,0,Estadio Morelos,W,0,ALERTA: 'Monarcas Morelia' renombrado 'Mazatlán FC' desde 2020 — mismo club_id T011
3435,Clausura 2019,2019,clausura,16,2019-04-16,T010,Deportivo Toluca,T003,CF Monterrey,0,4,0,1,Estadio Nemesio Díez,L,0,
3436,Clausura 2019,2019,clausura,16,2019-04-16,T002,Club América,T015,Impulsora Necaxa,1,1,1,0,Estadio Azteca,D,0,
3437,Clausura 2019,2019,clausura,16,2019-04-16,T016,Querétaro FC,T009,Santos Laguna,2,1,2,0,Estadio Corregidora,W,0,
3438,Clausura 2019,2019,clausura,16,2019-04-16,T005,UANL Tigres,T004,Deportivo Guadalajara,0,0,0,0,Estadio Universitario,D,0,
3439,Clausura 2019,2019,clausura,16,2019-04-16,T014,Atlético San Luis,T012,Xoloitzcuintles,3,2,1,2,Estadio Alfonso Lastras,W,0,
3440,Clausura 2019,2019,clausura,17,2019-04-23,T008,Atlas,T011,Monarcas Morelia,1,1,0,1,Estadio Jalisco,D,0,ALERTA: 'Monarcas Morelia' renombrado 'Mazatlán FC' desde 2020 — mismo club_id T011
3441,Clausura 2019,2019,clausura,17,2019-04-23,T007,Pumas,T014,San Luis,1,1,1,1,Estadio Olímpico Universitario,D,0,
3442,Clausura 2019,2019,clausura,17,2019-04-23,T005,Tigres,T006,León,0,2,0,1,Estadio Universitario,L,0,
3443,Clausura 2019,2019,clausura,17,2019-04-23,T016,Gallos Blancos,T012,Xoloitzcuintles,3,1,1,0,Estadio Corregidora,W,0,
3444,Clausura 2019,2019,clausura,17,2019-04-23,T003,Monterrey,T010,Toluca,2,1,1,0,Estadio BBVA,W,0,
3445,Clausura 2019,2019,clausura,17,2019-04-23,T004,Guadalajara,T013,Juárez,0,1,0,0,Estadio Akron,L,0,
3446,Clausura 2019,2019,clausura,17,2019-04-23,T002,CF América,T017,La Franja,2,0,2,0,Estadio Azteca,W,0,
3447,Clausura 2019,2019,clausura,17,2019-04-23,T015,Necaxa,T009,Santos Laguna,3,3,3,2,Estadio Victoria,D,0,
3448,Apertura 2019,2019,apertura,1,2019-07-01,T001,Cruz Azul FC,T004,Chivas,3,2,3,2,Estadio Ciudad de los Deportes,W,1,
3449,Apertura 2019,2019,apertura,1,2019-07-01,T015,Necaxa,T009,Santos Laguna FC,1,3,1,3,Estadio Victoria,L,0,
3450,Apertura 2019,2019,apertura,1,2019-07-01,T008,Atlas,T005,Tigres UANL,1,2,1,2,Estadio Jalisco,L,0,
3451,Apertura 2019,2019,apertura,1,2019-07-01,T006,León FC,T012,Xoloitzcuintles,1,0,0,0,Estadio León,W,0,
3452,Apertura 2019,2019,apertura,1,2019-07-01,T002,América,T010,Toluca,0,3,0,1,Estadio Azteca,L,0,
3453,Apertura 2019,2019,apertura,1,2019-07-01,T011,Monarcas Morelia,T017,Club Puebla,1,1,0,0,Estadio Morelos,D,0,ALERTA: 'Monarcas Morelia' renombrado 'Mazatlán FC' desde 2020 — mismo club_id T011
3454,Apertura 2019,2019,apertura,1,2019-07-01,T014,San Luis,T007,Pumas,1,1,0,0,Estadio Alfonso Lastras,D,0,
3455,Apertura 2019,2019,apertura,1,2019-07-01,T018,Dorados Sinaloa,T003,CF Monterrey,2,1,1,1,Estadio de Mazatlán,W,0,ALERTA: 'Dorados Sinaloa' → 'Mazatlán FC' (2020) — club_id T018
3456,Apertura 2019,2019,apertura,2,2019-07-08,T004,Guadalajara,T010,Toluca,2,1,1,0,Estadio Akron,W,0,
3457,Apertura 2019,2019,apertura,2,2019-07-08,T018,Dorados Sinaloa,T011,Monarcas Morelia,2,0,0,0,Estadio de Mazatlán,W,0,ALERTA: 'Dorados Sinaloa' → 'Mazatlán FC' (2020) — club_id T018
3458,Apertura 2019,2019,apertura,2,2019-07-08,T016,Gallos Blancos,T013,Juárez,2,3,1,3,Estadio Corregidora,L,0,
3459,Apertura 2019,2019,apertura,2,2019-07-08,T009,Santos Laguna FC,T017,Puebla FC,3,0,1,0,Estadio Corona,W,0,
3460,Apertura 2019,2019,apertura,2,2019-07-08,T002,América,T003,Monterrey,1,2,0,2,Estadio Azteca,L,0,
3461,Apertura 2019,2019,apertura,2,2019-07-08,T006,León,T001,C. Azul,3,0,1,0,Estadio León,W,1,
3462,Apertura 2019,2019,apertura,2,2019-07-08,T007,Pumas,T014,San Luis,2,1,1,0,Estadio Olímpico Universitario,W,0,
3463,Apertura 2019,2019,apertura,2,2019-07-08,T005,Tigres UANL,T012,Club Tijuana,2,1,1,1,Estadio Universitario,W,0,
3464,Apertura 2019,2019,apertura,3,2019-07-15,T017,Puebla FC,T001,Cruz Azul FC,1,3,0,2,Estadio Cuauhtémoc,L,1,
3465,Apertura 2019,2019,apertura,3,2019-07-15,T011,Monarcas Morelia,T016,Querétaro FC,4,2,3,1,Estadio Morelos,W,0,ALERTA: 'Monarcas Morelia' renombrado 'Mazatlán FC' desde 2020 — mismo club_id T011
3466,Apertura 2019,2019,apertura,3,2019-07-15,T004,Guadalajara,T009,Santos Laguna FC,1,1,1,0,Estadio Akron,D,0,
3467,Apertura 2019,2019,apertura,3,2019-07-15,T007,Pumas UNAM,T006,León FC,1,0,0,0,Estadio Olímpico Universitario,W,0,
3468,Apertura 2019,2019,apertura,3,2019-07-15,T005,UANL Tigres,T003,Monterrey,3,1,3,0,Estadio Universitario,W,0,
3469,Apertura 2019,2019,apertura,3,2019-07-15,T015,Necaxa,T012,Club Tijuana,3,0,3,0,Estadio Victoria,W,0,
3470,Apertura 2019,2019,apertura,3,2019-07-15,T014,Atlético San Luis,T002,Club América,0,2,0,2,Estadio Alfonso Lastras,L,0,
3471,Apertura 2019,2019,apertura,3,2019-07-15,T008,Atlas Guadalajara,T013,FC Juárez,3,3,0,1,Estadio Jalisco,D,0,
3472,Apertura 2019,2019,apertura,4,2019-07-22,T010,Deportivo Toluca,T011,Monarcas Morelia,4,1,2,1,Estadio Nemesio Díez,W,0,ALERTA: 'Monarcas Morelia' renombrado 'Mazatlán FC' desde 2020 — mismo club_id T011
3473,Apertura 2019,2019,apertura,4,2019-07-22,T014,Atlético San Luis,T016,Gallos Blancos,1,3,0,1,Estadio Alfonso Lastras,L,0,
3474,Apertura 2019,2019,apertura,4,2019-07-22,T003,Rayados,T018,Dorados Sinaloa,1,0,1,0,Estadio BBVA,W,0,ALERTA: 'Dorados Sinaloa' → 'Mazatlán FC' (2020) — club_id T018
3475,Apertura 2019,2019,apertura,4,2019-07-22,T012,Xoloitzcuintles,T009,Santos Laguna,2,1,0,0,Estadio Caliente,W,0,
3476,Apertura 2019,2019,apertura,4,2019-07-22,T002,Club América,T007,Pumas UNAM,1,1,1,1,Estadio Azteca,D,0,
3477,Apertura 2019,2019,apertura,4,2019-07-22,T005,Tigres UANL,T017,Puebla FC,0,4,0,1,Estadio Universitario,L,0,
3478,Apertura 2019,2019,apertura,4,2019-07-22,T015,Impulsora Necaxa,T006,Club León,3,1,0,0,Estadio Victoria,W,0,
3479,Apertura 2019,2019,apertura,4,2019-07-22,T001,Cruz Azul,T013,Bravos de Juárez,1,0,1,0,Estadio Ciudad de los Deportes,W,1,
3480,Apertura 2019,2019,apertura,5,2019-07-29,T001,Cruz Azul FC,T013,FC Juárez,1,2,1,0,Estadio Ciudad de los Deportes,L,1,
3481,Apertura 2019,2019,apertura,5,2019-07-29,T015,Impulsora Necaxa,T006,Club León,2,2,0,1,Estadio Victoria,D,0,
3482,Apertura 2019,2019,apertura,5,2019-07-29,T017,La Franja,T003,CF Monterrey,3,1,3,0,Estadio Cuauhtémoc,W,0,
3483,Apertura 2019,2019,apertura,5,2019-07-29,T007,Pumas,T010,Toluca FC,2,1,2,1,Estadio Olímpico Universitario,W,0,
3484,Apertura 2019,2019,apertura,5,2019-07-29,T012,Club Tijuana,T005,UANL Tigres,3,0,3,0,Estadio Caliente,W,0,
3485,Apertura 2019,2019,apertura,5,2019-07-29,T004,Chivas,T002,Club América,1,2,0,0,Estadio Akron,L,0,
3486,Apertura 2019,2019,apertura,5,2019-07-29,T011,Monarcas Morelia,T009,Santos,4,0,4,0,Estadio Morelos,W,0,ALERTA: 'Monarcas Morelia' renombrado 'Mazatlán FC' desde 2020 — mismo club_id T011
3487,Apertura 2019,2019,apertura,5,2019-07-29,T008,Club Atlas,T016,Querétaro FC,2,2,2,0,Estadio Jalisco,D,0,
3488,Apertura 2019,2019,apertura,6,2019-08-05,T005,Tigres,T018,Dorados Sinaloa,0,1,0,1,Estadio Universitario,L,0,ALERTA: 'Dorados Sinaloa' → 'Mazatlán FC' (2020) — club_id T018
3489,Apertura 2019,2019,apertura,6,2019-08-05,T006,León,T009,Santos Laguna FC,3,0,1,0,Estadio León,W,0,
3490,Apertura 2019,2019,apertura,6,2019-08-05,T013,FC Juárez,T008,Atlas,0,1,0,0,Estadio Olímpico Benito Juárez,L,0,
3491,Apertura 2019,2019,apertura,6,2019-08-05,T017,La Franja,T014,A. San Luis,0,0,0,0,Estadio Cuauhtémoc,D,0,
3492,Apertura 2019,2019,apertura,6,2019-08-05,T003,Monterrey,T011,Monarcas Morelia,0,1,0,1,Estadio BBVA,L,0,ALERTA: 'Monarcas Morelia' renombrado 'Mazatlán FC' desde 2020 — mismo club_id T011
3493,Apertura 2019,2019,apertura,6,2019-08-05,T004,Deportivo Guadalajara,T007,Pumas,0,1,0,1,Estadio Akron,L,0,
3494,Apertura 2019,2019,apertura,6,2019-08-05,T016,Querétaro,T010,Toluca FC,2,0,1,0,Estadio Corregidora,W,0,
3495,Apertura 2019,2019,apertura,6,2019-08-05,T015,Club Necaxa,T002,CF América,1,4,1,4,Estadio Victoria,L,0,
3496,Apertura 2019,2019,apertura,7,2019-08-12,T011,Monarcas Morelia,T001,Cruz Azul FC,3,2,0,2,Estadio Morelos,W,1,ALERTA: 'Monarcas Morelia' renombrado 'Mazatlán FC' desde 2020 — mismo club_id T011
3497,Apertura 2019,2019,apertura,7,2019-08-12,T013,Bravos de Juárez,T005,Tigres,0,2,0,0,Estadio Olímpico Benito Juárez,L,0,
3498,Apertura 2019,2019,apertura,7,2019-08-12,T010,Toluca,T015,Impulsora Necaxa,0,2,0,0,Estadio Nemesio Díez,L,0,
3499,Apertura 2019,2019,apertura,7,2019-08-12,T017,Club Puebla,T008,Atlas Guadalajara,0,1,0,0,Estadio Cuauhtémoc,L,0,
3500,Apertura 2019,2019,apertura,7,2019-08-12,T009,Santos Laguna FC,T003,Rayados,1,2,0,0,Estadio Corona,L,0,
3501,Apertura 2019,2019,apertura,7,2019-08-12,T016,Querétaro FC,T014,A. San Luis,3,1,3,0,Estadio Corregidora,W,0,
3502,Apertura 2019,2019,apertura,7,2019-08-12,T004,Deportivo Guadalajara,T006,León FC,0,3,0,2,Estadio Akron,L,0,
3503,Apertura 2019,2019,apertura,7,2019-08-12,T002,América,T018,Dorados Sinaloa,0,4,0,3,Estadio Azteca,L,0,ALERTA: 'Dorados Sinaloa' → 'Mazatlán FC' (2020) — club_id T018
3504,Apertura 2019,2019,apertura,8,2019-08-19,T007,Pumas,T012,Club Tijuana,1,2,1,1,Estadio Olímpico Universitario,L,0,
3505,Apertura 2019,2019,apertura,8,2019-08-19,T014,A. San Luis,T001,Cruz Azul FC,1,0,1,0,Estadio Alfonso Lastras,W,1,
3506,Apertura 2019,2019,apertura,8,2019-08-19,T010,Toluca FC,T016,Gallos Blancos,2,0,2,0,Estadio Nemesio Díez,W,0,
3507,Apertura 2019,2019,apertura,8,2019-08-19,T004,Chivas,T013,Bravos de Juárez,1,2,0,1,Estadio Akron,L,0,
3508,Apertura 2019,2019,apertura,8,2019-08-19,T008,Atlas,T009,Santos Laguna,2,2,1,2,Estadio Jalisco,D,0,
3509,Apertura 2019,2019,apertura,8,2019-08-19,T018,Dorados Sinaloa,T017,La Franja,2,2,1,0,Estadio de Mazatlán,D,0,ALERTA: 'Dorados Sinaloa' → 'Mazatlán FC' (2020) — club_id T018
3510,Apertura 2019,2019,apertura,8,2019-08-19,T015,Necaxa,T002,Club América,2,2,1,1,Estadio Victoria,D,0,
3511,Apertura 2019,2019,apertura,8,2019-08-19,T005,Tigres,T011,Monarcas Morelia,0,1,0,1,Estadio Universitario,L,0,ALERTA: 'Monarcas Morelia' renombrado 'Mazatlán FC' desde 2020 — mismo club_id T011
3512,Apertura 2019,2019,apertura,9,2019-08-26,T013,FC Juárez,T004,Chivas,1,0,1,0,Estadio Olímpico Benito Juárez,W,0,
3513,Apertura 2019,2019,apertura,9,2019-08-26,T005,UANL Tigres,T009,Santos,2,2,0,1,Estadio Universitario,D,0,
3514,Apertura 2019,2019,apertura,9,2019-08-26,T008,Atlas,T011,Monarcas Morelia,0,1,0,0,Estadio Jalisco,L,0,ALERTA: 'Monarcas Morelia' renombrado 'Mazatlán FC' desde 2020 — mismo club_id T011
3515,Apertura 2019,2019,apertura,9,2019-08-26,T010,Toluca,T016,Querétaro FC,3,1,0,0,Estadio Nemesio Díez,W,0,
3516,Apertura 2019,2019,apertura,9,2019-08-26,T018,Dorados Sinaloa,T002,CF América,0,1,0,0,Estadio de Mazatlán,L,0,ALERTA: 'Dorados Sinaloa' → 'Mazatlán FC' (2020) — club_id T018
3517,Apertura 2019,2019,apertura,9,2019-08-26,T017,Puebla FC,T012,Tijuana,4,2,1,1,Estadio Cuauhtémoc,W,0,
3518,Apertura 2019,2019,apertura,9,2019-08-26,T006,Club León,T003,Monterrey,0,2,0,0,Estadio León,L,0,
3519,Apertura 2019,2019,apertura,9,2019-08-26,T007,Pumas UNAM,T014,A. San Luis,1,1,0,0,Estadio Olímpico Universitario,D,0,
3520,Apertura 2019,2019,apertura,10,2019-09-02,T011,Monarcas Morelia,T007,UNAM Pumas,3,3,1,2,Estadio Morelos,D,0,ALERTA: 'Monarcas Morelia' renombrado 'Mazatlán FC' desde 2020 — mismo club_id T011
3521,Apertura 2019,2019,apertura,10,2019-09-02,T004,Deportivo Guadalajara,T017,Club Puebla,2,2,1,0,Estadio Akron,D,0,
3522,Apertura 2019,2019,apertura,10,2019-09-02,T009,Santos Laguna,T013,Juárez,3,0,1,0,Estadio Corona,W,0,
3523,Apertura 2019,2019,apertura,10,2019-09-02,T008,Atlas Guadalajara,T012,Club Tijuana,0,2,0,2,Estadio Jalisco,L,0,
3524,Apertura 2019,2019,apertura,10,2019-09-02,T002,CF América,T018,Dorados Sinaloa,1,2,0,1,Estadio Azteca,L,0,ALERTA: 'Dorados Sinaloa' → 'Mazatlán FC' (2020) — club_id T018
3525,Apertura 2019,2019,apertura,10,2019-09-02,T003,CF Monterrey,T001,Cruz Azul FC,3,0,3,0,Estadio BBVA,W,1,
3526,Apertura 2019,2019,apertura,10,2019-09-02,T015,Impulsora Necaxa,T014,Atlético San Luis,1,1,1,0,Estadio Victoria,D,0,
3527,Apertura 2019,2019,apertura,10,2019-09-02,T010,Toluca FC,T005,UANL Tigres,2,0,1,0,Estadio Nemesio Díez,W,0,
3528,Apertura 2019,2019,apertura,11,2019-09-09,T003,Rayados,T011,Monarcas Morelia,1,1,1,0,Estadio BBVA,D,0,ALERTA: 'Monarcas Morelia' renombrado 'Mazatlán FC' desde 2020 — mismo club_id T011
3529,Apertura 2019,2019,apertura,11,2019-09-09,T002,CF América,T006,León FC,0,1,0,0,Estadio Azteca,L,0,
3530,Apertura 2019,2019,apertura,11,2019-09-09,T004,Chivas,T007,Pumas UNAM,2,1,1,0,Estadio Akron,W,0,
3531,Apertura 2019,2019,apertura,11,2019-09-09,T018,Dorados Sinaloa,T009,Santos Laguna FC,2,4,2,3,Estadio de Mazatlán,L,0,ALERTA: 'Dorados Sinaloa' → 'Mazatlán FC' (2020) — club_id T018
3532,Apertura 2019,2019,apertura,11,2019-09-09,T005,Tigres UANL,T008,Atlas,4,1,3,0,Estadio Universitario,W,0,
3533,Apertura 2019,2019,apertura,11,2019-09-09,T012,Tijuana,T016,Gallos Blancos,4,4,1,4,Estadio Caliente,D,0,
3534,Apertura 2019,2019,apertura,11,2019-09-09,T010,Deportivo Toluca,T015,Club Necaxa,2,4,2,2,Estadio Nemesio Díez,L,0,
3535,Apertura 2019,2019,apertura,11,2019-09-09,T001,Cruz Azul,T013,Bravos de Juárez,3,1,3,0,Estadio Ciudad de los Deportes,W,1,
3536,Apertura 2019,2019,apertura,12,2019-09-16,T008,Atlas,T005,Tigres,0,1,0,1,Estadio Jalisco,L,0,
3537,Apertura 2019,2019,apertura,12,2019-09-16,T011,Monarcas Morelia,T016,Querétaro FC,4,4,3,3,Estadio Morelos,D,0,ALERTA: 'Monarcas Morelia' renombrado 'Mazatlán FC' desde 2020 — mismo club_id T011
3538,Apertura 2019,2019,apertura,12,2019-09-16,T010,Toluca,T009,Santos,3,0,2,0,Estadio Nemesio Díez,W,0,
3539,Apertura 2019,2019,apertura,12,2019-09-16,T001,Cruz Azul,T017,Puebla FC,0,0,0,0,Estadio Ciudad de los Deportes,D,1,
3540,Apertura 2019,2019,apertura,12,2019-09-16,T014,A. San Luis,T012,Tijuana,0,3,0,2,Estadio Alfonso Lastras,L,0,
3541,Apertura 2019,2019,apertura,12,2019-09-16,T007,UNAM Pumas,T013,Juárez,3,2,3,1,Estadio Olímpico Universitario,W,0,
3542,Apertura 2019,2019,apertura,12,2019-09-16,T015,Impulsora Necaxa,T006,León FC,1,1,0,1,Estadio Victoria,D,0,
3543,Apertura 2019,2019,apertura,12,2019-09-16,T004,Deportivo Guadalajara,T002,CF América,1,1,1,0,Estadio Akron,D,0,
3544,Apertura 2019,2019,apertura,13,2019-09-23,T011,Monarcas Morelia,T003,Rayados,0,3,0,1,Estadio Morelos,L,0,ALERTA: 'Monarcas Morelia' renombrado 'Mazatlán FC' desde 2020 — mismo club_id T011
3545,Apertura 2019,2019,apertura,13,2019-09-23,T005,Tigres,T004,Guadalajara,1,1,1,0,Estadio Universitario,D,0,
3546,Apertura 2019,2019,apertura,13,2019-09-23,T006,León,T007,Pumas,2,2,0,2,Estadio León,D,0,
3547,Apertura 2019,2019,apertura,13,2019-09-23,T008,Atlas,T018,Dorados Sinaloa,2,2,1,0,Estadio Jalisco,D,0,ALERTA: 'Dorados Sinaloa' → 'Mazatlán FC' (2020) — club_id T018
3548,Apertura 2019,2019,apertura,13,2019-09-23,T017,La Franja,T010,Toluca,2,1,0,1,Estadio Cuauhtémoc,W,0,
3549,Apertura 2019,2019,apertura,13,2019-09-23,T002,Club América,T014,A. San Luis,4,0,1,0,Estadio Azteca,W,0,
3550,Apertura 2019,2019,apertura,13,2019-09-23,T016,Querétaro FC,T012,Xoloitzcuintles,2,1,2,0,Estadio Corregidora,W,0,
3551,Apertura 2019,2019,apertura,13,2019-09-23,T013,FC Juárez,T001,Cruz Azul,2,0,0,0,Estadio Olímpico Benito Juárez,W,1,
3552,Apertura 2019,2019,apertura,14,2019-09-30,T007,Pumas UNAM,T003,Rayados,1,2,0,2,Estadio Olímpico Universitario,L,0,
3553,Apertura 2019,2019,apertura,14,2019-09-30,T005,Tigres UANL,T016,Querétaro FC,1,1,0,1,Estadio Universitario,D,0,
3554,Apertura 2019,2019,apertura,14,2019-09-30,T006,Club León,T008,Club Atlas,2,0,1,0,Estadio León,W,0,
3555,Apertura 2019,2019,apertura,14,2019-09-30,T001,Cruz Azul,T017,Club Puebla,0,2,0,0,Estadio Ciudad de los Deportes,L,1,
3556,Apertura 2019,2019,apertura,14,2019-09-30,T012,Xoloitzcuintles,T004,Deportivo Guadalajara,2,3,0,3,Estadio Caliente,L,0,
3557,Apertura 2019,2019,apertura,14,2019-09-30,T018,Dorados Sinaloa,T015,Impulsora Necaxa,2,1,1,1,Estadio de Mazatlán,W,0,ALERTA: 'Dorados Sinaloa' → 'Mazatlán FC' (2020) — club_id T018
3558,Apertura 2019,2019,apertura,14,2019-09-30,T002,América,T009,Santos,1,1,0,0,Estadio Azteca,D,0,
3559,Apertura 2019,2019,apertura,14,2019-09-30,T010,Toluca,T013,Bravos de Juárez,3,2,3,2,Estadio Nemesio Díez,W,0,
3560,Apertura 2019,2019,apertura,15,2019-10-07,T014,A. San Luis,T010,Toluca FC,0,0,0,0,Estadio Alfonso Lastras,D,0,
3561,Apertura 2019,2019,apertura,15,2019-10-07,T011,Monarcas Morelia,T006,León,0,2,0,1,Estadio Morelos,L,0,ALERTA: 'Monarcas Morelia' renombrado 'Mazatlán FC' desde 2020 — mismo club_id T011
3562,Apertura 2019,2019,apertura,15,2019-10-07,T005,Tigres UANL,T004,Guadalajara,1,0,0,0,Estadio Universitario,W,0,
3563,Apertura 2019,2019,apertura,15,2019-10-07,T001,Cruz Azul,T012,Tijuana,2,0,2,0,Estadio Ciudad de los Deportes,W,1,
3564,Apertura 2019,2019,apertura,15,2019-10-07,T013,Juárez,T007,Pumas UNAM,1,1,1,0,Estadio Olímpico Benito Juárez,D,0,
3565,Apertura 2019,2019,apertura,15,2019-10-07,T003,CF Monterrey,T002,Club América,1,1,1,1,Estadio BBVA,D,0,
3566,Apertura 2019,2019,apertura,15,2019-10-07,T016,Gallos Blancos,T017,La Franja,1,1,0,0,Estadio Corregidora,D,0,
3567,Apertura 2019,2019,apertura,15,2019-10-07,T015,Necaxa,T018,Dorados Sinaloa,4,3,2,3,Estadio Victoria,W,0,ALERTA: 'Dorados Sinaloa' → 'Mazatlán FC' (2020) — club_id T018
3568,Apertura 2019,2019,apertura,16,2019-10-14,T004,Guadalajara,T002,América,0,2,0,0,Estadio Akron,L,0,
3569,Apertura 2019,2019,apertura,16,2019-10-14,T007,Pumas,T001,C. Azul,1,2,0,1,Estadio Olímpico Universitario,L,1,
3570,Apertura 2019,2019,apertura,16,2019-10-14,T015,Impulsora Necaxa,T018,Dorados Sinaloa,1,3,1,1,Estadio Victoria,L,0,ALERTA: 'Dorados Sinaloa' → 'Mazatlán FC' (2020) — club_id T018
3571,Apertura 2019,2019,apertura,16,2019-10-14,T010,Deportivo Toluca,T008,Atlas Guadalajara,2,1,0,1,Estadio Nemesio Díez,W,0,
3572,Apertura 2019,2019,apertura,16,2019-10-14,T012,Tijuana,T009,Santos Laguna FC,2,3,1,1,Estadio Caliente,L,0,
3573,Apertura 2019,2019,apertura,16,2019-10-14,T014,San Luis,T013,Bravos de Juárez,0,3,0,3,Estadio Alfonso Lastras,L,0,
3574,Apertura 2019,2019,apertura,16,2019-10-14,T005,UANL Tigres,T006,Club León,2,3,2,2,Estadio Universitario,L,0,
3575,Apertura 2019,2019,apertura,16,2019-10-14,T017,La Franja,T003,Monterrey,4,0,2,0,Estadio Cuauhtémoc,W,0,
3576,Apertura 2019,2019,apertura,17,2019-10-21,T010,Toluca FC,T014,A. San Luis,1,1,1,0,Estadio Nemesio Díez,D,0,
3577,Apertura 2019,2019,apertura,17,2019-10-21,T007,Pumas,T008,Atlas Guadalajara,0,0,0,0,Estadio Olímpico Universitario,D,0,
3578,Apertura 2019,2019,apertura,17,2019-10-21,T004,Deportivo Guadalajara,T017,Club Puebla,1,3,0,2,Estadio Akron,L,0,
3579,Apertura 2019,2019,apertura,17,2019-10-21,T012,Xoloitzcuintles,T005,Tigres UANL,0,1,0,0,Estadio Caliente,L,0,
3580,Apertura 2019,2019,apertura,17,2019-10-21,T003,Rayados,T011,Monarcas Morelia,1,0,0,0,Estadio BBVA,W,0,ALERTA: 'Monarcas Morelia' renombrado 'Mazatlán FC' desde 2020 — mismo club_id T011
3581,Apertura 2019,2019,apertura,17,2019-10-21,T002,Club América,T009,Santos Laguna,0,1,0,0,Estadio Azteca,L,0,
3582,Apertura 2019,2019,apertura,17,2019-10-21,T018,Dorados Sinaloa,T006,Club León,0,4,0,1,Estadio de Mazatlán,L,0,ALERTA: 'Dorados Sinaloa' → 'Mazatlán FC' (2020) — club_id T018
3583,Apertura 2019,2019,apertura,17,2019-10-21,T015,Club Necaxa,T013,FC Juárez,2,3,2,0,Estadio Victoria,L,0,
3584,Clausura 2020,2020,clausura,1,2020-01-01,T004,Chivas,T006,León FC,3,1,2,0,Estadio Akron,W,0,
3585,Clausura 2020,2020,clausura,1,2020-01-01,T013,FC Juárez,T016,Querétaro,0,3,0,2,Estadio Olímpico Benito Juárez,L,0,
3586,Clausura 2020,2020,clausura,1,2020-01-01,T003,Rayados,T010,Deportivo Toluca,0,1,0,0,Estadio BBVA,L,0,
3587,Clausura 2020,2020,clausura,1,2020-01-01,T009,Santos,T018,Mazatlán FC,2,0,0,0,Estadio Corona,W,0,
3588,Clausura 2020,2020,clausura,1,2020-01-01,T001,Cruz Azul FC,T015,Club Necaxa,1,1,0,1,Estadio Ciudad de los Deportes,D,1,
3589,Clausura 2020,2020,clausura,1,2020-01-01,T017,Puebla FC,T007,Pumas UNAM,2,0,0,0,Estadio Cuauhtémoc,W,0,
3590,Clausura 2020,2020,clausura,1,2020-01-01,T012,Club Tijuana,T014,Atlético San Luis,0,2,0,1,Estadio Caliente,L,0,
3591,Clausura 2020,2020,clausura,1,2020-01-01,T005,Tigres UANL,T002,Club América,2,3,0,2,Estadio Universitario,L,0,
3592,Clausura 2020,2020,clausura,2,2020-01-08,T007,UNAM Pumas,T008,Club Atlas,1,2,1,1,Estadio Olímpico Universitario,L,0,
3593,Clausura 2020,2020,clausura,2,2020-01-08,T016,Querétaro,T001,Cruz Azul FC,1,1,1,1,Estadio Corregidora,D,1,
3594,Clausura 2020,2020,clausura,2,2020-01-08,T011,Mazatlán FC,T010,Deportivo Toluca,4,2,3,0,Estadio Morelos,W,0,Antes llamado 'Monarcas Morelia' (pre-2020) — cuidado en análisis histórico
3595,Clausura 2020,2020,clausura,2,2020-01-08,T014,San Luis,T004,Deportivo Guadalajara,1,1,0,0,Estadio Alfonso Lastras,D,0,
3596,Clausura 2020,2020,clausura,2,2020-01-08,T018,Mazatlán FC,T012,Tijuana,2,0,1,0,Estadio de Mazatlán,W,0,
3597,Clausura 2020,2020,clausura,2,2020-01-08,T017,Club Puebla,T002,Club América,4,2,0,2,Estadio Cuauhtémoc,W,0,
3598,Clausura 2020,2020,clausura,2,2020-01-08,T006,Club León,T015,Club Necaxa,1,4,0,1,Estadio León,L,0,
3599,Clausura 2020,2020,clausura,2,2020-01-08,T013,FC Juárez,T005,Tigres UANL,4,0,1,0,Estadio Olímpico Benito Juárez,W,0,
3600,Clausura 2020,2020,clausura,3,2020-01-15,T015,Club Necaxa,T018,Mazatlán FC,1,4,0,3,Estadio Victoria,L,0,
3601,Clausura 2020,2020,clausura,3,2020-01-15,T012,Xoloitzcuintles,T001,Cruz Azul FC,3,4,1,0,Estadio Caliente,L,1,
3602,Clausura 2020,2020,clausura,3,2020-01-15,T009,Santos Laguna FC,T007,Pumas UNAM,1,1,0,0,Estadio Corona,D,0,
3603,Clausura 2020,2020,clausura,3,2020-01-15,T010,Toluca FC,T008,Atlas Guadalajara,1,2,0,0,Estadio Nemesio Díez,L,0,
3604,Clausura 2020,2020,clausura,3,2020-01-15,T002,Club América,T006,Club León,0,3,0,2,Estadio Azteca,L,0,
3605,Clausura 2020,2020,clausura,3,2020-01-15,T016,Querétaro,T011,Mazatlán FC,0,1,0,1,Estadio Corregidora,L,0,Antes llamado 'Monarcas Morelia' (pre-2020) — cuidado en análisis histórico
3606,Clausura 2020,2020,clausura,3,2020-01-15,T014,A. San Luis,T004,Chivas,1,1,1,1,Estadio Alfonso Lastras,D,0,
3607,Clausura 2020,2020,clausura,3,2020-01-15,T005,Tigres UANL,T017,La Franja,0,0,0,0,Estadio Universitario,D,0,
3608,Clausura 2020,2020,clausura,4,2020-01-22,T008,Atlas,T018,Mazatlán FC,2,1,0,1,Estadio Jalisco,W,0,
3609,Clausura 2020,2020,clausura,4,2020-01-22,T011,Mazatlán FC,T017,Club Puebla,2,2,1,1,Estadio Morelos,D,0,Antes llamado 'Monarcas Morelia' (pre-2020) — cuidado en análisis histórico
3610,Clausura 2020,2020,clausura,4,2020-01-22,T007,UNAM Pumas,T014,San Luis,1,1,1,0,Estadio Olímpico Universitario,D,0,
3611,Clausura 2020,2020,clausura,4,2020-01-22,T002,CF América,T001,Cruz Azul FC,4,4,4,4,Estadio Azteca,D,1,
3612,Clausura 2020,2020,clausura,4,2020-01-22,T003,Rayados,T010,Deportivo Toluca,1,2,0,2,Estadio BBVA,L,0,
3613,Clausura 2020,2020,clausura,4,2020-01-22,T004,Deportivo Guadalajara,T009,Santos,2,1,1,0,Estadio Akron,W,0,
3614,Clausura 2020,2020,clausura,4,2020-01-22,T016,Querétaro,T012,Club Tijuana,0,1,0,0,Estadio Corregidora,L,0,
3615,Clausura 2020,2020,clausura,4,2020-01-22,T013,Juárez,T015,Impulsora Necaxa,0,0,0,0,Estadio Olímpico Benito Juárez,D,0,
3616,Clausura 2020,2020,clausura,5,2020-01-29,T001,Cruz Azul FC,T018,Mazatlán FC,0,1,0,1,Estadio Ciudad de los Deportes,L,1,
3617,Clausura 2020,2020,clausura,5,2020-01-29,T002,CF América,T003,Rayados,0,2,0,1,Estadio Azteca,L,0,
3618,Clausura 2020,2020,clausura,5,2020-01-29,T004,Guadalajara,T008,Atlas Guadalajara,2,1,0,0,Estadio Akron,W,0,
3619,Clausura 2020,2020,clausura,5,2020-01-29,T007,Pumas,T006,León FC,1,3,0,3,Estadio Olímpico Universitario,L,0,
3620,Clausura 2020,2020,clausura,5,2020-01-29,T014,A. San Luis,T012,Tijuana,2,0,0,0,Estadio Alfonso Lastras,W,0,
3621,Clausura 2020,2020,clausura,5,2020-01-29,T017,La Franja,T005,Tigres,1,1,0,1,Estadio Cuauhtémoc,D,0,
3622,Clausura 2020,2020,clausura,5,2020-01-29,T011,Mazatlán FC,T016,Querétaro FC,3,3,3,1,Estadio Morelos,D,0,Antes llamado 'Monarcas Morelia' (pre-2020) — cuidado en análisis histórico
3623,Clausura 2020,2020,clausura,5,2020-01-29,T013,Juárez,T015,Club Necaxa,3,2,3,2,Estadio Olímpico Benito Juárez,W,0,
3624,Clausura 2020,2020,clausura,6,2020-02-05,T008,Club Atlas,T012,Tijuana,3,0,1,0,Estadio Jalisco,W,0,
3625,Clausura 2020,2020,clausura,6,2020-02-05,T006,León,T003,Rayados,2,0,2,0,Estadio León,W,0,
3626,Clausura 2020,2020,clausura,6,2020-02-05,T011,Mazatlán FC,T016,Gallos Blancos,0,0,0,0,Estadio Morelos,D,0,Antes llamado 'Monarcas Morelia' (pre-2020) — cuidado en análisis histórico
3627,Clausura 2020,2020,clausura,6,2020-02-05,T018,Mazatlán FC,T009,Santos Laguna,0,0,0,0,Estadio de Mazatlán,D,0,
3628,Clausura 2020,2020,clausura,6,2020-02-05,T007,UNAM Pumas,T005,Tigres UANL,2,1,0,1,Estadio Olímpico Universitario,W,0,
3629,Clausura 2020,2020,clausura,6,2020-02-05,T017,Puebla FC,T013,Bravos de Juárez,1,4,1,1,Estadio Cuauhtémoc,L,0,
3630,Clausura 2020,2020,clausura,6,2020-02-05,T010,Toluca,T014,San Luis,4,2,3,0,Estadio Nemesio Díez,W,0,
3631,Clausura 2020,2020,clausura,6,2020-02-05,T004,Chivas,T001,Cruz Azul FC,3,0,1,0,Estadio Akron,W,1,
3632,Clausura 2020,2020,clausura,7,2020-02-12,T013,Bravos de Juárez,T011,Mazatlán FC,2,0,1,0,Estadio Olímpico Benito Juárez,W,0,Antes llamado 'Monarcas Morelia' (pre-2020) — cuidado en análisis histórico
3633,Clausura 2020,2020,clausura,7,2020-02-12,T015,Impulsora Necaxa,T003,CF Monterrey,1,2,0,0,Estadio Victoria,L,0,
3634,Clausura 2020,2020,clausura,7,2020-02-12,T007,Pumas UNAM,T001,Cruz Azul,0,3,0,0,Estadio Olímpico Universitario,L,1,
3635,Clausura 2020,2020,clausura,7,2020-02-12,T009,Santos Laguna,T004,Guadalajara,0,0,0,0,Estadio Corona,D,0,
3636,Clausura 2020,2020,clausura,7,2020-02-12,T006,León,T008,Club Atlas,2,2,0,0,Estadio León,D,0,
3637,Clausura 2020,2020,clausura,7,2020-02-12,T017,Puebla FC,T010,Toluca,0,4,0,0,Estadio Cuauhtémoc,L,0,
3638,Clausura 2020,2020,clausura,7,2020-02-12,T005,Tigres UANL,T016,Gallos Blancos,4,1,0,1,Estadio Universitario,W,0,
3639,Clausura 2020,2020,clausura,7,2020-02-12,T002,Club América,T018,Mazatlán FC,4,2,0,2,Estadio Azteca,W,0,
3640,Clausura 2020,2020,clausura,8,2020-02-19,T014,San Luis,T015,Impulsora Necaxa,1,3,1,1,Estadio Alfonso Lastras,L,0,
3641,Clausura 2020,2020,clausura,8,2020-02-19,T002,CF América,T004,Deportivo Guadalajara,3,1,0,0,Estadio Azteca,W,0,
3642,Clausura 2020,2020,clausura,8,2020-02-19,T011,Mazatlán FC,T010,Toluca FC,1,1,0,0,Estadio Morelos,D,0,Antes llamado 'Monarcas Morelia' (pre-2020) — cuidado en análisis histórico
3643,Clausura 2020,2020,clausura,8,2020-02-19,T016,Querétaro,T001,Cruz Azul FC,0,0,0,0,Estadio Corregidora,D,1,
3644,Clausura 2020,2020,clausura,8,2020-02-19,T005,Tigres UANL,T008,Atlas,1,2,1,0,Estadio Universitario,L,0,
3645,Clausura 2020,2020,clausura,8,2020-02-19,T013,FC Juárez,T012,Club Tijuana,2,3,1,2,Estadio Olímpico Benito Juárez,L,0,
3646,Clausura 2020,2020,clausura,8,2020-02-19,T018,Mazatlán FC,T003,CF Monterrey,2,1,0,0,Estadio de Mazatlán,W,0,
3647,Clausura 2020,2020,clausura,8,2020-02-19,T009,Santos,T006,Club León,0,2,0,2,Estadio Corona,L,0,
3648,Clausura 2020,2020,clausura,9,2020-02-26,T008,Atlas Guadalajara,T005,Tigres UANL,3,0,1,0,Estadio Jalisco,W,0,
3649,Clausura 2020,2020,clausura,9,2020-02-26,T011,Mazatlán FC,T014,A. San Luis,0,4,0,4,Estadio Morelos,L,0,Antes llamado 'Monarcas Morelia' (pre-2020) — cuidado en análisis histórico
3650,Clausura 2020,2020,clausura,9,2020-02-26,T016,Querétaro,T018,Mazatlán FC,0,4,0,4,Estadio Corregidora,L,0,
3651,Clausura 2020,2020,clausura,9,2020-02-26,T013,Juárez,T010,Toluca,4,2,3,1,Estadio Olímpico Benito Juárez,W,0,
3652,Clausura 2020,2020,clausura,9,2020-02-26,T015,Impulsora Necaxa,T009,Santos Laguna,2,0,1,0,Estadio Victoria,W,0,
3653,Clausura 2020,2020,clausura,9,2020-02-26,T007,Pumas UNAM,T002,Club América,2,1,1,0,Estadio Olímpico Universitario,W,0,
3654,Clausura 2020,2020,clausura,9,2020-02-26,T003,Rayados,T004,Deportivo Guadalajara,0,0,0,0,Estadio BBVA,D,0,
3655,Clausura 2020,2020,clausura,9,2020-02-26,T006,León FC,T017,Puebla FC,1,2,0,2,Estadio León,L,0,
3656,Clausura 2020,2020,clausura,10,2020-03-04,T004,Chivas,T007,UNAM Pumas,2,4,2,3,Estadio Akron,L,0,
3657,Clausura 2020,2020,clausura,10,2020-03-04,T008,Club Atlas,T013,Bravos de Juárez,2,3,0,2,Estadio Jalisco,L,0,
3658,Clausura 2020,2020,clausura,10,2020-03-04,T014,A. San Luis,T009,Santos,2,4,2,0,Estadio Alfonso Lastras,L,0,
3659,Clausura 2020,2020,clausura,10,2020-03-04,T002,América,T010,Deportivo Toluca,3,0,2,0,Estadio Azteca,W,0,
3660,Clausura 2020,2020,clausura,10,2020-03-04,T017,Puebla FC,T011,Mazatlán FC,2,1,1,1,Estadio Cuauhtémoc,W,0,Antes llamado 'Monarcas Morelia' (pre-2020) — cuidado en análisis histórico
3661,Clausura 2020,2020,clausura,10,2020-03-04,T001,C. Azul,T003,Rayados,1,2,1,1,Estadio Ciudad de los Deportes,L,1,
3662,Clausura 2020,2020,clausura,10,2020-03-04,T012,Club Tijuana,T005,Tigres,3,0,3,0,Estadio Caliente,W,0,
3663,Clausura 2020,2020,clausura,10,2020-03-04,T018,Mazatlán FC,T016,Querétaro,0,2,0,2,Estadio de Mazatlán,L,0,
3664,Clausura 2020,2020,clausura,11,2020-03-11,T004,Deportivo Guadalajara,T010,Deportivo Toluca,1,2,0,1,Estadio Akron,L,0,
3665,Clausura 2020,2020,clausura,11,2020-03-11,T017,Puebla FC,T012,Xoloitzcuintles,2,3,0,2,Estadio Cuauhtémoc,L,0,
3666,Clausura 2020,2020,clausura,11,2020-03-11,T014,San Luis,T018,Mazatlán FC,3,4,3,3,Estadio Alfonso Lastras,L,0,
3667,Clausura 2020,2020,clausura,11,2020-03-11,T006,León FC,T007,UNAM Pumas,0,1,0,1,Estadio León,L,0,
3668,Clausura 2020,2020,clausura,11,2020-03-11,T008,Atlas Guadalajara,T016,Querétaro,1,4,1,3,Estadio Jalisco,L,0,
3669,Clausura 2020,2020,clausura,11,2020-03-11,T001,Cruz Azul,T011,Mazatlán FC,1,1,0,1,Estadio Ciudad de los Deportes,D,1,Antes llamado 'Monarcas Morelia' (pre-2020) — cuidado en análisis histórico
3670,Clausura 2020,2020,clausura,11,2020-03-11,T005,Tigres,T015,Necaxa,2,2,0,1,Estadio Universitario,D,0,
3671,Clausura 2020,2020,clausura,11,2020-03-11,T009,Santos Laguna,T013,Bravos de Juárez,2,1,0,1,Estadio Corona,W,0,
3672,Clausura 2020,2020,clausura,12,2020-03-18,T012,Tijuana,T001,C. Azul,0,3,0,1,Estadio Caliente,L,1,
3673,Clausura 2020,2020,clausura,12,2020-03-18,T013,Juárez,T017,Puebla FC,2,2,1,2,Estadio Olímpico Benito Juárez,D,0,
3674,Clausura 2020,2020,clausura,12,2020-03-18,T002,CF América,T010,Toluca FC,1,0,0,0,Estadio Azteca,W,0,
3675,Clausura 2020,2020,clausura,12,2020-03-18,T011,Mazatlán FC,T015,Impulsora Necaxa,2,3,1,2,Estadio Morelos,L,0,Antes llamado 'Monarcas Morelia' (pre-2020) — cuidado en análisis histórico
3676,Clausura 2020,2020,clausura,12,2020-03-18,T018,Mazatlán FC,T007,UNAM Pumas,2,4,2,3,Estadio de Mazatlán,L,0,
3677,Clausura 2020,2020,clausura,12,2020-03-18,T006,Club León,T003,Monterrey,1,4,1,1,Estadio León,L,0,
3678,Clausura 2020,2020,clausura,12,2020-03-18,T009,Santos,T008,Club Atlas,0,2,0,1,Estadio Corona,L,0,
3679,Clausura 2020,2020,clausura,12,2020-03-18,T005,Tigres,T016,Querétaro FC,2,1,1,0,Estadio Universitario,W,0,
3680,Clausura 2020,2020,clausura,13,2020-03-25,T014,San Luis,T001,C. Azul,2,2,0,0,Estadio Alfonso Lastras,D,1,
3681,Clausura 2020,2020,clausura,13,2020-03-25,T010,Deportivo Toluca,T013,Bravos de Juárez,3,2,2,1,Estadio Nemesio Díez,W,0,
3682,Clausura 2020,2020,clausura,13,2020-03-25,T017,La Franja,T003,CF Monterrey,2,0,0,0,Estadio Cuauhtémoc,W,0,
3683,Clausura 2020,2020,clausura,13,2020-03-25,T012,Tijuana,T007,UNAM Pumas,2,0,0,0,Estadio Caliente,W,0,
3684,Clausura 2020,2020,clausura,13,2020-03-25,T004,Guadalajara,T005,UANL Tigres,2,4,2,3,Estadio Akron,L,0,
3685,Clausura 2020,2020,clausura,13,2020-03-25,T015,Club Necaxa,T018,Mazatlán FC,1,4,1,2,Estadio Victoria,L,0,
3686,Clausura 2020,2020,clausura,13,2020-03-25,T011,Mazatlán FC,T009,Santos Laguna,2,4,0,4,Estadio Morelos,L,0,Antes llamado 'Monarcas Morelia' (pre-2020) — cuidado en análisis histórico
3687,Clausura 2020,2020,clausura,13,2020-03-25,T008,Club Atlas,T006,León,2,2,2,0,Estadio Jalisco,D,0,
3688,Clausura 2020,2020,clausura,14,2020-04-01,T018,Mazatlán FC,T012,Xoloitzcuintles,2,1,2,1,Estadio de Mazatlán,W,0,
3689,Clausura 2020,2020,clausura,14,2020-04-01,T010,Toluca FC,T007,Pumas,2,1,1,1,Estadio Nemesio Díez,W,0,
3690,Clausura 2020,2020,clausura,14,2020-04-01,T016,Querétaro,T006,Club León,1,1,0,1,Estadio Corregidora,D,0,
3691,Clausura 2020,2020,clausura,14,2020-04-01,T014,A. San Luis,T004,Guadalajara,3,1,1,0,Estadio Alfonso Lastras,W,0,
3692,Clausura 2020,2020,clausura,14,2020-04-01,T008,Club Atlas,T015,Impulsora Necaxa,0,4,0,0,Estadio Jalisco,L,0,
3693,Clausura 2020,2020,clausura,14,2020-04-01,T001,C. Azul,T017,Club Puebla,0,1,0,1,Estadio Ciudad de los Deportes,L,1,
3694,Clausura 2020,2020,clausura,14,2020-04-01,T005,Tigres UANL,T009,Santos,2,1,2,1,Estadio Universitario,W,0,
3695,Clausura 2020,2020,clausura,14,2020-04-01,T003,CF Monterrey,T002,CF América,2,0,2,0,Estadio BBVA,W,0,
3696,Clausura 2020,2020,clausura,15,2020-04-08,T014,San Luis,T011,Mazatlán FC,1,1,0,1,Estadio Alfonso Lastras,D,0,Antes llamado 'Monarcas Morelia' (pre-2020) — cuidado en análisis histórico
3697,Clausura 2020,2020,clausura,15,2020-04-08,T003,Monterrey,T008,Atlas Guadalajara,0,0,0,0,Estadio BBVA,D,0,
3698,Clausura 2020,2020,clausura,15,2020-04-08,T013,Bravos de Juárez,T016,Querétaro,2,4,2,0,Estadio Olímpico Benito Juárez,L,0,
3699,Clausura 2020,2020,clausura,15,2020-04-08,T012,Club Tijuana,T018,Mazatlán FC,2,2,2,2,Estadio Caliente,D,0,
3700,Clausura 2020,2020,clausura,15,2020-04-08,T017,Puebla FC,T001,C. Azul,4,0,1,0,Estadio Cuauhtémoc,W,1,
3701,Clausura 2020,2020,clausura,15,2020-04-08,T010,Toluca,T007,UNAM Pumas,4,1,3,0,Estadio Nemesio Díez,W,0,
3702,Clausura 2020,2020,clausura,15,2020-04-08,T002,América,T015,Necaxa,2,0,2,0,Estadio Azteca,W,0,
3703,Clausura 2020,2020,clausura,15,2020-04-08,T009,Santos Laguna FC,T005,UANL Tigres,0,4,0,1,Estadio Corona,L,0,
3704,Clausura 2020,2020,clausura,16,2020-04-15,T008,Atlas,T003,CF Monterrey,3,4,3,2,Estadio Jalisco,L,0,
3705,Clausura 2020,2020,clausura,16,2020-04-15,T001,Cruz Azul FC,T007,Pumas UNAM,4,2,4,2,Estadio Ciudad de los Deportes,W,1,
3706,Clausura 2020,2020,clausura,16,2020-04-15,T010,Toluca,T018,Mazatlán FC,0,1,0,0,Estadio Nemesio Díez,L,0,
3707,Clausura 2020,2020,clausura,16,2020-04-15,T004,Deportivo Guadalajara,T009,Santos Laguna FC,1,4,1,1,Estadio Akron,L,0,
3708,Clausura 2020,2020,clausura,16,2020-04-15,T014,A. San Luis,T012,Club Tijuana,0,3,0,3,Estadio Alfonso Lastras,L,0,
3709,Clausura 2020,2020,clausura,16,2020-04-15,T017,La Franja,T016,Gallos Blancos,3,2,1,0,Estadio Cuauhtémoc,W,0,
3710,Clausura 2020,2020,clausura,16,2020-04-15,T005,Tigres UANL,T013,Juárez,1,4,1,3,Estadio Universitario,L,0,
3711,Clausura 2020,2020,clausura,16,2020-04-15,T002,América,T006,León,1,1,1,0,Estadio Azteca,D,0,
3712,Clausura 2020,2020,clausura,17,2020-04-22,T013,Bravos de Juárez,T018,Mazatlán FC,1,2,1,2,Estadio Olímpico Benito Juárez,L,0,
3713,Clausura 2020,2020,clausura,17,2020-04-22,T010,Toluca,T003,Monterrey,1,0,0,0,Estadio Nemesio Díez,W,0,
3714,Clausura 2020,2020,clausura,17,2020-04-22,T005,Tigres,T007,UNAM Pumas,0,2,0,1,Estadio Universitario,L,0,
3715,Clausura 2020,2020,clausura,17,2020-04-22,T002,CF América,T001,Cruz Azul,1,1,0,1,Estadio Azteca,D,1,
3716,Clausura 2020,2020,clausura,17,2020-04-22,T016,Gallos Blancos,T012,Club Tijuana,1,0,1,0,Estadio Corregidora,W,0,
3717,Clausura 2020,2020,clausura,17,2020-04-22,T009,Santos Laguna,T014,Atlético San Luis,3,2,3,0,Estadio Corona,W,0,
3718,Clausura 2020,2020,clausura,17,2020-04-22,T006,Club León,T017,Club Puebla,1,2,0,0,Estadio León,L,0,
3719,Clausura 2020,2020,clausura,17,2020-04-22,T004,Chivas,T008,Atlas,1,1,1,1,Estadio Akron,D,0,
3720,Apertura 2020,2020,apertura,1,2020-07-01,T009,Santos Laguna,T015,Club Necaxa,1,1,0,0,Estadio Corona,D,0,
3721,Apertura 2020,2020,apertura,1,2020-07-01,T003,CF Monterrey,T018,Mazatlán FC,4,4,4,1,Estadio BBVA,D,0,
3722,Apertura 2020,2020,apertura,1,2020-07-01,T004,Deportivo Guadalajara,T006,Club León,2,2,0,2,Estadio Akron,D,0,
3723,Apertura 2020,2020,apertura,1,2020-07-01,T013,Bravos de Juárez,T014,A. San Luis,1,3,1,0,Estadio Olímpico Benito Juárez,L,0,
3724,Apertura 2020,2020,apertura,1,2020-07-01,T010,Toluca,T011,Mazatlán FC,1,2,0,2,Estadio Nemesio Díez,L,0,Antes llamado 'Monarcas Morelia' (pre-2020) — cuidado en análisis histórico
3725,Apertura 2020,2020,apertura,1,2020-07-01,T005,UANL Tigres,T017,Puebla FC,0,2,0,2,Estadio Universitario,L,0,
3726,Apertura 2020,2020,apertura,1,2020-07-01,T007,Pumas,T001,C. Azul,3,1,0,0,Estadio Olímpico Universitario,W,1,
3727,Apertura 2020,2020,apertura,1,2020-07-01,T002,Club América,T012,Tijuana,1,0,1,0,Estadio Azteca,W,0,
3728,Apertura 2020,2020,apertura,2,2020-07-08,T007,UNAM Pumas,T001,C. Azul,2,0,2,0,Estadio Olímpico Universitario,W,1,
3729,Apertura 2020,2020,apertura,2,2020-07-08,T011,Mazatlán FC,T015,Impulsora Necaxa,2,1,0,0,Estadio Morelos,W,0,Antes llamado 'Monarcas Morelia' (pre-2020) — cuidado en análisis histórico
3730,Apertura 2020,2020,apertura,2,2020-07-08,T002,Club América,T005,Tigres,0,0,0,0,Estadio Azteca,D,0,
3731,Apertura 2020,2020,apertura,2,2020-07-08,T014,A. San Luis,T009,Santos Laguna,1,0,0,0,Estadio Alfonso Lastras,W,0,
3732,Apertura 2020,2020,apertura,2,2020-07-08,T003,Rayados,T018,Mazatlán FC,3,2,2,2,Estadio BBVA,W,0,
3733,Apertura 2020,2020,apertura,2,2020-07-08,T008,Atlas,T013,Bravos de Juárez,1,1,1,1,Estadio Jalisco,D,0,
3734,Apertura 2020,2020,apertura,2,2020-07-08,T010,Deportivo Toluca,T006,Club León,3,2,0,2,Estadio Nemesio Díez,W,0,
3735,Apertura 2020,2020,apertura,2,2020-07-08,T012,Club Tijuana,T016,Gallos Blancos,0,1,0,1,Estadio Caliente,L,0,
3736,Apertura 2020,2020,apertura,3,2020-07-15,T004,Chivas,T006,León,0,2,0,0,Estadio Akron,L,0,
3737,Apertura 2020,2020,apertura,3,2020-07-15,T018,Mazatlán FC,T013,FC Juárez,4,1,0,1,Estadio de Mazatlán,W,0,
3738,Apertura 2020,2020,apertura,3,2020-07-15,T007,Pumas UNAM,T005,UANL Tigres,1,4,0,1,Estadio Olímpico Universitario,L,0,
3739,Apertura 2020,2020,apertura,3,2020-07-15,T010,Deportivo Toluca,T003,CF Monterrey,2,0,0,0,Estadio Nemesio Díez,W,0,
3740,Apertura 2020,2020,apertura,3,2020-07-15,T016,Querétaro,T014,San Luis,2,1,1,1,Estadio Corregidora,W,0,
3741,Apertura 2020,2020,apertura,3,2020-07-15,T017,Club Puebla,T009,Santos Laguna,0,1,0,1,Estadio Cuauhtémoc,L,0,
3742,Apertura 2020,2020,apertura,3,2020-07-15,T002,América,T012,Xoloitzcuintles,1,2,1,1,Estadio Azteca,L,0,
3743,Apertura 2020,2020,apertura,3,2020-07-15,T001,C. Azul,T008,Atlas Guadalajara,2,1,0,1,Estadio Ciudad de los Deportes,W,1,
3744,Apertura 2020,2020,apertura,4,2020-07-22,T018,Mazatlán FC,T001,Cruz Azul,1,2,0,2,Estadio de Mazatlán,L,1,
3745,Apertura 2020,2020,apertura,4,2020-07-22,T013,Juárez,T008,Atlas,0,0,0,0,Estadio Olímpico Benito Juárez,D,0,
3746,Apertura 2020,2020,apertura,4,2020-07-22,T006,Club León,T004,Guadalajara,2,4,0,4,Estadio León,L,0,
3747,Apertura 2020,2020,apertura,4,2020-07-22,T011,Mazatlán FC,T015,Impulsora Necaxa,1,1,1,0,Estadio Morelos,D,0,Antes llamado 'Monarcas Morelia' (pre-2020) — cuidado en análisis histórico
3748,Apertura 2020,2020,apertura,4,2020-07-22,T010,Toluca FC,T003,CF Monterrey,2,2,0,0,Estadio Nemesio Díez,D,0,
3749,Apertura 2020,2020,apertura,4,2020-07-22,T017,Puebla FC,T005,UANL Tigres,1,2,0,2,Estadio Cuauhtémoc,L,0,
3750,Apertura 2020,2020,apertura,4,2020-07-22,T012,Tijuana,T007,Pumas,2,0,1,0,Estadio Caliente,W,0,
3751,Apertura 2020,2020,apertura,4,2020-07-22,T002,Club América,T016,Gallos Blancos,3,1,2,1,Estadio Azteca,W,0,
3752,Apertura 2020,2020,apertura,5,2020-07-29,T011,Mazatlán FC,T018,Mazatlán FC,1,2,1,0,Estadio Morelos,L,0,Antes llamado 'Monarcas Morelia' (pre-2020) — cuidado en análisis histórico
3753,Apertura 2020,2020,apertura,5,2020-07-29,T009,Santos Laguna,T007,Pumas,3,2,3,0,Estadio Corona,W,0,
3754,Apertura 2020,2020,apertura,5,2020-07-29,T001,Cruz Azul FC,T013,Bravos de Juárez,1,4,0,1,Estadio Ciudad de los Deportes,L,1,
3755,Apertura 2020,2020,apertura,5,2020-07-29,T004,Deportivo Guadalajara,T002,América,0,1,0,0,Estadio Akron,L,0,
3756,Apertura 2020,2020,apertura,5,2020-07-29,T014,A. San Luis,T008,Atlas Guadalajara,1,3,1,0,Estadio Alfonso Lastras,L,0,
3757,Apertura 2020,2020,apertura,5,2020-07-29,T017,Puebla FC,T005,Tigres UANL,0,4,0,0,Estadio Cuauhtémoc,L,0,
3758,Apertura 2020,2020,apertura,5,2020-07-29,T003,Rayados,T010,Deportivo Toluca,1,2,0,1,Estadio BBVA,L,0,
3759,Apertura 2020,2020,apertura,5,2020-07-29,T012,Club Tijuana,T016,Querétaro,0,0,0,0,Estadio Caliente,D,0,
3760,Apertura 2020,2020,apertura,6,2020-08-05,T001,C. Azul,T013,FC Juárez,0,3,0,2,Estadio Ciudad de los Deportes,L,1,
3761,Apertura 2020,2020,apertura,6,2020-08-05,T012,Tijuana,T018,Mazatlán FC,0,1,0,0,Estadio Caliente,L,0,
3762,Apertura 2020,2020,apertura,6,2020-08-05,T002,CF América,T014,San Luis,4,1,4,0,Estadio Azteca,W,0,
3763,Apertura 2020,2020,apertura,6,2020-08-05,T008,Club Atlas,T015,Necaxa,1,2,1,1,Estadio Jalisco,L,0,
3764,Apertura 2020,2020,apertura,6,2020-08-05,T010,Toluca FC,T005,Tigres,2,0,0,0,Estadio Nemesio Díez,W,0,
3765,Apertura 2020,2020,apertura,6,2020-08-05,T009,Santos,T003,Rayados,2,0,2,0,Estadio Corona,W,0,
3766,Apertura 2020,2020,apertura,6,2020-08-05,T016,Gallos Blancos,T006,León,0,1,0,0,Estadio Corregidora,L,0,
3767,Apertura 2020,2020,apertura,6,2020-08-05,T017,Club Puebla,T007,UNAM Pumas,2,2,2,1,Estadio Cuauhtémoc,D,0,
3768,Apertura 2020,2020,apertura,7,2020-08-12,T018,Mazatlán FC,T016,Querétaro,0,4,0,2,Estadio de Mazatlán,L,0,
3769,Apertura 2020,2020,apertura,7,2020-08-12,T008,Atlas,T012,Club Tijuana,3,2,1,2,Estadio Jalisco,W,0,
3770,Apertura 2020,2020,apertura,7,2020-08-12,T013,FC Juárez,T014,A. San Luis,4,0,3,0,Estadio Olímpico Benito Juárez,W,0,
3771,Apertura 2020,2020,apertura,7,2020-08-12,T015,Club Necaxa,T006,León FC,1,3,1,1,Estadio Victoria,L,0,
3772,Apertura 2020,2020,apertura,7,2020-08-12,T007,Pumas UNAM,T005,UANL Tigres,1,2,1,0,Estadio Olímpico Universitario,L,0,
3773,Apertura 2020,2020,apertura,7,2020-08-12,T009,Santos Laguna,T001,Cruz Azul FC,1,0,0,0,Estadio Corona,W,1,
3774,Apertura 2020,2020,apertura,7,2020-08-12,T003,Rayados,T017,La Franja,0,1,0,1,Estadio BBVA,L,0,
3775,Apertura 2020,2020,apertura,7,2020-08-12,T002,Club América,T011,Mazatlán FC,0,2,0,2,Estadio Azteca,L,0,Antes llamado 'Monarcas Morelia' (pre-2020) — cuidado en análisis histórico
3776,Apertura 2020,2020,apertura,8,2020-08-19,T015,Club Necaxa,T001,C. Azul,4,1,0,1,Estadio Victoria,W,1,
3777,Apertura 2020,2020,apertura,8,2020-08-19,T010,Toluca,T002,Club América,0,1,0,1,Estadio Nemesio Díez,L,0,
3778,Apertura 2020,2020,apertura,8,2020-08-19,T016,Querétaro FC,T006,León FC,0,2,0,1,Estadio Corregidora,L,0,
3779,Apertura 2020,2020,apertura,8,2020-08-19,T009,Santos,T014,San Luis,2,0,2,0,Estadio Corona,W,0,
3780,Apertura 2020,2020,apertura,8,2020-08-19,T004,Chivas,T003,Monterrey,1,0,1,0,Estadio Akron,W,0,
3781,Apertura 2020,2020,apertura,8,2020-08-19,T012,Tijuana,T008,Club Atlas,2,1,1,0,Estadio Caliente,W,0,
3782,Apertura 2020,2020,apertura,8,2020-08-19,T007,Pumas,T013,FC Juárez,0,0,0,0,Estadio Olímpico Universitario,D,0,
3783,Apertura 2020,2020,apertura,8,2020-08-19,T017,La Franja,T011,Mazatlán FC,2,1,2,1,Estadio Cuauhtémoc,W,0,Antes llamado 'Monarcas Morelia' (pre-2020) — cuidado en análisis histórico
3784,Apertura 2020,2020,apertura,9,2020-08-26,T015,Necaxa,T008,Club Atlas,4,3,0,3,Estadio Victoria,W,0,
3785,Apertura 2020,2020,apertura,9,2020-08-26,T012,Tijuana,T005,Tigres,2,0,2,0,Estadio Caliente,W,0,
3786,Apertura 2020,2020,apertura,9,2020-08-26,T002,Club América,T011,Mazatlán FC,0,1,0,0,Estadio Azteca,L,0,Antes llamado 'Monarcas Morelia' (pre-2020) — cuidado en análisis histórico
3787,Apertura 2020,2020,apertura,9,2020-08-26,T001,Cruz Azul FC,T007,UNAM Pumas,0,4,0,1,Estadio Ciudad de los Deportes,L,1,
3788,Apertura 2020,2020,apertura,9,2020-08-26,T006,Club León,T004,Chivas,2,1,2,0,Estadio León,W,0,
3789,Apertura 2020,2020,apertura,9,2020-08-26,T016,Querétaro,T014,A. San Luis,0,4,0,0,Estadio Corregidora,L,0,
3790,Apertura 2020,2020,apertura,9,2020-08-26,T013,Bravos de Juárez,T017,Club Puebla,3,1,1,0,Estadio Olímpico Benito Juárez,W,0,
3791,Apertura 2020,2020,apertura,9,2020-08-26,T018,Mazatlán FC,T009,Santos,2,4,0,1,Estadio de Mazatlán,L,0,
3792,Apertura 2020,2020,apertura,10,2020-09-02,T005,Tigres,T013,Bravos de Juárez,1,0,1,0,Estadio Universitario,W,0,
3793,Apertura 2020,2020,apertura,10,2020-09-02,T003,Rayados,T001,C. Azul,2,0,0,0,Estadio BBVA,W,1,
3794,Apertura 2020,2020,apertura,10,2020-09-02,T007,Pumas,T012,Xoloitzcuintles,1,1,1,1,Estadio Olímpico Universitario,D,0,
3795,Apertura 2020,2020,apertura,10,2020-09-02,T018,Mazatlán FC,T017,Club Puebla,1,1,1,0,Estadio de Mazatlán,D,0,
3796,Apertura 2020,2020,apertura,10,2020-09-02,T010,Deportivo Toluca,T008,Club Atlas,0,2,0,2,Estadio Nemesio Díez,L,0,
3797,Apertura 2020,2020,apertura,10,2020-09-02,T004,Chivas,T014,San Luis,2,2,1,2,Estadio Akron,D,0,
3798,Apertura 2020,2020,apertura,10,2020-09-02,T009,Santos,T015,Impulsora Necaxa,1,4,0,1,Estadio Corona,L,0,
3799,Apertura 2020,2020,apertura,10,2020-09-02,T006,León FC,T016,Gallos Blancos,1,0,0,0,Estadio León,W,0,
3800,Apertura 2020,2020,apertura,11,2020-09-09,T014,Atlético San Luis,T004,Guadalajara,3,0,1,0,Estadio Alfonso Lastras,W,0,
3801,Apertura 2020,2020,apertura,11,2020-09-09,T010,Toluca,T017,Club Puebla,1,1,0,1,Estadio Nemesio Díez,D,0,
3802,Apertura 2020,2020,apertura,11,2020-09-09,T012,Tijuana,T018,Mazatlán FC,4,4,0,3,Estadio Caliente,D,0,
3803,Apertura 2020,2020,apertura,11,2020-09-09,T008,Atlas Guadalajara,T009,Santos,1,1,0,0,Estadio Jalisco,D,0,
3804,Apertura 2020,2020,apertura,11,2020-09-09,T013,Juárez,T003,CF Monterrey,1,2,0,2,Estadio Olímpico Benito Juárez,L,0,
3805,Apertura 2020,2020,apertura,11,2020-09-09,T007,Pumas,T006,León,2,0,2,0,Estadio Olímpico Universitario,W,0,
3806,Apertura 2020,2020,apertura,11,2020-09-09,T011,Mazatlán FC,T002,América,1,0,1,0,Estadio Morelos,W,0,Antes llamado 'Monarcas Morelia' (pre-2020) — cuidado en análisis histórico
3807,Apertura 2020,2020,apertura,11,2020-09-09,T001,C. Azul,T015,Club Necaxa,2,1,2,0,Estadio Ciudad de los Deportes,W,1,
3808,Apertura 2020,2020,apertura,12,2020-09-16,T016,Gallos Blancos,T007,Pumas,0,0,0,0,Estadio Corregidora,D,0,
3809,Apertura 2020,2020,apertura,12,2020-09-16,T003,Rayados,T009,Santos,3,1,0,1,Estadio BBVA,W,0,
3810,Apertura 2020,2020,apertura,12,2020-09-16,T015,Necaxa,T011,Mazatlán FC,2,3,2,0,Estadio Victoria,L,0,Antes llamado 'Monarcas Morelia' (pre-2020) — cuidado en análisis histórico
3811,Apertura 2020,2020,apertura,12,2020-09-16,T018,Mazatlán FC,T001,Cruz Azul FC,4,0,3,0,Estadio de Mazatlán,W,1,
3812,Apertura 2020,2020,apertura,12,2020-09-16,T002,Club América,T012,Club Tijuana,1,0,1,0,Estadio Azteca,W,0,
3813,Apertura 2020,2020,apertura,12,2020-09-16,T010,Toluca FC,T008,Atlas,3,0,0,0,Estadio Nemesio Díez,W,0,
3814,Apertura 2020,2020,apertura,12,2020-09-16,T005,UANL Tigres,T004,Guadalajara,1,1,0,1,Estadio Universitario,D,0,
3815,Apertura 2020,2020,apertura,12,2020-09-16,T006,León FC,T017,Puebla FC,1,1,1,0,Estadio León,D,0,
3816,Apertura 2020,2020,apertura,13,2020-09-23,T016,Querétaro,T017,Puebla FC,0,0,0,0,Estadio Corregidora,D,0,
3817,Apertura 2020,2020,apertura,13,2020-09-23,T012,Club Tijuana,T003,CF Monterrey,1,1,1,0,Estadio Caliente,D,0,
3818,Apertura 2020,2020,apertura,13,2020-09-23,T006,León FC,T015,Impulsora Necaxa,4,0,2,0,Estadio León,W,0,
3819,Apertura 2020,2020,apertura,13,2020-09-23,T014,Atlético San Luis,T018,Mazatlán FC,1,0,1,0,Estadio Alfonso Lastras,W,0,
3820,Apertura 2020,2020,apertura,13,2020-09-23,T008,Atlas,T013,Bravos de Juárez,2,3,2,1,Estadio Jalisco,L,0,
3821,Apertura 2020,2020,apertura,13,2020-09-23,T011,Mazatlán FC,T002,América,0,0,0,0,Estadio Morelos,D,0,Antes llamado 'Monarcas Morelia' (pre-2020) — cuidado en análisis histórico
3822,Apertura 2020,2020,apertura,13,2020-09-23,T001,C. Azul,T009,Santos Laguna FC,1,2,0,0,Estadio Ciudad de los Deportes,L,1,
3823,Apertura 2020,2020,apertura,13,2020-09-23,T004,Chivas,T007,UNAM Pumas,1,3,0,1,Estadio Akron,L,0,
3824,Apertura 2020,2020,apertura,14,2020-09-30,T017,Club Puebla,T008,Club Atlas,2,2,2,0,Estadio Cuauhtémoc,D,0,
3825,Apertura 2020,2020,apertura,14,2020-09-30,T014,Atlético San Luis,T015,Necaxa,2,2,0,1,Estadio Alfonso Lastras,D,0,
3826,Apertura 2020,2020,apertura,14,2020-09-30,T001,C. Azul,T011,Mazatlán FC,2,0,0,0,Estadio Ciudad de los Deportes,W,1,Antes llamado 'Monarcas Morelia' (pre-2020) — cuidado en análisis histórico
3827,Apertura 2020,2020,apertura,14,2020-09-30,T003,Rayados,T016,Querétaro,1,1,1,0,Estadio BBVA,D,0,
3828,Apertura 2020,2020,apertura,14,2020-09-30,T004,Guadalajara,T007,Pumas UNAM,3,4,2,4,Estadio Akron,L,0,
3829,Apertura 2020,2020,apertura,14,2020-09-30,T010,Toluca FC,T012,Club Tijuana,1,0,0,0,Estadio Nemesio Díez,W,0,
3830,Apertura 2020,2020,apertura,14,2020-09-30,T005,UANL Tigres,T009,Santos Laguna FC,2,0,2,0,Estadio Universitario,W,0,
3831,Apertura 2020,2020,apertura,14,2020-09-30,T018,Mazatlán FC,T006,León FC,1,0,1,0,Estadio de Mazatlán,W,0,
3832,Apertura 2020,2020,apertura,15,2020-10-07,T006,León FC,T009,Santos Laguna,3,1,3,1,Estadio León,W,0,
3833,Apertura 2020,2020,apertura,15,2020-10-07,T011,Mazatlán FC,T014,San Luis,1,4,1,4,Estadio Morelos,L,0,Antes llamado 'Monarcas Morelia' (pre-2020) — cuidado en análisis histórico
3834,Apertura 2020,2020,apertura,15,2020-10-07,T017,Club Puebla,T004,Chivas,3,0,0,0,Estadio Cuauhtémoc,W,0,
3835,Apertura 2020,2020,apertura,15,2020-10-07,T010,Deportivo Toluca,T008,Atlas,3,1,0,1,Estadio Nemesio Díez,W,0,
3836,Apertura 2020,2020,apertura,15,2020-10-07,T007,UNAM Pumas,T016,Gallos Blancos,1,2,0,2,Estadio Olímpico Universitario,L,0,
3837,Apertura 2020,2020,apertura,15,2020-10-07,T012,Xoloitzcuintles,T001,Cruz Azul FC,3,3,3,0,Estadio Caliente,D,1,
3838,Apertura 2020,2020,apertura,15,2020-10-07,T013,FC Juárez,T002,Club América,2,2,0,2,Estadio Olímpico Benito Juárez,D,0,
3839,Apertura 2020,2020,apertura,15,2020-10-07,T015,Impulsora Necaxa,T018,Mazatlán FC,3,4,1,4,Estadio Victoria,L,0,
3840,Apertura 2020,2020,apertura,16,2020-10-14,T004,Deportivo Guadalajara,T014,Atlético San Luis,2,1,0,1,Estadio Akron,W,0,
3841,Apertura 2020,2020,apertura,16,2020-10-14,T010,Toluca,T002,Club América,1,0,0,0,Estadio Nemesio Díez,W,0,
3842,Apertura 2020,2020,apertura,16,2020-10-14,T012,Club Tijuana,T007,Pumas,1,0,1,0,Estadio Caliente,W,0,
3843,Apertura 2020,2020,apertura,16,2020-10-14,T013,Juárez,T009,Santos Laguna,0,3,0,2,Estadio Olímpico Benito Juárez,L,0,
3844,Apertura 2020,2020,apertura,16,2020-10-14,T008,Atlas Guadalajara,T005,UANL Tigres,1,3,0,1,Estadio Jalisco,L,0,
3845,Apertura 2020,2020,apertura,16,2020-10-14,T001,Cruz Azul FC,T017,Club Puebla,1,4,1,3,Estadio Ciudad de los Deportes,L,1,
3846,Apertura 2020,2020,apertura,16,2020-10-14,T018,Mazatlán FC,T006,Club León,4,4,1,4,Estadio de Mazatlán,D,0,
3847,Apertura 2020,2020,apertura,16,2020-10-14,T016,Querétaro,T015,Necaxa,3,4,2,0,Estadio Corregidora,L,0,
3848,Apertura 2020,2020,apertura,17,2020-10-21,T018,Mazatlán FC,T004,Deportivo Guadalajara,3,2,1,1,Estadio de Mazatlán,W,0,
3849,Apertura 2020,2020,apertura,17,2020-10-21,T014,Atlético San Luis,T003,Monterrey,2,3,2,0,Estadio Alfonso Lastras,L,0,
3850,Apertura 2020,2020,apertura,17,2020-10-21,T015,Impulsora Necaxa,T016,Querétaro,2,1,1,1,Estadio Victoria,W,0,
3851,Apertura 2020,2020,apertura,17,2020-10-21,T011,Mazatlán FC,T009,Santos Laguna,1,1,1,0,Estadio Morelos,D,0,Antes llamado 'Monarcas Morelia' (pre-2020) — cuidado en análisis histórico
3852,Apertura 2020,2020,apertura,17,2020-10-21,T005,Tigres,T012,Xoloitzcuintles,1,3,1,3,Estadio Universitario,L,0,
3853,Apertura 2020,2020,apertura,17,2020-10-21,T013,Bravos de Juárez,T001,Cruz Azul,1,1,1,1,Estadio Olímpico Benito Juárez,D,1,
3854,Apertura 2020,2020,apertura,17,2020-10-21,T017,Puebla FC,T008,Club Atlas,2,1,1,0,Estadio Cuauhtémoc,W,0,
3855,Apertura 2020,2020,apertura,17,2020-10-21,T010,Deportivo Toluca,T007,Pumas,1,3,0,3,Estadio Nemesio Díez,L,0,
3856,Clausura 2021,2021,clausura,1,2021-01-01,T004,Guadalajara,T015,Necaxa,0,1,0,0,Estadio Akron,L,0,
3857,Clausura 2021,2021,clausura,1,2021-01-01,T008,Atlas Guadalajara,T018,Mazatlán FC,1,1,0,0,Estadio Jalisco,D,0,
3858,Clausura 2021,2021,clausura,1,2021-01-01,T017,La Franja,T010,Toluca FC,1,1,0,1,Estadio Cuauhtémoc,D,0,
3859,Clausura 2021,2021,clausura,1,2021-01-01,T012,Xoloitzcuintles,T016,Querétaro,1,2,0,1,Estadio Caliente,L,0,
3860,Clausura 2021,2021,clausura,1,2021-01-01,T001,C. Azul,T011,Mazatlán FC,1,0,1,0,Estadio Ciudad de los Deportes,W,1,Antes llamado 'Monarcas Morelia' (pre-2020) — cuidado en análisis histórico
3861,Clausura 2021,2021,clausura,1,2021-01-01,T007,Pumas UNAM,T002,CF América,1,1,1,1,Estadio Olímpico Universitario,D,0,
3862,Clausura 2021,2021,clausura,1,2021-01-01,T003,Monterrey,T014,San Luis,3,2,3,1,Estadio BBVA,W,0,
3863,Clausura 2021,2021,clausura,1,2021-01-01,T013,Bravos de Juárez,T006,León,2,1,1,1,Estadio Olímpico Benito Juárez,W,0,
3864,Clausura 2021,2021,clausura,2,2021-01-08,T002,CF América,T018,Mazatlán FC,4,2,2,2,Estadio Azteca,W,0,
3865,Clausura 2021,2021,clausura,2,2021-01-08,T007,UNAM Pumas,T017,Club Puebla,4,1,1,1,Estadio Olímpico Universitario,W,0,
3866,Clausura 2021,2021,clausura,2,2021-01-08,T005,UANL Tigres,T014,San Luis,1,2,1,1,Estadio Universitario,L,0,
3867,Clausura 2021,2021,clausura,2,2021-01-08,T006,León FC,T016,Querétaro FC,1,0,1,0,Estadio León,W,0,
3868,Clausura 2021,2021,clausura,2,2021-01-08,T001,C. Azul,T004,Chivas,0,4,0,4,Estadio Ciudad de los Deportes,L,1,
3869,Clausura 2021,2021,clausura,2,2021-01-08,T008,Atlas Guadalajara,T010,Deportivo Toluca,3,2,3,0,Estadio Jalisco,W,0,
3870,Clausura 2021,2021,clausura,2,2021-01-08,T009,Santos Laguna,T015,Impulsora Necaxa,2,2,0,1,Estadio Corona,D,0,
3871,Clausura 2021,2021,clausura,2,2021-01-08,T011,Mazatlán FC,T012,Club Tijuana,2,3,2,3,Estadio Morelos,L,0,Antes llamado 'Monarcas Morelia' (pre-2020) — cuidado en análisis histórico
3872,Clausura 2021,2021,clausura,3,2021-01-15,T015,Impulsora Necaxa,T008,Atlas Guadalajara,3,1,3,1,Estadio Victoria,W,0,
3873,Clausura 2021,2021,clausura,3,2021-01-15,T010,Toluca,T013,FC Juárez,1,0,0,0,Estadio Nemesio Díez,W,0,
3874,Clausura 2021,2021,clausura,3,2021-01-15,T016,Querétaro,T001,Cruz Azul FC,2,2,2,1,Estadio Corregidora,D,1,
3875,Clausura 2021,2021,clausura,3,2021-01-15,T012,Club Tijuana,T005,UANL Tigres,0,2,0,2,Estadio Caliente,L,0,
3876,Clausura 2021,2021,clausura,3,2021-01-15,T018,Mazatlán FC,T007,Pumas UNAM,1,0,1,0,Estadio de Mazatlán,W,0,
3877,Clausura 2021,2021,clausura,3,2021-01-15,T017,Puebla FC,T002,CF América,1,1,0,0,Estadio Cuauhtémoc,D,0,
3878,Clausura 2021,2021,clausura,3,2021-01-15,T011,Mazatlán FC,T004,Guadalajara,3,3,1,2,Estadio Morelos,D,0,Antes llamado 'Monarcas Morelia' (pre-2020) — cuidado en análisis histórico
3879,Clausura 2021,2021,clausura,3,2021-01-15,T009,Santos,T014,San Luis,2,2,2,0,Estadio Corona,D,0,
3880,Clausura 2021,2021,clausura,4,2021-01-22,T010,Toluca FC,T012,Xoloitzcuintles,3,2,3,2,Estadio Nemesio Díez,W,0,
3881,Clausura 2021,2021,clausura,4,2021-01-22,T014,A. San Luis,T015,Club Necaxa,0,1,0,1,Estadio Alfonso Lastras,L,0,
3882,Clausura 2021,2021,clausura,4,2021-01-22,T006,León FC,T011,Mazatlán FC,0,0,0,0,Estadio León,D,0,Antes llamado 'Monarcas Morelia' (pre-2020) — cuidado en análisis histórico
3883,Clausura 2021,2021,clausura,4,2021-01-22,T018,Mazatlán FC,T004,Chivas,1,1,1,0,Estadio de Mazatlán,D,0,
3884,Clausura 2021,2021,clausura,4,2021-01-22,T017,Club Puebla,T005,Tigres,3,0,0,0,Estadio Cuauhtémoc,W,0,
3885,Clausura 2021,2021,clausura,4,2021-01-22,T001,Cruz Azul FC,T002,CF América,0,3,0,2,Estadio Ciudad de los Deportes,L,1,
3886,Clausura 2021,2021,clausura,4,2021-01-22,T013,Juárez,T016,Querétaro,2,3,1,1,Estadio Olímpico Benito Juárez,L,0,
3887,Clausura 2021,2021,clausura,4,2021-01-22,T008,Atlas Guadalajara,T003,Rayados,1,1,0,0,Estadio Jalisco,D,0,
3888,Clausura 2021,2021,clausura,5,2021-01-29,T016,Gallos Blancos,T004,Guadalajara,0,0,0,0,Estadio Corregidora,D,0,
3889,Clausura 2021,2021,clausura,5,2021-01-29,T002,Club América,T007,Pumas,0,0,0,0,Estadio Azteca,D,0,
3890,Clausura 2021,2021,clausura,5,2021-01-29,T015,Necaxa,T014,San Luis,0,0,0,0,Estadio Victoria,D,0,
3891,Clausura 2021,2021,clausura,5,2021-01-29,T006,León FC,T005,Tigres UANL,1,4,0,3,Estadio León,L,0,
3892,Clausura 2021,2021,clausura,5,2021-01-29,T012,Club Tijuana,T013,Bravos de Juárez,1,0,0,0,Estadio Caliente,W,0,
3893,Clausura 2021,2021,clausura,5,2021-01-29,T003,CF Monterrey,T017,Puebla FC,1,1,0,1,Estadio BBVA,D,0,
3894,Clausura 2021,2021,clausura,5,2021-01-29,T001,Cruz Azul FC,T018,Mazatlán FC,2,1,0,1,Estadio Ciudad de los Deportes,W,1,
3895,Clausura 2021,2021,clausura,5,2021-01-29,T009,Santos Laguna,T010,Deportivo Toluca,3,4,2,1,Estadio Corona,L,0,
3896,Clausura 2021,2021,clausura,6,2021-02-05,T004,Deportivo Guadalajara,T017,Puebla FC,3,3,1,2,Estadio Akron,D,0,
3897,Clausura 2021,2021,clausura,6,2021-02-05,T001,C. Azul,T002,Club América,4,0,3,0,Estadio Ciudad de los Deportes,W,1,
3898,Clausura 2021,2021,clausura,6,2021-02-05,T006,León FC,T015,Club Necaxa,2,0,0,0,Estadio León,W,0,
3899,Clausura 2021,2021,clausura,6,2021-02-05,T013,Juárez,T016,Gallos Blancos,1,1,0,1,Estadio Olímpico Benito Juárez,D,0,
3900,Clausura 2021,2021,clausura,6,2021-02-05,T009,Santos Laguna,T014,Atlético San Luis,3,2,2,0,Estadio Corona,W,0,
3901,Clausura 2021,2021,clausura,6,2021-02-05,T003,CF Monterrey,T018,Mazatlán FC,3,3,1,0,Estadio BBVA,D,0,
3902,Clausura 2021,2021,clausura,6,2021-02-05,T010,Toluca,T005,Tigres UANL,2,0,0,0,Estadio Nemesio Díez,W,0,
3903,Clausura 2021,2021,clausura,6,2021-02-05,T012,Club Tijuana,T007,UNAM Pumas,0,4,0,1,Estadio Caliente,L,0,
3904,Clausura 2021,2021,clausura,7,2021-02-12,T014,San Luis,T017,Club Puebla,1,1,1,0,Estadio Alfonso Lastras,D,0,
3905,Clausura 2021,2021,clausura,7,2021-02-12,T011,Mazatlán FC,T002,CF América,2,2,1,2,Estadio Morelos,D,0,Antes llamado 'Monarcas Morelia' (pre-2020) — cuidado en análisis histórico
3906,Clausura 2021,2021,clausura,7,2021-02-12,T012,Tijuana,T008,Atlas Guadalajara,2,1,2,1,Estadio Caliente,W,0,
3907,Clausura 2021,2021,clausura,7,2021-02-12,T015,Necaxa,T003,Monterrey,3,2,2,1,Estadio Victoria,W,0,
3908,Clausura 2021,2021,clausura,7,2021-02-12,T010,Deportivo Toluca,T001,Cruz Azul,1,2,1,1,Estadio Nemesio Díez,L,1,
3909,Clausura 2021,2021,clausura,7,2021-02-12,T013,Juárez,T004,Deportivo Guadalajara,1,1,1,0,Estadio Olímpico Benito Juárez,D,0,
3910,Clausura 2021,2021,clausura,7,2021-02-12,T006,León FC,T005,Tigres UANL,0,2,0,0,Estadio León,L,0,
3911,Clausura 2021,2021,clausura,7,2021-02-12,T009,Santos Laguna FC,T007,Pumas UNAM,1,0,1,0,Estadio Corona,W,0,
3912,Clausura 2021,2021,clausura,8,2021-02-19,T013,Bravos de Juárez,T006,León FC,0,2,0,0,Estadio Olímpico Benito Juárez,L,0,
3913,Clausura 2021,2021,clausura,8,2021-02-19,T014,Atlético San Luis,T016,Querétaro FC,2,4,1,2,Estadio Alfonso Lastras,L,0,
3914,Clausura 2021,2021,clausura,8,2021-02-19,T010,Deportivo Toluca,T001,Cruz Azul FC,4,1,2,0,Estadio Nemesio Díez,W,1,
3915,Clausura 2021,2021,clausura,8,2021-02-19,T017,Club Puebla,T008,Atlas,3,1,1,0,Estadio Cuauhtémoc,W,0,
3916,Clausura 2021,2021,clausura,8,2021-02-19,T015,Necaxa,T018,Mazatlán FC,1,3,0,1,Estadio Victoria,L,0,
3917,Clausura 2021,2021,clausura,8,2021-02-19,T009,Santos,T007,UNAM Pumas,2,1,1,0,Estadio Corona,W,0,
3918,Clausura 2021,2021,clausura,8,2021-02-19,T002,América,T012,Xoloitzcuintles,2,0,0,0,Estadio Azteca,W,0,
3919,Clausura 2021,2021,clausura,8,2021-02-19,T005,Tigres UANL,T011,Mazatlán FC,1,0,1,0,Estadio Universitario,W,0,Antes llamado 'Monarcas Morelia' (pre-2020) — cuidado en análisis histórico
3920,Clausura 2021,2021,clausura,9,2021-02-26,T006,León,T008,Atlas Guadalajara,2,2,0,2,Estadio León,D,0,
3921,Clausura 2021,2021,clausura,9,2021-02-26,T002,América,T018,Mazatlán FC,1,0,0,0,Estadio Azteca,W,0,
3922,Clausura 2021,2021,clausura,9,2021-02-26,T007,UNAM Pumas,T001,C. Azul,2,4,0,2,Estadio Olímpico Universitario,L,1,
3923,Clausura 2021,2021,clausura,9,2021-02-26,T015,Club Necaxa,T017,La Franja,2,2,2,0,Estadio Victoria,D,0,
3924,Clausura 2021,2021,clausura,9,2021-02-26,T013,Juárez,T004,Chivas,0,1,0,1,Estadio Olímpico Benito Juárez,L,0,
3925,Clausura 2021,2021,clausura,9,2021-02-26,T011,Mazatlán FC,T009,Santos Laguna FC,3,1,3,1,Estadio Morelos,W,0,Antes llamado 'Monarcas Morelia' (pre-2020) — cuidado en análisis histórico
3926,Clausura 2021,2021,clausura,9,2021-02-26,T010,Toluca FC,T005,Tigres,4,0,0,0,Estadio Nemesio Díez,W,0,
3927,Clausura 2021,2021,clausura,9,2021-02-26,T016,Querétaro FC,T003,Monterrey,0,0,0,0,Estadio Corregidora,D,0,
3928,Clausura 2021,2021,clausura,10,2021-03-05,T007,Pumas UNAM,T004,Guadalajara,1,3,1,2,Estadio Olímpico Universitario,L,0,
3929,Clausura 2021,2021,clausura,10,2021-03-05,T017,La Franja,T012,Club Tijuana,0,3,0,2,Estadio Cuauhtémoc,L,0,
3930,Clausura 2021,2021,clausura,10,2021-03-05,T003,Rayados,T014,Atlético San Luis,3,3,2,1,Estadio BBVA,D,0,
3931,Clausura 2021,2021,clausura,10,2021-03-05,T006,Club León,T001,Cruz Azul FC,1,0,1,0,Estadio León,W,1,
3932,Clausura 2021,2021,clausura,10,2021-03-05,T015,Impulsora Necaxa,T009,Santos,1,4,0,4,Estadio Victoria,L,0,
3933,Clausura 2021,2021,clausura,10,2021-03-05,T002,CF América,T011,Mazatlán FC,3,3,1,3,Estadio Azteca,D,0,Antes llamado 'Monarcas Morelia' (pre-2020) — cuidado en análisis histórico
3934,Clausura 2021,2021,clausura,10,2021-03-05,T008,Atlas,T010,Toluca,2,0,0,0,Estadio Jalisco,W,0,
3935,Clausura 2021,2021,clausura,10,2021-03-05,T016,Querétaro FC,T013,Bravos de Juárez,1,3,0,0,Estadio Corregidora,L,0,
3936,Clausura 2021,2021,clausura,11,2021-03-12,T011,Mazatlán FC,T012,Tijuana,3,0,2,0,Estadio Morelos,W,0,Antes llamado 'Monarcas Morelia' (pre-2020) — cuidado en análisis histórico
3937,Clausura 2021,2021,clausura,11,2021-03-12,T015,Club Necaxa,T004,Chivas,0,1,0,1,Estadio Victoria,L,0,
3938,Clausura 2021,2021,clausura,11,2021-03-12,T008,Club Atlas,T007,Pumas,4,2,4,1,Estadio Jalisco,W,0,
3939,Clausura 2021,2021,clausura,11,2021-03-12,T010,Toluca,T005,UANL Tigres,2,4,1,2,Estadio Nemesio Díez,L,0,
3940,Clausura 2021,2021,clausura,11,2021-03-12,T018,Mazatlán FC,T017,Puebla FC,3,1,1,0,Estadio de Mazatlán,W,0,
3941,Clausura 2021,2021,clausura,11,2021-03-12,T003,Rayados,T002,América,3,1,2,1,Estadio BBVA,W,0,
3942,Clausura 2021,2021,clausura,11,2021-03-12,T016,Querétaro,T014,A. San Luis,2,1,1,1,Estadio Corregidora,W,0,
3943,Clausura 2021,2021,clausura,11,2021-03-12,T001,Cruz Azul,T013,FC Juárez,4,0,1,0,Estadio Ciudad de los Deportes,W,1,
3944,Clausura 2021,2021,clausura,12,2021-03-19,T009,Santos Laguna,T005,UANL Tigres,1,4,0,3,Estadio Corona,L,0,
3945,Clausura 2021,2021,clausura,12,2021-03-19,T014,A. San Luis,T017,Club Puebla,1,4,1,0,Estadio Alfonso Lastras,L,0,
3946,Clausura 2021,2021,clausura,12,2021-03-19,T015,Impulsora Necaxa,T016,Querétaro,1,3,1,1,Estadio Victoria,L,0,
3947,Clausura 2021,2021,clausura,12,2021-03-19,T012,Xoloitzcuintles,T003,CF Monterrey,1,2,1,2,Estadio Caliente,L,0,
3948,Clausura 2021,2021,clausura,12,2021-03-19,T007,Pumas,T001,Cruz Azul,2,0,1,0,Estadio Olímpico Universitario,W,1,
3949,Clausura 2021,2021,clausura,12,2021-03-19,T008,Atlas Guadalajara,T004,Guadalajara,1,2,1,2,Estadio Jalisco,L,0,
3950,Clausura 2021,2021,clausura,12,2021-03-19,T011,Mazatlán FC,T018,Mazatlán FC,3,2,3,2,Estadio Morelos,W,0,Antes llamado 'Monarcas Morelia' (pre-2020) — cuidado en análisis histórico
3951,Clausura 2021,2021,clausura,12,2021-03-19,T006,León,T002,Club América,0,1,0,1,Estadio León,L,0,
3952,Clausura 2021,2021,clausura,13,2021-03-26,T007,Pumas UNAM,T016,Gallos Blancos,4,3,4,1,Estadio Olímpico Universitario,W,0,
3953,Clausura 2021,2021,clausura,13,2021-03-26,T013,FC Juárez,T009,Santos Laguna FC,2,0,2,0,Estadio Olímpico Benito Juárez,W,0,
3954,Clausura 2021,2021,clausura,13,2021-03-26,T001,C. Azul,T002,CF América,1,1,1,0,Estadio Ciudad de los Deportes,D,1,
3955,Clausura 2021,2021,clausura,13,2021-03-26,T014,A. San Luis,T017,Puebla FC,3,1,3,0,Estadio Alfonso Lastras,W,0,
3956,Clausura 2021,2021,clausura,13,2021-03-26,T006,León,T008,Club Atlas,1,1,1,1,Estadio León,D,0,
3957,Clausura 2021,2021,clausura,13,2021-03-26,T010,Toluca,T005,UANL Tigres,0,1,0,0,Estadio Nemesio Díez,L,0,
3958,Clausura 2021,2021,clausura,13,2021-03-26,T003,Rayados,T012,Xoloitzcuintles,0,3,0,2,Estadio BBVA,L,0,
3959,Clausura 2021,2021,clausura,13,2021-03-26,T004,Chivas,T011,Mazatlán FC,1,1,1,0,Estadio Akron,D,0,Antes llamado 'Monarcas Morelia' (pre-2020) — cuidado en análisis histórico
3960,Clausura 2021,2021,clausura,14,2021-04-02,T016,Querétaro FC,T006,Club León,2,4,2,4,Estadio Corregidora,L,0,
3961,Clausura 2021,2021,clausura,14,2021-04-02,T009,Santos Laguna FC,T005,UANL Tigres,1,1,0,1,Estadio Corona,D,0,
3962,Clausura 2021,2021,clausura,14,2021-04-02,T008,Atlas,T002,Club América,4,0,1,0,Estadio Jalisco,W,0,
3963,Clausura 2021,2021,clausura,14,2021-04-02,T014,A. San Luis,T001,Cruz Azul FC,3,1,1,1,Estadio Alfonso Lastras,W,1,
3964,Clausura 2021,2021,clausura,14,2021-04-02,T017,Puebla FC,T012,Tijuana,2,1,0,0,Estadio Cuauhtémoc,W,0,
3965,Clausura 2021,2021,clausura,14,2021-04-02,T013,FC Juárez,T011,Mazatlán FC,0,3,0,1,Estadio Olímpico Benito Juárez,L,0,Antes llamado 'Monarcas Morelia' (pre-2020) — cuidado en análisis histórico
3966,Clausura 2021,2021,clausura,14,2021-04-02,T003,Rayados,T010,Deportivo Toluca,0,0,0,0,Estadio BBVA,D,0,
3967,Clausura 2021,2021,clausura,14,2021-04-02,T015,Impulsora Necaxa,T018,Mazatlán FC,3,2,2,0,Estadio Victoria,W,0,
3968,Clausura 2021,2021,clausura,15,2021-04-09,T001,C. Azul,T014,Atlético San Luis,2,1,0,1,Estadio Ciudad de los Deportes,W,1,
3969,Clausura 2021,2021,clausura,15,2021-04-09,T012,Club Tijuana,T006,León,0,1,0,0,Estadio Caliente,L,0,
3970,Clausura 2021,2021,clausura,15,2021-04-09,T005,Tigres,T008,Atlas Guadalajara,0,0,0,0,Estadio Universitario,D,0,
3971,Clausura 2021,2021,clausura,15,2021-04-09,T007,Pumas,T013,Bravos de Juárez,4,1,2,0,Estadio Olímpico Universitario,W,0,
3972,Clausura 2021,2021,clausura,15,2021-04-09,T011,Mazatlán FC,T009,Santos,2,0,1,0,Estadio Morelos,W,0,Antes llamado 'Monarcas Morelia' (pre-2020) — cuidado en análisis histórico
3973,Clausura 2021,2021,clausura,15,2021-04-09,T018,Mazatlán FC,T017,Puebla FC,0,2,0,2,Estadio de Mazatlán,L,0,
3974,Clausura 2021,2021,clausura,15,2021-04-09,T004,Guadalajara,T002,América,2,2,0,1,Estadio Akron,D,0,
3975,Clausura 2021,2021,clausura,15,2021-04-09,T015,Club Necaxa,T003,CF Monterrey,2,2,0,2,Estadio Victoria,D,0,
3976,Clausura 2021,2021,clausura,16,2021-04-16,T018,Mazatlán FC,T002,Club América,0,0,0,0,Estadio de Mazatlán,D,0,
3977,Clausura 2021,2021,clausura,16,2021-04-16,T013,FC Juárez,T005,Tigres,4,1,1,0,Estadio Olímpico Benito Juárez,W,0,
3978,Clausura 2021,2021,clausura,16,2021-04-16,T011,Mazatlán FC,T007,UNAM Pumas,3,1,0,0,Estadio Morelos,W,0,Antes llamado 'Monarcas Morelia' (pre-2020) — cuidado en análisis histórico
3979,Clausura 2021,2021,clausura,16,2021-04-16,T001,Cruz Azul,T017,Club Puebla,4,0,2,0,Estadio Ciudad de los Deportes,W,1,
3980,Clausura 2021,2021,clausura,16,2021-04-16,T004,Deportivo Guadalajara,T014,San Luis,1,1,1,1,Estadio Akron,D,0,
3981,Clausura 2021,2021,clausura,16,2021-04-16,T006,Club León,T015,Club Necaxa,2,1,1,1,Estadio León,W,0,
3982,Clausura 2021,2021,clausura,16,2021-04-16,T010,Toluca FC,T009,Santos Laguna FC,1,0,0,0,Estadio Nemesio Díez,W,0,
3983,Clausura 2021,2021,clausura,16,2021-04-16,T012,Club Tijuana,T016,Gallos Blancos,0,1,0,0,Estadio Caliente,L,0,
3984,Clausura 2021,2021,clausura,17,2021-04-23,T012,Tijuana,T009,Santos,0,1,0,1,Estadio Caliente,L,0,
3985,Clausura 2021,2021,clausura,17,2021-04-23,T016,Gallos Blancos,T014,A. San Luis,1,0,1,0,Estadio Corregidora,W,0,
3986,Clausura 2021,2021,clausura,17,2021-04-23,T007,Pumas,T011,Mazatlán FC,4,2,0,2,Estadio Olímpico Universitario,W,0,Antes llamado 'Monarcas Morelia' (pre-2020) — cuidado en análisis histórico
3987,Clausura 2021,2021,clausura,17,2021-04-23,T018,Mazatlán FC,T010,Toluca FC,4,2,3,2,Estadio de Mazatlán,W,0,
3988,Clausura 2021,2021,clausura,17,2021-04-23,T013,Bravos de Juárez,T003,CF Monterrey,2,1,2,0,Estadio Olímpico Benito Juárez,W,0,
3989,Clausura 2021,2021,clausura,17,2021-04-23,T001,Cruz Azul,T002,América,3,1,0,0,Estadio Ciudad de los Deportes,W,1,
3990,Clausura 2021,2021,clausura,17,2021-04-23,T005,Tigres,T004,Guadalajara,4,1,0,0,Estadio Universitario,W,0,
3991,Clausura 2021,2021,clausura,17,2021-04-23,T017,Puebla FC,T006,Club León,4,1,4,0,Estadio Cuauhtémoc,W,0,
3992,Apertura 2021,2021,apertura,1,2021-07-01,T011,Mazatlán FC,T018,Mazatlán FC,2,1,0,1,Estadio Morelos,W,0,Antes llamado 'Monarcas Morelia' (pre-2020) — cuidado en análisis histórico
3993,Apertura 2021,2021,apertura,1,2021-07-01,T016,Querétaro,T001,Cruz Azul FC,1,1,1,0,Estadio Corregidora,D,1,
3994,Apertura 2021,2021,apertura,1,2021-07-01,T014,Atlético San Luis,T005,Tigres UANL,2,2,1,2,Estadio Alfonso Lastras,D,0,
3995,Apertura 2021,2021,apertura,1,2021-07-01,T017,Puebla FC,T010,Deportivo Toluca,2,0,1,0,Estadio Cuauhtémoc,W,0,
3996,Apertura 2021,2021,apertura,1,2021-07-01,T015,Necaxa,T006,Club León,1,3,1,3,Estadio Victoria,L,0,
3997,Apertura 2021,2021,apertura,1,2021-07-01,T003,CF Monterrey,T009,Santos Laguna,1,0,1,0,Estadio BBVA,W,0,
3998,Apertura 2021,2021,apertura,1,2021-07-01,T007,UNAM Pumas,T008,Atlas Guadalajara,1,0,0,0,Estadio Olímpico Universitario,W,0,
3999,Apertura 2021,2021,apertura,1,2021-07-01,T002,CF América,T004,Deportivo Guadalajara,0,1,0,0,Estadio Azteca,L,0,
4000,Apertura 2021,2021,apertura,2,2021-07-08,T013,Juárez,T005,Tigres UANL,3,4,1,1,Estadio Olímpico Benito Juárez,L,0,
4001,Apertura 2021,2021,apertura,2,2021-07-08,T002,Club América,T010,Toluca FC,3,1,3,0,Estadio Azteca,W,0,
4002,Apertura 2021,2021,apertura,2,2021-07-08,T016,Querétaro,T012,Tijuana,1,1,1,0,Estadio Corregidora,D,0,
4003,Apertura 2021,2021,apertura,2,2021-07-08,T015,Impulsora Necaxa,T018,Mazatlán FC,2,2,1,1,Estadio Victoria,D,0,
4004,Apertura 2021,2021,apertura,2,2021-07-08,T014,San Luis,T017,La Franja,1,2,1,2,Estadio Alfonso Lastras,L,0,
4005,Apertura 2021,2021,apertura,2,2021-07-08,T001,Cruz Azul,T006,Club León,1,4,0,2,Estadio Ciudad de los Deportes,L,1,
4006,Apertura 2021,2021,apertura,2,2021-07-08,T004,Guadalajara,T003,CF Monterrey,4,0,2,0,Estadio Akron,W,0,
4007,Apertura 2021,2021,apertura,2,2021-07-08,T009,Santos,T011,Mazatlán FC,1,1,1,0,Estadio Corona,D,0,Antes llamado 'Monarcas Morelia' (pre-2020) — cuidado en análisis histórico
4008,Apertura 2021,2021,apertura,3,2021-07-15,T007,UNAM Pumas,T015,Necaxa,1,0,0,0,Estadio Olímpico Universitario,W,0,
4009,Apertura 2021,2021,apertura,3,2021-07-15,T004,Deportivo Guadalajara,T008,Atlas Guadalajara,1,2,1,2,Estadio Akron,L,0,
4010,Apertura 2021,2021,apertura,3,2021-07-15,T017,Puebla FC,T013,Juárez,3,0,0,0,Estadio Cuauhtémoc,W,0,
4011,Apertura 2021,2021,apertura,3,2021-07-15,T012,Tijuana,T002,América,2,2,2,2,Estadio Caliente,D,0,
4012,Apertura 2021,2021,apertura,3,2021-07-15,T016,Querétaro FC,T018,Mazatlán FC,0,2,0,0,Estadio Corregidora,L,0,
4013,Apertura 2021,2021,apertura,3,2021-07-15,T011,Mazatlán FC,T009,Santos Laguna,4,2,3,1,Estadio Morelos,W,0,Antes llamado 'Monarcas Morelia' (pre-2020) — cuidado en análisis histórico
4014,Apertura 2021,2021,apertura,3,2021-07-15,T006,León FC,T003,Rayados,2,2,2,0,Estadio León,D,0,
4015,Apertura 2021,2021,apertura,3,2021-07-15,T010,Toluca FC,T005,Tigres,0,0,0,0,Estadio Nemesio Díez,D,0,
4016,Apertura 2021,2021,apertura,4,2021-07-22,T003,CF Monterrey,T004,Deportivo Guadalajara,3,1,3,0,Estadio BBVA,W,0,
4017,Apertura 2021,2021,apertura,4,2021-07-22,T018,Mazatlán FC,T010,Deportivo Toluca,1,0,0,0,Estadio de Mazatlán,W,0,
4018,Apertura 2021,2021,apertura,4,2021-07-22,T009,Santos Laguna FC,T006,León FC,1,1,1,0,Estadio Corona,D,0,
4019,Apertura 2021,2021,apertura,4,2021-07-22,T011,Mazatlán FC,T013,FC Juárez,0,0,0,0,Estadio Morelos,D,0,Antes llamado 'Monarcas Morelia' (pre-2020) — cuidado en análisis histórico
4020,Apertura 2021,2021,apertura,4,2021-07-22,T007,Pumas UNAM,T002,Club América,3,2,0,0,Estadio Olímpico Universitario,W,0,
4021,Apertura 2021,2021,apertura,4,2021-07-22,T012,Tijuana,T016,Querétaro FC,2,1,2,1,Estadio Caliente,W,0,
4022,Apertura 2021,2021,apertura,4,2021-07-22,T014,Atlético San Luis,T001,Cruz Azul,2,1,2,0,Estadio Alfonso Lastras,W,1,
4023,Apertura 2021,2021,apertura,4,2021-07-22,T005,Tigres,T008,Club Atlas,2,4,1,0,Estadio Universitario,L,0,
4024,Apertura 2021,2021,apertura,5,2021-07-29,T007,UNAM Pumas,T011,Mazatlán FC,0,2,0,2,Estadio Olímpico Universitario,L,0,Antes llamado 'Monarcas Morelia' (pre-2020) — cuidado en análisis histórico
4025,Apertura 2021,2021,apertura,5,2021-07-29,T010,Toluca,T008,Atlas,2,0,2,0,Estadio Nemesio Díez,W,0,
4026,Apertura 2021,2021,apertura,5,2021-07-29,T001,C. Azul,T013,Juárez,3,1,1,1,Estadio Ciudad de los Deportes,W,1,
4027,Apertura 2021,2021,apertura,5,2021-07-29,T014,A. San Luis,T002,CF América,1,2,0,2,Estadio Alfonso Lastras,L,0,
4028,Apertura 2021,2021,apertura,5,2021-07-29,T006,León,T004,Guadalajara,0,1,0,1,Estadio León,L,0,
4029,Apertura 2021,2021,apertura,5,2021-07-29,T003,CF Monterrey,T005,Tigres,1,2,1,2,Estadio BBVA,L,0,
4030,Apertura 2021,2021,apertura,5,2021-07-29,T015,Impulsora Necaxa,T009,Santos,2,0,0,0,Estadio Victoria,W,0,
4031,Apertura 2021,2021,apertura,5,2021-07-29,T017,La Franja,T018,Mazatlán FC,2,1,2,0,Estadio Cuauhtémoc,W,0,
4032,Apertura 2021,2021,apertura,6,2021-08-05,T009,Santos Laguna,T014,A. San Luis,1,0,0,0,Estadio Corona,W,0,
4033,Apertura 2021,2021,apertura,6,2021-08-05,T007,Pumas,T010,Deportivo Toluca,0,0,0,0,Estadio Olímpico Universitario,D,0,
4034,Apertura 2021,2021,apertura,6,2021-08-05,T001,Cruz Azul,T006,León FC,1,2,1,0,Estadio Ciudad de los Deportes,L,1,
4035,Apertura 2021,2021,apertura,6,2021-08-05,T003,CF Monterrey,T002,CF América,4,1,2,1,Estadio BBVA,W,0,
4036,Apertura 2021,2021,apertura,6,2021-08-05,T012,Xoloitzcuintles,T008,Atlas,1,1,1,1,Estadio Caliente,D,0,
4037,Apertura 2021,2021,apertura,6,2021-08-05,T011,Mazatlán FC,T018,Mazatlán FC,0,1,0,0,Estadio Morelos,L,0,Antes llamado 'Monarcas Morelia' (pre-2020) — cuidado en análisis histórico
4038,Apertura 2021,2021,apertura,6,2021-08-05,T004,Deportivo Guadalajara,T015,Club Necaxa,2,1,0,1,Estadio Akron,W,0,
4039,Apertura 2021,2021,apertura,6,2021-08-05,T005,Tigres,T016,Querétaro,4,2,4,1,Estadio Universitario,W,0,
4040,Apertura 2021,2021,apertura,7,2021-08-12,T017,La Franja,T012,Tijuana,1,1,1,0,Estadio Cuauhtémoc,D,0,
4041,Apertura 2021,2021,apertura,7,2021-08-12,T010,Toluca FC,T011,Mazatlán FC,4,3,3,1,Estadio Nemesio Díez,W,0,Antes llamado 'Monarcas Morelia' (pre-2020) — cuidado en análisis histórico
4042,Apertura 2021,2021,apertura,7,2021-08-12,T006,Club León,T009,Santos Laguna,1,3,0,1,Estadio León,L,0,
4043,Apertura 2021,2021,apertura,7,2021-08-12,T014,Atlético San Luis,T015,Necaxa,1,1,1,0,Estadio Alfonso Lastras,D,0,
4044,Apertura 2021,2021,apertura,7,2021-08-12,T007,Pumas,T005,Tigres UANL,4,1,1,1,Estadio Olímpico Universitario,W,0,
4045,Apertura 2021,2021,apertura,7,2021-08-12,T002,América,T008,Atlas Guadalajara,2,2,1,1,Estadio Azteca,D,0,
4046,Apertura 2021,2021,apertura,7,2021-08-12,T003,CF Monterrey,T013,Juárez,0,2,0,0,Estadio BBVA,L,0,
4047,Apertura 2021,2021,apertura,7,2021-08-12,T004,Chivas,T016,Querétaro,0,1,0,0,Estadio Akron,L,0,
4048,Apertura 2021,2021,apertura,8,2021-08-19,T013,Juárez,T002,CF América,2,1,0,0,Estadio Olímpico Benito Juárez,W,0,
4049,Apertura 2021,2021,apertura,8,2021-08-19,T007,Pumas UNAM,T001,Cruz Azul,3,0,0,0,Estadio Olímpico Universitario,W,1,
4050,Apertura 2021,2021,apertura,8,2021-08-19,T005,UANL Tigres,T015,Necaxa,2,4,0,1,Estadio Universitario,L,0,
4051,Apertura 2021,2021,apertura,8,2021-08-19,T006,Club León,T010,Toluca FC,1,0,0,0,Estadio León,W,0,
4052,Apertura 2021,2021,apertura,8,2021-08-19,T004,Deportivo Guadalajara,T016,Gallos Blancos,3,1,2,1,Estadio Akron,W,0,
4053,Apertura 2021,2021,apertura,8,2021-08-19,T018,Mazatlán FC,T012,Tijuana,2,0,1,0,Estadio de Mazatlán,W,0,
4054,Apertura 2021,2021,apertura,8,2021-08-19,T014,Atlético San Luis,T017,La Franja,1,4,0,4,Estadio Alfonso Lastras,L,0,
4055,Apertura 2021,2021,apertura,8,2021-08-19,T011,Mazatlán FC,T008,Club Atlas,1,1,0,0,Estadio Morelos,D,0,Antes llamado 'Monarcas Morelia' (pre-2020) — cuidado en análisis histórico
4056,Apertura 2021,2021,apertura,9,2021-08-26,T012,Xoloitzcuintles,T016,Querétaro,1,1,1,1,Estadio Caliente,D,0,
4057,Apertura 2021,2021,apertura,9,2021-08-26,T004,Chivas,T008,Atlas,2,2,1,0,Estadio Akron,D,0,
4058,Apertura 2021,2021,apertura,9,2021-08-26,T018,Mazatlán FC,T001,Cruz Azul FC,3,4,3,1,Estadio de Mazatlán,L,1,
4059,Apertura 2021,2021,apertura,9,2021-08-26,T013,Bravos de Juárez,T010,Toluca FC,1,2,1,0,Estadio Olímpico Benito Juárez,L,0,
4060,Apertura 2021,2021,apertura,9,2021-08-26,T005,Tigres UANL,T002,CF América,0,1,0,0,Estadio Universitario,L,0,
4061,Apertura 2021,2021,apertura,9,2021-08-26,T015,Club Necaxa,T011,Mazatlán FC,2,0,1,0,Estadio Victoria,W,0,Antes llamado 'Monarcas Morelia' (pre-2020) — cuidado en análisis histórico
4062,Apertura 2021,2021,apertura,9,2021-08-26,T009,Santos Laguna,T003,CF Monterrey,1,2,1,0,Estadio Corona,L,0,
4063,Apertura 2021,2021,apertura,9,2021-08-26,T006,León FC,T017,Club Puebla,0,0,0,0,Estadio León,D,0,
4064,Apertura 2021,2021,apertura,10,2021-09-02,T011,Mazatlán FC,T005,UANL Tigres,0,3,0,2,Estadio Morelos,L,0,Antes llamado 'Monarcas Morelia' (pre-2020) — cuidado en análisis histórico
4065,Apertura 2021,2021,apertura,10,2021-09-02,T017,Puebla FC,T002,Club América,2,2,2,2,Estadio Cuauhtémoc,D,0,
4066,Apertura 2021,2021,apertura,10,2021-09-02,T012,Xoloitzcuintles,T015,Impulsora Necaxa,4,2,3,1,Estadio Caliente,W,0,
4067,Apertura 2021,2021,apertura,10,2021-09-02,T001,Cruz Azul FC,T003,CF Monterrey,4,1,4,1,Estadio Ciudad de los Deportes,W,1,
4068,Apertura 2021,2021,apertura,10,2021-09-02,T006,León,T014,San Luis,3,2,2,0,Estadio León,W,0,
4069,Apertura 2021,2021,apertura,10,2021-09-02,T008,Atlas,T013,Juárez,0,1,0,0,Estadio Jalisco,L,0,
4070,Apertura 2021,2021,apertura,10,2021-09-02,T007,UNAM Pumas,T004,Deportivo Guadalajara,1,0,1,0,Estadio Olímpico Universitario,W,0,
4071,Apertura 2021,2021,apertura,10,2021-09-02,T018,Mazatlán FC,T010,Toluca FC,1,1,0,0,Estadio de Mazatlán,D,0,
4072,Apertura 2021,2021,apertura,11,2021-09-09,T004,Guadalajara,T017,Club Puebla,3,4,3,3,Estadio Akron,L,0,
4073,Apertura 2021,2021,apertura,11,2021-09-09,T007,Pumas,T003,CF Monterrey,2,2,0,1,Estadio Olímpico Universitario,D,0,
4074,Apertura 2021,2021,apertura,11,2021-09-09,T001,Cruz Azul FC,T016,Querétaro FC,3,1,3,0,Estadio Ciudad de los Deportes,W,1,
4075,Apertura 2021,2021,apertura,11,2021-09-09,T006,León,T009,Santos Laguna,0,4,0,1,Estadio León,L,0,
4076,Apertura 2021,2021,apertura,11,2021-09-09,T008,Atlas,T011,Mazatlán FC,2,3,2,0,Estadio Jalisco,L,0,Antes llamado 'Monarcas Morelia' (pre-2020) — cuidado en análisis histórico
4077,Apertura 2021,2021,apertura,11,2021-09-09,T014,San Luis,T002,Club América,2,2,2,2,Estadio Alfonso Lastras,D,0,
4078,Apertura 2021,2021,apertura,11,2021-09-09,T013,Juárez,T005,UANL Tigres,1,0,0,0,Estadio Olímpico Benito Juárez,W,0,
4079,Apertura 2021,2021,apertura,11,2021-09-09,T010,Deportivo Toluca,T012,Club Tijuana,2,0,2,0,Estadio Nemesio Díez,W,0,
4080,Apertura 2021,2021,apertura,12,2021-09-16,T016,Gallos Blancos,T015,Impulsora Necaxa,2,1,2,1,Estadio Corregidora,W,0,
4081,Apertura 2021,2021,apertura,12,2021-09-16,T001,Cruz Azul FC,T007,UNAM Pumas,3,2,1,2,Estadio Ciudad de los Deportes,W,1,
4082,Apertura 2021,2021,apertura,12,2021-09-16,T012,Tijuana,T009,Santos,0,3,0,0,Estadio Caliente,L,0,
4083,Apertura 2021,2021,apertura,12,2021-09-16,T003,Monterrey,T005,Tigres UANL,2,3,2,3,Estadio BBVA,L,0,
4084,Apertura 2021,2021,apertura,12,2021-09-16,T017,Club Puebla,T008,Atlas,1,3,1,3,Estadio Cuauhtémoc,L,0,
4085,Apertura 2021,2021,apertura,12,2021-09-16,T010,Toluca FC,T013,Bravos de Juárez,1,1,0,1,Estadio Nemesio Díez,D,0,
4086,Apertura 2021,2021,apertura,12,2021-09-16,T018,Mazatlán FC,T014,San Luis,1,0,1,0,Estadio de Mazatlán,W,0,
4087,Apertura 2021,2021,apertura,12,2021-09-16,T006,León,T002,CF América,0,0,0,0,Estadio León,D,0,
4088,Apertura 2021,2021,apertura,13,2021-09-23,T005,Tigres,T010,Toluca FC,3,3,3,0,Estadio Universitario,D,0,
4089,Apertura 2021,2021,apertura,13,2021-09-23,T014,San Luis,T013,FC Juárez,1,2,1,1,Estadio Alfonso Lastras,L,0,
4090,Apertura 2021,2021,apertura,13,2021-09-23,T004,Guadalajara,T012,Club Tijuana,3,1,0,0,Estadio Akron,W,0,
4091,Apertura 2021,2021,apertura,13,2021-09-23,T007,Pumas,T001,Cruz Azul FC,0,3,0,2,Estadio Olímpico Universitario,L,1,
4092,Apertura 2021,2021,apertura,13,2021-09-23,T011,Mazatlán FC,T009,Santos Laguna,1,4,1,2,Estadio Morelos,L,0,Antes llamado 'Monarcas Morelia' (pre-2020) — cuidado en análisis histórico
4093,Apertura 2021,2021,apertura,13,2021-09-23,T003,Rayados,T006,Club León,1,3,1,3,Estadio BBVA,L,0,
4094,Apertura 2021,2021,apertura,13,2021-09-23,T018,Mazatlán FC,T015,Necaxa,3,1,3,0,Estadio de Mazatlán,W,0,
4095,Apertura 2021,2021,apertura,13,2021-09-23,T016,Querétaro FC,T002,América,4,1,4,0,Estadio Corregidora,W,0,
4096,Apertura 2021,2021,apertura,14,2021-09-30,T015,Necaxa,T018,Mazatlán FC,4,1,3,0,Estadio Victoria,W,0,
4097,Apertura 2021,2021,apertura,14,2021-09-30,T008,Atlas Guadalajara,T005,Tigres,2,4,0,3,Estadio Jalisco,L,0,
4098,Apertura 2021,2021,apertura,14,2021-09-30,T013,FC Juárez,T016,Querétaro,3,1,3,0,Estadio Olímpico Benito Juárez,W,0,
4099,Apertura 2021,2021,apertura,14,2021-09-30,T004,Deportivo Guadalajara,T011,Mazatlán FC,0,1,0,1,Estadio Akron,L,0,Antes llamado 'Monarcas Morelia' (pre-2020) — cuidado en análisis histórico
4100,Apertura 2021,2021,apertura,14,2021-09-30,T017,Club Puebla,T003,CF Monterrey,2,1,2,1,Estadio Cuauhtémoc,W,0,
4101,Apertura 2021,2021,apertura,14,2021-09-30,T002,Club América,T012,Tijuana,2,3,0,3,Estadio Azteca,L,0,
4102,Apertura 2021,2021,apertura,14,2021-09-30,T014,Atlético San Luis,T010,Toluca FC,0,0,0,0,Estadio Alfonso Lastras,D,0,
4103,Apertura 2021,2021,apertura,14,2021-09-30,T001,Cruz Azul FC,T009,Santos Laguna FC,4,1,3,1,Estadio Ciudad de los Deportes,W,1,
4104,Apertura 2021,2021,apertura,15,2021-10-07,T008,Atlas Guadalajara,T012,Xoloitzcuintles,1,0,1,0,Estadio Jalisco,W,0,
4105,Apertura 2021,2021,apertura,15,2021-10-07,T013,Juárez,T016,Querétaro,4,2,3,0,Estadio Olímpico Benito Juárez,W,0,
4106,Apertura 2021,2021,apertura,15,2021-10-07,T010,Deportivo Toluca,T009,Santos,0,2,0,0,Estadio Nemesio Díez,L,0,
4107,Apertura 2021,2021,apertura,15,2021-10-07,T017,Club Puebla,T015,Club Necaxa,4,2,0,2,Estadio Cuauhtémoc,W,0,
4108,Apertura 2021,2021,apertura,15,2021-10-07,T005,Tigres UANL,T007,Pumas,0,0,0,0,Estadio Universitario,D,0,
4109,Apertura 2021,2021,apertura,15,2021-10-07,T004,Chivas,T011,Mazatlán FC,0,2,0,1,Estadio Akron,L,0,Antes llamado 'Monarcas Morelia' (pre-2020) — cuidado en análisis histórico
4110,Apertura 2021,2021,apertura,15,2021-10-07,T014,San Luis,T001,C. Azul,1,2,0,1,Estadio Alfonso Lastras,L,1,
4111,Apertura 2021,2021,apertura,15,2021-10-07,T003,Rayados,T006,Club León,4,0,4,0,Estadio BBVA,W,0,
4112,Apertura 2021,2021,apertura,16,2021-10-14,T013,Bravos de Juárez,T007,Pumas UNAM,1,0,1,0,Estadio Olímpico Benito Juárez,W,0,
4113,Apertura 2021,2021,apertura,16,2021-10-14,T014,A. San Luis,T010,Toluca,2,2,0,1,Estadio Alfonso Lastras,D,0,
4114,Apertura 2021,2021,apertura,16,2021-10-14,T018,Mazatlán FC,T009,Santos Laguna,2,1,2,0,Estadio de Mazatlán,W,0,
4115,Apertura 2021,2021,apertura,16,2021-10-14,T006,León FC,T005,Tigres,3,1,0,1,Estadio León,W,0,
4116,Apertura 2021,2021,apertura,16,2021-10-14,T002,América,T004,Chivas,0,0,0,0,Estadio Azteca,D,0,
4117,Apertura 2021,2021,apertura,16,2021-10-14,T015,Impulsora Necaxa,T001,C. Azul,1,1,0,1,Estadio Victoria,D,1,
4118,Apertura 2021,2021,apertura,16,2021-10-14,T003,CF Monterrey,T008,Club Atlas,3,1,2,0,Estadio BBVA,W,0,
4119,Apertura 2021,2021,apertura,16,2021-10-14,T011,Mazatlán FC,T012,Tijuana,0,2,0,1,Estadio Morelos,L,0,Antes llamado 'Monarcas Morelia' (pre-2020) — cuidado en análisis histórico
4120,Apertura 2021,2021,apertura,17,2021-10-21,T001,C. Azul,T004,Chivas,2,0,2,0,Estadio Ciudad de los Deportes,W,1,
4121,Apertura 2021,2021,apertura,17,2021-10-21,T005,Tigres UANL,T016,Querétaro FC,1,4,0,0,Estadio Universitario,L,0,
4122,Apertura 2021,2021,apertura,17,2021-10-21,T003,Monterrey,T013,Juárez,1,4,0,1,Estadio BBVA,L,0,
4123,Apertura 2021,2021,apertura,17,2021-10-21,T010,Deportivo Toluca,T015,Club Necaxa,1,2,1,2,Estadio Nemesio Díez,L,0,
4124,Apertura 2021,2021,apertura,17,2021-10-21,T014,Atlético San Luis,T018,Mazatlán FC,3,3,1,1,Estadio Alfonso Lastras,D,0,
4125,Apertura 2021,2021,apertura,17,2021-10-21,T006,León FC,T008,Club Atlas,4,0,4,0,Estadio León,W,0,
4126,Apertura 2021,2021,apertura,17,2021-10-21,T012,Xoloitzcuintles,T009,Santos Laguna FC,1,2,0,0,Estadio Caliente,L,0,
4127,Apertura 2021,2021,apertura,17,2021-10-21,T017,Puebla FC,T007,Pumas UNAM,1,0,0,0,Estadio Cuauhtémoc,W,0,
4128,Clausura 2022,2022,clausura,1,2022-01-01,T009,Santos Laguna,T002,Club América,3,0,1,0,Estadio Corona,W,0,
4129,Clausura 2022,2022,clausura,1,2022-01-01,T014,San Luis,T013,Bravos de Juárez,1,0,1,0,Estadio Alfonso Lastras,W,0,
4130,Clausura 2022,2022,clausura,1,2022-01-01,T001,Cruz Azul FC,T017,Puebla FC,3,2,0,1,Estadio Ciudad de los Deportes,W,1,
4131,Clausura 2022,2022,clausura,1,2022-01-01,T016,Querétaro FC,T018,Mazatlán FC,1,2,0,2,Estadio Corregidora,L,0,
4132,Clausura 2022,2022,clausura,1,2022-01-01,T004,Deportivo Guadalajara,T012,Xoloitzcuintles,0,1,0,1,Estadio Akron,L,0,
4133,Clausura 2022,2022,clausura,1,2022-01-01,T006,León,T008,Atlas,0,0,0,0,Estadio León,D,0,
4134,Clausura 2022,2022,clausura,1,2022-01-01,T007,Pumas,T005,UANL Tigres,3,1,1,0,Estadio Olímpico Universitario,W,0,
4135,Clausura 2022,2022,clausura,1,2022-01-01,T011,Mazatlán FC,T015,Necaxa,2,0,2,0,Estadio Morelos,W,0,Antes llamado 'Monarcas Morelia' (pre-2020) — cuidado en análisis histórico
4136,Clausura 2022,2022,clausura,2,2022-01-08,T014,A. San Luis,T016,Querétaro,2,2,0,0,Estadio Alfonso Lastras,D,0,
4137,Clausura 2022,2022,clausura,2,2022-01-08,T012,Club Tijuana,T013,FC Juárez,1,0,0,0,Estadio Caliente,W,0,
4138,Clausura 2022,2022,clausura,2,2022-01-08,T006,León FC,T008,Atlas Guadalajara,1,1,0,1,Estadio León,D,0,
4139,Clausura 2022,2022,clausura,2,2022-01-08,T007,UNAM Pumas,T018,Mazatlán FC,0,1,0,1,Estadio Olímpico Universitario,L,0,
4140,Clausura 2022,2022,clausura,2,2022-01-08,T011,Mazatlán FC,T003,Rayados,2,0,2,0,Estadio Morelos,W,0,Antes llamado 'Monarcas Morelia' (pre-2020) — cuidado en análisis histórico
4141,Clausura 2022,2022,clausura,2,2022-01-08,T015,Club Necaxa,T001,Cruz Azul FC,2,1,2,0,Estadio Victoria,W,1,
4142,Clausura 2022,2022,clausura,2,2022-01-08,T004,Guadalajara,T009,Santos,4,0,1,0,Estadio Akron,W,0,
4143,Clausura 2022,2022,clausura,2,2022-01-08,T010,Deportivo Toluca,T017,Club Puebla,0,2,0,2,Estadio Nemesio Díez,L,0,
4144,Clausura 2022,2022,clausura,3,2022-01-15,T002,Club América,T016,Querétaro,1,0,1,0,Estadio Azteca,W,0,
4145,Clausura 2022,2022,clausura,3,2022-01-15,T005,UANL Tigres,T008,Atlas,2,1,1,0,Estadio Universitario,W,0,
4146,Clausura 2022,2022,clausura,3,2022-01-15,T014,Atlético San Luis,T018,Mazatlán FC,0,4,0,4,Estadio Alfonso Lastras,L,0,
4147,Clausura 2022,2022,clausura,3,2022-01-15,T017,Puebla FC,T015,Necaxa,2,2,2,0,Estadio Cuauhtémoc,D,0,
4148,Clausura 2022,2022,clausura,3,2022-01-15,T011,Mazatlán FC,T006,León FC,0,0,0,0,Estadio Morelos,D,0,Antes llamado 'Monarcas Morelia' (pre-2020) — cuidado en análisis histórico
4149,Clausura 2022,2022,clausura,3,2022-01-15,T010,Deportivo Toluca,T007,Pumas UNAM,1,1,1,1,Estadio Nemesio Díez,D,0,
4150,Clausura 2022,2022,clausura,3,2022-01-15,T001,C. Azul,T009,Santos Laguna FC,3,1,2,1,Estadio Ciudad de los Deportes,W,1,
4151,Clausura 2022,2022,clausura,3,2022-01-15,T003,Monterrey,T004,Deportivo Guadalajara,3,4,0,3,Estadio BBVA,L,0,
4152,Clausura 2022,2022,clausura,4,2022-01-22,T002,América,T006,León FC,3,2,0,2,Estadio Azteca,W,0,
4153,Clausura 2022,2022,clausura,4,2022-01-22,T017,Puebla FC,T004,Guadalajara,2,0,2,0,Estadio Cuauhtémoc,W,0,
4154,Clausura 2022,2022,clausura,4,2022-01-22,T001,Cruz Azul FC,T003,Rayados,2,2,0,0,Estadio Ciudad de los Deportes,D,1,
4155,Clausura 2022,2022,clausura,4,2022-01-22,T007,Pumas UNAM,T013,FC Juárez,1,0,0,0,Estadio Olímpico Universitario,W,0,
4156,Clausura 2022,2022,clausura,4,2022-01-22,T005,Tigres UANL,T011,Mazatlán FC,0,2,0,0,Estadio Universitario,L,0,Antes llamado 'Monarcas Morelia' (pre-2020) — cuidado en análisis histórico
4157,Clausura 2022,2022,clausura,4,2022-01-22,T012,Club Tijuana,T018,Mazatlán FC,3,1,0,1,Estadio Caliente,W,0,
4158,Clausura 2022,2022,clausura,4,2022-01-22,T014,A. San Luis,T015,Necaxa,2,2,1,0,Estadio Alfonso Lastras,D,0,
4159,Clausura 2022,2022,clausura,4,2022-01-22,T009,Santos Laguna FC,T016,Querétaro FC,0,2,0,2,Estadio Corona,L,0,
4160,Clausura 2022,2022,clausura,5,2022-01-29,T014,Atlético San Luis,T002,América,0,1,0,0,Estadio Alfonso Lastras,L,0,
4161,Clausura 2022,2022,clausura,5,2022-01-29,T018,Mazatlán FC,T013,Juárez,3,0,2,0,Estadio de Mazatlán,W,0,
4162,Clausura 2022,2022,clausura,5,2022-01-29,T001,Cruz Azul,T011,Mazatlán FC,1,2,1,0,Estadio Ciudad de los Deportes,L,1,Antes llamado 'Monarcas Morelia' (pre-2020) — cuidado en análisis histórico
4163,Clausura 2022,2022,clausura,5,2022-01-29,T007,Pumas UNAM,T017,La Franja,2,2,2,0,Estadio Olímpico Universitario,D,0,
4164,Clausura 2022,2022,clausura,5,2022-01-29,T010,Toluca FC,T009,Santos,2,1,2,0,Estadio Nemesio Díez,W,0,
4165,Clausura 2022,2022,clausura,5,2022-01-29,T006,Club León,T016,Querétaro FC,0,3,0,3,Estadio León,L,0,
4166,Clausura 2022,2022,clausura,5,2022-01-29,T003,Monterrey,T015,Necaxa,4,2,2,0,Estadio BBVA,W,0,
4167,Clausura 2022,2022,clausura,5,2022-01-29,T004,Deportivo Guadalajara,T012,Xoloitzcuintles,2,2,0,1,Estadio Akron,D,0,
4168,Clausura 2022,2022,clausura,6,2022-02-05,T007,UNAM Pumas,T014,San Luis,2,4,2,1,Estadio Olímpico Universitario,L,0,
4169,Clausura 2022,2022,clausura,6,2022-02-05,T008,Atlas Guadalajara,T017,Puebla FC,0,0,0,0,Estadio Jalisco,D,0,
4170,Clausura 2022,2022,clausura,6,2022-02-05,T018,Mazatlán FC,T009,Santos Laguna,0,0,0,0,Estadio de Mazatlán,D,0,
4171,Clausura 2022,2022,clausura,6,2022-02-05,T012,Xoloitzcuintles,T016,Gallos Blancos,2,1,1,1,Estadio Caliente,W,0,
4172,Clausura 2022,2022,clausura,6,2022-02-05,T015,Club Necaxa,T005,UANL Tigres,1,1,0,1,Estadio Victoria,D,0,
4173,Clausura 2022,2022,clausura,6,2022-02-05,T013,Bravos de Juárez,T003,Monterrey,3,0,2,0,Estadio Olímpico Benito Juárez,W,0,
4174,Clausura 2022,2022,clausura,6,2022-02-05,T011,Mazatlán FC,T004,Deportivo Guadalajara,3,0,0,0,Estadio Morelos,W,0,Antes llamado 'Monarcas Morelia' (pre-2020) — cuidado en análisis histórico
4175,Clausura 2022,2022,clausura,6,2022-02-05,T001,Cruz Azul,T010,Toluca,0,1,0,1,Estadio Ciudad de los Deportes,L,1,
4176,Clausura 2022,2022,clausura,7,2022-02-12,T012,Club Tijuana,T002,Club América,3,1,1,0,Estadio Caliente,W,0,
4177,Clausura 2022,2022,clausura,7,2022-02-12,T011,Mazatlán FC,T018,Mazatlán FC,2,2,2,1,Estadio Morelos,D,0,Antes llamado 'Monarcas Morelia' (pre-2020) — cuidado en análisis histórico
4178,Clausura 2022,2022,clausura,7,2022-02-12,T014,San Luis,T013,FC Juárez,3,2,3,2,Estadio Alfonso Lastras,W,0,
4179,Clausura 2022,2022,clausura,7,2022-02-12,T001,C. Azul,T004,Guadalajara,4,0,1,0,Estadio Ciudad de los Deportes,W,1,
4180,Clausura 2022,2022,clausura,7,2022-02-12,T009,Santos Laguna,T017,Puebla FC,2,2,2,0,Estadio Corona,D,0,
4181,Clausura 2022,2022,clausura,7,2022-02-12,T007,UNAM Pumas,T005,Tigres UANL,0,4,0,0,Estadio Olímpico Universitario,L,0,
4182,Clausura 2022,2022,clausura,7,2022-02-12,T003,Rayados,T010,Deportivo Toluca,2,2,1,0,Estadio BBVA,D,0,
4183,Clausura 2022,2022,clausura,7,2022-02-12,T015,Necaxa,T008,Atlas Guadalajara,2,3,1,2,Estadio Victoria,L,0,
4184,Clausura 2022,2022,clausura,8,2022-02-19,T010,Toluca FC,T006,Club León,2,0,1,0,Estadio Nemesio Díez,W,0,
4185,Clausura 2022,2022,clausura,8,2022-02-19,T008,Atlas,T001,C. Azul,2,1,1,0,Estadio Jalisco,W,1,
4186,Clausura 2022,2022,clausura,8,2022-02-19,T005,Tigres UANL,T017,Puebla FC,1,1,1,0,Estadio Universitario,D,0,
4187,Clausura 2022,2022,clausura,8,2022-02-19,T013,Bravos de Juárez,T004,Deportivo Guadalajara,2,1,1,0,Estadio Olímpico Benito Juárez,W,0,
4188,Clausura 2022,2022,clausura,8,2022-02-19,T015,Club Necaxa,T016,Querétaro FC,3,0,3,0,Estadio Victoria,W,0,
4189,Clausura 2022,2022,clausura,8,2022-02-19,T002,Club América,T007,Pumas,3,0,1,0,Estadio Azteca,W,0,
4190,Clausura 2022,2022,clausura,8,2022-02-19,T003,Monterrey,T009,Santos Laguna,3,4,0,2,Estadio BBVA,L,0,
4191,Clausura 2022,2022,clausura,8,2022-02-19,T011,Mazatlán FC,T018,Mazatlán FC,0,0,0,0,Estadio Morelos,D,0,Antes llamado 'Monarcas Morelia' (pre-2020) — cuidado en análisis histórico
4192,Clausura 2022,2022,clausura,9,2022-02-26,T005,UANL Tigres,T001,C. Azul,3,0,2,0,Estadio Universitario,W,1,
4193,Clausura 2022,2022,clausura,9,2022-02-26,T014,A. San Luis,T003,Monterrey,2,2,0,0,Estadio Alfonso Lastras,D,0,
4194,Clausura 2022,2022,clausura,9,2022-02-26,T002,América,T011,Mazatlán FC,0,4,0,2,Estadio Azteca,L,0,Antes llamado 'Monarcas Morelia' (pre-2020) — cuidado en análisis histórico
4195,Clausura 2022,2022,clausura,9,2022-02-26,T006,León FC,T009,Santos Laguna FC,2,3,2,3,Estadio León,L,0,
4196,Clausura 2022,2022,clausura,9,2022-02-26,T008,Club Atlas,T004,Chivas,2,3,2,0,Estadio Jalisco,L,0,
4197,Clausura 2022,2022,clausura,9,2022-02-26,T017,Puebla FC,T012,Xoloitzcuintles,2,0,2,0,Estadio Cuauhtémoc,W,0,
4198,Clausura 2022,2022,clausura,9,2022-02-26,T013,FC Juárez,T018,Mazatlán FC,1,4,0,2,Estadio Olímpico Benito Juárez,L,0,
4199,Clausura 2022,2022,clausura,9,2022-02-26,T007,Pumas,T016,Querétaro,2,1,0,0,Estadio Olímpico Universitario,W,0,
4200,Clausura 2022,2022,clausura,10,2022-03-05,T018,Mazatlán FC,T010,Deportivo Toluca,3,0,1,0,Estadio de Mazatlán,W,0,
4201,Clausura 2022,2022,clausura,10,2022-03-05,T006,León,T015,Necaxa,1,1,0,0,Estadio León,D,0,
4202,Clausura 2022,2022,clausura,10,2022-03-05,T012,Xoloitzcuintles,T011,Mazatlán FC,2,3,1,3,Estadio Caliente,L,0,Antes llamado 'Monarcas Morelia' (pre-2020) — cuidado en análisis histórico
4203,Clausura 2022,2022,clausura,10,2022-03-05,T004,Deportivo Guadalajara,T014,A. San Luis,0,1,0,0,Estadio Akron,L,0,
4204,Clausura 2022,2022,clausura,10,2022-03-05,T008,Atlas,T005,UANL Tigres,0,0,0,0,Estadio Jalisco,D,0,
4205,Clausura 2022,2022,clausura,10,2022-03-05,T003,Rayados,T007,UNAM Pumas,1,2,0,0,Estadio BBVA,L,0,
4206,Clausura 2022,2022,clausura,10,2022-03-05,T001,Cruz Azul,T002,Club América,2,4,2,1,Estadio Ciudad de los Deportes,L,1,
4207,Clausura 2022,2022,clausura,10,2022-03-05,T016,Querétaro,T009,Santos Laguna,1,0,0,0,Estadio Corregidora,W,0,
4208,Clausura 2022,2022,clausura,11,2022-03-12,T008,Atlas,T002,América,3,2,0,2,Estadio Jalisco,W,0,
4209,Clausura 2022,2022,clausura,11,2022-03-12,T015,Impulsora Necaxa,T011,Mazatlán FC,1,1,1,0,Estadio Victoria,D,0,Antes llamado 'Monarcas Morelia' (pre-2020) — cuidado en análisis histórico
4210,Clausura 2022,2022,clausura,11,2022-03-12,T013,Juárez,T001,C. Azul,1,0,1,0,Estadio Olímpico Benito Juárez,W,1,
4211,Clausura 2022,2022,clausura,11,2022-03-12,T007,Pumas UNAM,T005,UANL Tigres,4,1,2,0,Estadio Olímpico Universitario,W,0,
4212,Clausura 2022,2022,clausura,11,2022-03-12,T003,CF Monterrey,T016,Querétaro FC,4,3,0,1,Estadio BBVA,W,0,
4213,Clausura 2022,2022,clausura,11,2022-03-12,T018,Mazatlán FC,T006,Club León,1,2,1,2,Estadio de Mazatlán,L,0,
4214,Clausura 2022,2022,clausura,11,2022-03-12,T009,Santos,T017,La Franja,0,1,0,0,Estadio Corona,L,0,
4215,Clausura 2022,2022,clausura,11,2022-03-12,T004,Guadalajara,T014,A. San Luis,2,1,1,1,Estadio Akron,W,0,
4216,Clausura 2022,2022,clausura,12,2022-03-19,T010,Toluca,T012,Club Tijuana,1,1,1,1,Estadio Nemesio Díez,D,0,
4217,Clausura 2022,2022,clausura,12,2022-03-19,T015,Club Necaxa,T008,Atlas,1,2,0,0,Estadio Victoria,L,0,
4218,Clausura 2022,2022,clausura,12,2022-03-19,T003,Rayados,T001,Cruz Azul FC,2,1,1,1,Estadio BBVA,W,1,
4219,Clausura 2022,2022,clausura,12,2022-03-19,T014,San Luis,T002,Club América,1,4,0,0,Estadio Alfonso Lastras,L,0,
4220,Clausura 2022,2022,clausura,12,2022-03-19,T007,UNAM Pumas,T017,Club Puebla,1,2,1,0,Estadio Olímpico Universitario,L,0,
4221,Clausura 2022,2022,clausura,12,2022-03-19,T009,Santos,T011,Mazatlán FC,1,0,1,0,Estadio Corona,W,0,Antes llamado 'Monarcas Morelia' (pre-2020) — cuidado en análisis histórico
4222,Clausura 2022,2022,clausura,12,2022-03-19,T005,Tigres,T006,Club León,1,2,0,1,Estadio Universitario,L,0,
4223,Clausura 2022,2022,clausura,12,2022-03-19,T013,Juárez,T018,Mazatlán FC,2,2,0,1,Estadio Olímpico Benito Juárez,D,0,
4224,Clausura 2022,2022,clausura,13,2022-03-26,T014,A. San Luis,T010,Deportivo Toluca,0,2,0,2,Estadio Alfonso Lastras,L,0,
4225,Clausura 2022,2022,clausura,13,2022-03-26,T011,Mazatlán FC,T004,Chivas,1,1,0,0,Estadio Morelos,D,0,Antes llamado 'Monarcas Morelia' (pre-2020) — cuidado en análisis histórico
4226,Clausura 2022,2022,clausura,13,2022-03-26,T002,América,T007,UNAM Pumas,1,1,1,1,Estadio Azteca,D,0,
4227,Clausura 2022,2022,clausura,13,2022-03-26,T006,León,T013,Bravos de Juárez,4,1,2,0,Estadio León,W,0,
4228,Clausura 2022,2022,clausura,13,2022-03-26,T015,Impulsora Necaxa,T003,Rayados,2,3,0,0,Estadio Victoria,L,0,
4229,Clausura 2022,2022,clausura,13,2022-03-26,T018,Mazatlán FC,T012,Xoloitzcuintles,3,1,2,1,Estadio de Mazatlán,W,0,
4230,Clausura 2022,2022,clausura,13,2022-03-26,T009,Santos Laguna,T005,Tigres,3,1,2,1,Estadio Corona,W,0,
4231,Clausura 2022,2022,clausura,13,2022-03-26,T017,La Franja,T001,C. Azul,3,1,3,1,Estadio Cuauhtémoc,W,1,
4232,Clausura 2022,2022,clausura,14,2022-04-02,T015,Necaxa,T009,Santos Laguna,1,2,1,2,Estadio Victoria,L,0,
4233,Clausura 2022,2022,clausura,14,2022-04-02,T010,Toluca,T017,Club Puebla,4,3,3,3,Estadio Nemesio Díez,W,0,
4234,Clausura 2022,2022,clausura,14,2022-04-02,T008,Atlas,T013,Bravos de Juárez,2,1,2,1,Estadio Jalisco,W,0,
4235,Clausura 2022,2022,clausura,14,2022-04-02,T014,San Luis,T012,Xoloitzcuintles,0,2,0,2,Estadio Alfonso Lastras,L,0,
4236,Clausura 2022,2022,clausura,14,2022-04-02,T018,Mazatlán FC,T001,Cruz Azul,4,1,4,1,Estadio de Mazatlán,W,1,
4237,Clausura 2022,2022,clausura,14,2022-04-02,T011,Mazatlán FC,T004,Guadalajara,4,2,4,1,Estadio Morelos,W,0,Antes llamado 'Monarcas Morelia' (pre-2020) — cuidado en análisis histórico
4238,Clausura 2022,2022,clausura,14,2022-04-02,T002,Club América,T007,Pumas UNAM,3,0,3,0,Estadio Azteca,W,0,
4239,Clausura 2022,2022,clausura,14,2022-04-02,T006,León FC,T003,CF Monterrey,3,1,2,0,Estadio León,W,0,
4240,Clausura 2022,2022,clausura,15,2022-04-09,T018,Mazatlán FC,T012,Club Tijuana,3,0,1,0,Estadio de Mazatlán,W,0,
4241,Clausura 2022,2022,clausura,15,2022-04-09,T001,Cruz Azul,T006,León FC,0,1,0,1,Estadio Ciudad de los Deportes,L,1,
4242,Clausura 2022,2022,clausura,15,2022-04-09,T008,Atlas Guadalajara,T014,San Luis,2,4,0,0,Estadio Jalisco,L,0,
4243,Clausura 2022,2022,clausura,15,2022-04-09,T017,Club Puebla,T009,Santos,1,2,1,0,Estadio Cuauhtémoc,L,0,
4244,Clausura 2022,2022,clausura,15,2022-04-09,T011,Mazatlán FC,T015,Impulsora Necaxa,0,1,0,0,Estadio Morelos,L,0,Antes llamado 'Monarcas Morelia' (pre-2020) — cuidado en análisis histórico
4245,Clausura 2022,2022,clausura,15,2022-04-09,T013,FC Juárez,T003,Monterrey,1,2,0,0,Estadio Olímpico Benito Juárez,L,0,
4246,Clausura 2022,2022,clausura,15,2022-04-09,T007,Pumas,T016,Querétaro FC,3,1,2,1,Estadio Olímpico Universitario,W,0,
4247,Clausura 2022,2022,clausura,15,2022-04-09,T010,Deportivo Toluca,T002,América,3,1,3,0,Estadio Nemesio Díez,W,0,
4248,Clausura 2022,2022,clausura,16,2022-04-16,T009,Santos Laguna FC,T010,Toluca FC,1,1,1,1,Estadio Corona,D,0,
4249,Clausura 2022,2022,clausura,16,2022-04-16,T018,Mazatlán FC,T015,Necaxa,0,3,0,0,Estadio de Mazatlán,L,0,
4250,Clausura 2022,2022,clausura,16,2022-04-16,T016,Querétaro,T008,Atlas,4,1,4,1,Estadio Corregidora,W,0,
4251,Clausura 2022,2022,clausura,16,2022-04-16,T005,Tigres,T003,CF Monterrey,1,0,1,0,Estadio Universitario,W,0,
4252,Clausura 2022,2022,clausura,16,2022-04-16,T006,León FC,T014,Atlético San Luis,0,2,0,0,Estadio León,L,0,
4253,Clausura 2022,2022,clausura,16,2022-04-16,T013,FC Juárez,T017,Club Puebla,0,1,0,0,Estadio Olímpico Benito Juárez,L,0,
4254,Clausura 2022,2022,clausura,16,2022-04-16,T011,Mazatlán FC,T007,UNAM Pumas,0,3,0,3,Estadio Morelos,L,0,Antes llamado 'Monarcas Morelia' (pre-2020) — cuidado en análisis histórico
4255,Clausura 2022,2022,clausura,16,2022-04-16,T001,C. Azul,T002,América,4,2,0,2,Estadio Ciudad de los Deportes,W,1,
4256,Clausura 2022,2022,clausura,17,2022-04-23,T005,Tigres,T017,La Franja,2,4,1,2,Estadio Universitario,L,0,
4257,Clausura 2022,2022,clausura,17,2022-04-23,T006,León,T013,FC Juárez,2,2,2,2,Estadio León,D,0,
4258,Clausura 2022,2022,clausura,17,2022-04-23,T001,Cruz Azul FC,T015,Necaxa,1,1,0,0,Estadio Ciudad de los Deportes,D,1,
4259,Clausura 2022,2022,clausura,17,2022-04-23,T009,Santos Laguna FC,T011,Mazatlán FC,2,0,0,0,Estadio Corona,W,0,Antes llamado 'Monarcas Morelia' (pre-2020) — cuidado en análisis histórico
4260,Clausura 2022,2022,clausura,17,2022-04-23,T008,Atlas Guadalajara,T014,Atlético San Luis,1,0,0,0,Estadio Jalisco,W,0,
4261,Clausura 2022,2022,clausura,17,2022-04-23,T012,Tijuana,T002,Club América,3,2,2,0,Estadio Caliente,W,0,
4262,Clausura 2022,2022,clausura,17,2022-04-23,T003,Monterrey,T007,Pumas UNAM,3,2,2,1,Estadio BBVA,W,0,
4263,Clausura 2022,2022,clausura,17,2022-04-23,T010,Deportivo Toluca,T016,Querétaro FC,3,1,0,1,Estadio Nemesio Díez,W,0,
4264,Apertura 2022,2022,apertura,1,2022-07-01,T011,Mazatlán FC,T002,América,3,1,3,0,Estadio Morelos,W,0,Antes llamado 'Monarcas Morelia' (pre-2020) — cuidado en análisis histórico
4265,Apertura 2022,2022,apertura,1,2022-07-01,T016,Querétaro,T015,Club Necaxa,1,0,0,0,Estadio Corregidora,W,0,
4266,Apertura 2022,2022,apertura,1,2022-07-01,T006,León FC,T007,Pumas UNAM,2,0,2,0,Estadio León,W,0,
4267,Apertura 2022,2022,apertura,1,2022-07-01,T003,Rayados,T004,Guadalajara,0,0,0,0,Estadio BBVA,D,0,
4268,Apertura 2022,2022,apertura,1,2022-07-01,T013,Bravos de Juárez,T010,Toluca,2,4,1,1,Estadio Olímpico Benito Juárez,L,0,
4269,Apertura 2022,2022,apertura,1,2022-07-01,T014,A. San Luis,T001,Cruz Azul,1,0,1,0,Estadio Alfonso Lastras,W,1,
4270,Apertura 2022,2022,apertura,1,2022-07-01,T017,La Franja,T008,Atlas Guadalajara,2,3,2,1,Estadio Cuauhtémoc,L,0,
4271,Apertura 2022,2022,apertura,1,2022-07-01,T012,Xoloitzcuintles,T009,Santos Laguna FC,2,1,2,0,Estadio Caliente,W,0,
4272,Apertura 2022,2022,apertura,2,2022-07-08,T007,Pumas,T008,Atlas,0,2,0,1,Estadio Olímpico Universitario,L,0,
4273,Apertura 2022,2022,apertura,2,2022-07-08,T014,Atlético San Luis,T009,Santos Laguna FC,1,0,1,0,Estadio Alfonso Lastras,W,0,
4274,Apertura 2022,2022,apertura,2,2022-07-08,T011,Mazatlán FC,T015,Impulsora Necaxa,1,1,0,0,Estadio Morelos,D,0,Antes llamado 'Monarcas Morelia' (pre-2020) — cuidado en análisis histórico
4275,Apertura 2022,2022,apertura,2,2022-07-08,T012,Club Tijuana,T017,Puebla FC,1,0,1,0,Estadio Caliente,W,0,
4276,Apertura 2022,2022,apertura,2,2022-07-08,T002,Club América,T013,FC Juárez,1,0,1,0,Estadio Azteca,W,0,
4277,Apertura 2022,2022,apertura,2,2022-07-08,T018,Mazatlán FC,T005,Tigres,2,1,0,1,Estadio de Mazatlán,W,0,
4278,Apertura 2022,2022,apertura,2,2022-07-08,T001,C. Azul,T004,Chivas,2,2,0,0,Estadio Ciudad de los Deportes,D,1,
4279,Apertura 2022,2022,apertura,2,2022-07-08,T010,Deportivo Toluca,T003,CF Monterrey,3,2,2,2,Estadio Nemesio Díez,W,0,
4280,Apertura 2022,2022,apertura,3,2022-07-15,T003,Monterrey,T017,Puebla FC,1,2,1,0,Estadio BBVA,L,0,
4281,Apertura 2022,2022,apertura,3,2022-07-15,T009,Santos,T008,Club Atlas,0,2,0,0,Estadio Corona,L,0,
4282,Apertura 2022,2022,apertura,3,2022-07-15,T014,San Luis,T001,Cruz Azul,0,1,0,0,Estadio Alfonso Lastras,L,1,
4283,Apertura 2022,2022,apertura,3,2022-07-15,T011,Mazatlán FC,T004,Deportivo Guadalajara,4,2,3,0,Estadio Morelos,W,0,Antes llamado 'Monarcas Morelia' (pre-2020) — cuidado en análisis histórico
4284,Apertura 2022,2022,apertura,3,2022-07-15,T005,Tigres UANL,T002,CF América,4,0,0,0,Estadio Universitario,W,0,
4285,Apertura 2022,2022,apertura,3,2022-07-15,T010,Toluca,T012,Club Tijuana,2,1,2,1,Estadio Nemesio Díez,W,0,
4286,Apertura 2022,2022,apertura,3,2022-07-15,T015,Impulsora Necaxa,T013,Juárez,1,0,0,0,Estadio Victoria,W,0,
4287,Apertura 2022,2022,apertura,3,2022-07-15,T016,Querétaro,T006,León FC,2,2,2,1,Estadio Corregidora,D,0,
4288,Apertura 2022,2022,apertura,4,2022-07-22,T005,Tigres UANL,T013,FC Juárez,0,3,0,1,Estadio Universitario,L,0,
4289,Apertura 2022,2022,apertura,4,2022-07-22,T007,Pumas UNAM,T009,Santos,0,2,0,0,Estadio Olímpico Universitario,L,0,
4290,Apertura 2022,2022,apertura,4,2022-07-22,T010,Toluca,T006,Club León,0,0,0,0,Estadio Nemesio Díez,D,0,
4291,Apertura 2022,2022,apertura,4,2022-07-22,T015,Impulsora Necaxa,T001,Cruz Azul,3,0,0,0,Estadio Victoria,W,1,
4292,Apertura 2022,2022,apertura,4,2022-07-22,T014,Atlético San Luis,T004,Chivas,2,3,0,2,Estadio Alfonso Lastras,L,0,
4293,Apertura 2022,2022,apertura,4,2022-07-22,T011,Mazatlán FC,T002,América,3,0,0,0,Estadio Morelos,W,0,Antes llamado 'Monarcas Morelia' (pre-2020) — cuidado en análisis histórico
4294,Apertura 2022,2022,apertura,4,2022-07-22,T016,Gallos Blancos,T008,Atlas Guadalajara,3,2,1,0,Estadio Corregidora,W,0,
4295,Apertura 2022,2022,apertura,4,2022-07-22,T012,Tijuana,T017,La Franja,0,2,0,2,Estadio Caliente,L,0,
4296,Apertura 2022,2022,apertura,5,2022-07-29,T013,Bravos de Juárez,T007,Pumas,0,4,0,4,Estadio Olímpico Benito Juárez,L,0,
4297,Apertura 2022,2022,apertura,5,2022-07-29,T009,Santos Laguna FC,T011,Mazatlán FC,0,1,0,0,Estadio Corona,L,0,Antes llamado 'Monarcas Morelia' (pre-2020) — cuidado en análisis histórico
4298,Apertura 2022,2022,apertura,5,2022-07-29,T017,Club Puebla,T014,Atlético San Luis,3,1,2,0,Estadio Cuauhtémoc,W,0,
4299,Apertura 2022,2022,apertura,5,2022-07-29,T010,Toluca,T012,Xoloitzcuintles,3,2,0,0,Estadio Nemesio Díez,W,0,
4300,Apertura 2022,2022,apertura,5,2022-07-29,T003,Monterrey,T005,Tigres UANL,3,4,1,0,Estadio BBVA,L,0,
4301,Apertura 2022,2022,apertura,5,2022-07-29,T001,C. Azul,T004,Deportivo Guadalajara,2,1,2,1,Estadio Ciudad de los Deportes,W,1,
4302,Apertura 2022,2022,apertura,5,2022-07-29,T002,América,T008,Atlas Guadalajara,3,1,2,0,Estadio Azteca,W,0,
4303,Apertura 2022,2022,apertura,5,2022-07-29,T018,Mazatlán FC,T015,Impulsora Necaxa,1,1,0,1,Estadio de Mazatlán,D,0,
4304,Apertura 2022,2022,apertura,6,2022-08-05,T005,Tigres,T010,Deportivo Toluca,1,1,1,1,Estadio Universitario,D,0,
4305,Apertura 2022,2022,apertura,6,2022-08-05,T008,Atlas,T007,Pumas,2,1,1,0,Estadio Jalisco,W,0,
4306,Apertura 2022,2022,apertura,6,2022-08-05,T014,Atlético San Luis,T016,Querétaro,1,1,1,1,Estadio Alfonso Lastras,D,0,
4307,Apertura 2022,2022,apertura,6,2022-08-05,T004,Guadalajara,T015,Club Necaxa,3,1,3,1,Estadio Akron,W,0,
4308,Apertura 2022,2022,apertura,6,2022-08-05,T003,Monterrey,T011,Mazatlán FC,1,0,1,0,Estadio BBVA,W,0,Antes llamado 'Monarcas Morelia' (pre-2020) — cuidado en análisis histórico
4309,Apertura 2022,2022,apertura,6,2022-08-05,T009,Santos Laguna,T001,Cruz Azul,0,3,0,3,Estadio Corona,L,1,
4310,Apertura 2022,2022,apertura,6,2022-08-05,T002,Club América,T006,León FC,4,1,3,1,Estadio Azteca,W,0,
4311,Apertura 2022,2022,apertura,6,2022-08-05,T013,Juárez,T012,Tijuana,2,4,0,3,Estadio Olímpico Benito Juárez,L,0,
4312,Apertura 2022,2022,apertura,7,2022-08-12,T004,Guadalajara,T017,Puebla FC,1,2,0,0,Estadio Akron,L,0,
4313,Apertura 2022,2022,apertura,7,2022-08-12,T009,Santos Laguna,T014,Atlético San Luis,1,4,0,4,Estadio Corona,L,0,
4314,Apertura 2022,2022,apertura,7,2022-08-12,T015,Necaxa,T016,Querétaro FC,1,1,1,0,Estadio Victoria,D,0,
4315,Apertura 2022,2022,apertura,7,2022-08-12,T006,León,T011,Mazatlán FC,1,1,1,0,Estadio León,D,0,Antes llamado 'Monarcas Morelia' (pre-2020) — cuidado en análisis histórico
4316,Apertura 2022,2022,apertura,7,2022-08-12,T008,Atlas Guadalajara,T001,C. Azul,1,1,1,1,Estadio Jalisco,D,1,
4317,Apertura 2022,2022,apertura,7,2022-08-12,T013,FC Juárez,T002,Club América,2,2,1,1,Estadio Olímpico Benito Juárez,D,0,
4318,Apertura 2022,2022,apertura,7,2022-08-12,T010,Toluca,T005,Tigres UANL,2,1,0,0,Estadio Nemesio Díez,W,0,
4319,Apertura 2022,2022,apertura,7,2022-08-12,T007,Pumas UNAM,T018,Mazatlán FC,4,1,4,1,Estadio Olímpico Universitario,W,0,
4320,Apertura 2022,2022,apertura,8,2022-08-19,T016,Querétaro,T001,Cruz Azul FC,1,0,1,0,Estadio Corregidora,W,1,
4321,Apertura 2022,2022,apertura,8,2022-08-19,T009,Santos,T003,CF Monterrey,3,1,1,0,Estadio Corona,W,0,
4322,Apertura 2022,2022,apertura,8,2022-08-19,T011,Mazatlán FC,T013,Juárez,4,4,0,4,Estadio Morelos,D,0,Antes llamado 'Monarcas Morelia' (pre-2020) — cuidado en análisis histórico
4323,Apertura 2022,2022,apertura,8,2022-08-19,T015,Impulsora Necaxa,T004,Chivas,2,1,1,0,Estadio Victoria,W,0,
4324,Apertura 2022,2022,apertura,8,2022-08-19,T005,Tigres UANL,T006,León FC,2,1,1,1,Estadio Universitario,W,0,
4325,Apertura 2022,2022,apertura,8,2022-08-19,T010,Deportivo Toluca,T014,Atlético San Luis,2,2,0,2,Estadio Nemesio Díez,D,0,
4326,Apertura 2022,2022,apertura,8,2022-08-19,T017,La Franja,T012,Xoloitzcuintles,3,4,3,3,Estadio Cuauhtémoc,L,0,
4327,Apertura 2022,2022,apertura,8,2022-08-19,T002,CF América,T018,Mazatlán FC,1,1,1,1,Estadio Azteca,D,0,
4328,Apertura 2022,2022,apertura,9,2022-08-26,T002,CF América,T012,Tijuana,2,3,1,1,Estadio Azteca,L,0,
4329,Apertura 2022,2022,apertura,9,2022-08-26,T008,Atlas Guadalajara,T011,Mazatlán FC,0,1,0,0,Estadio Jalisco,L,0,Antes llamado 'Monarcas Morelia' (pre-2020) — cuidado en análisis histórico
4330,Apertura 2022,2022,apertura,9,2022-08-26,T005,Tigres,T018,Mazatlán FC,0,0,0,0,Estadio Universitario,D,0,
4331,Apertura 2022,2022,apertura,9,2022-08-26,T001,C. Azul,T016,Gallos Blancos,2,1,0,0,Estadio Ciudad de los Deportes,W,1,
4332,Apertura 2022,2022,apertura,9,2022-08-26,T007,UNAM Pumas,T017,Club Puebla,2,1,0,0,Estadio Olímpico Universitario,W,0,
4333,Apertura 2022,2022,apertura,9,2022-08-26,T009,Santos Laguna FC,T015,Necaxa,0,0,0,0,Estadio Corona,D,0,
4334,Apertura 2022,2022,apertura,9,2022-08-26,T004,Guadalajara,T006,Club León,4,2,4,1,Estadio Akron,W,0,
4335,Apertura 2022,2022,apertura,9,2022-08-26,T003,CF Monterrey,T010,Deportivo Toluca,3,1,0,1,Estadio BBVA,W,0,
4336,Apertura 2022,2022,apertura,10,2022-09-02,T012,Club Tijuana,T015,Club Necaxa,0,1,0,1,Estadio Caliente,L,0,
4337,Apertura 2022,2022,apertura,10,2022-09-02,T010,Toluca FC,T013,Bravos de Juárez,1,3,0,1,Estadio Nemesio Díez,L,0,
4338,Apertura 2022,2022,apertura,10,2022-09-02,T014,A. San Luis,T003,Monterrey,0,3,0,3,Estadio Alfonso Lastras,L,0,
4339,Apertura 2022,2022,apertura,10,2022-09-02,T007,UNAM Pumas,T017,Puebla FC,2,4,0,0,Estadio Olímpico Universitario,L,0,
4340,Apertura 2022,2022,apertura,10,2022-09-02,T005,Tigres,T011,Mazatlán FC,4,2,1,0,Estadio Universitario,W,0,Antes llamado 'Monarcas Morelia' (pre-2020) — cuidado en análisis histórico
4341,Apertura 2022,2022,apertura,10,2022-09-02,T009,Santos Laguna FC,T002,CF América,1,0,1,0,Estadio Corona,W,0,
4342,Apertura 2022,2022,apertura,10,2022-09-02,T004,Chivas,T001,C. Azul,1,2,0,1,Estadio Akron,L,1,
4343,Apertura 2022,2022,apertura,10,2022-09-02,T006,León FC,T008,Atlas Guadalajara,2,2,2,1,Estadio León,D,0,
4344,Apertura 2022,2022,apertura,11,2022-09-09,T001,C. Azul,T014,San Luis,3,3,2,1,Estadio Ciudad de los Deportes,D,1,
4345,Apertura 2022,2022,apertura,11,2022-09-09,T004,Deportivo Guadalajara,T012,Club Tijuana,1,3,1,1,Estadio Akron,L,0,
4346,Apertura 2022,2022,apertura,11,2022-09-09,T016,Gallos Blancos,T003,CF Monterrey,4,0,0,0,Estadio Corregidora,W,0,
4347,Apertura 2022,2022,apertura,11,2022-09-09,T011,Mazatlán FC,T006,León FC,1,1,0,0,Estadio Morelos,D,0,Antes llamado 'Monarcas Morelia' (pre-2020) — cuidado en análisis histórico
4348,Apertura 2022,2022,apertura,11,2022-09-09,T009,Santos Laguna,T017,Puebla FC,4,0,1,0,Estadio Corona,W,0,
4349,Apertura 2022,2022,apertura,11,2022-09-09,T013,FC Juárez,T015,Club Necaxa,2,3,0,2,Estadio Olímpico Benito Juárez,L,0,
4350,Apertura 2022,2022,apertura,11,2022-09-09,T018,Mazatlán FC,T005,UANL Tigres,0,0,0,0,Estadio de Mazatlán,D,0,
4351,Apertura 2022,2022,apertura,11,2022-09-09,T010,Deportivo Toluca,T002,América,1,2,0,2,Estadio Nemesio Díez,L,0,
4352,Apertura 2022,2022,apertura,12,2022-09-16,T014,San Luis,T012,Club Tijuana,0,4,0,0,Estadio Alfonso Lastras,L,0,
4353,Apertura 2022,2022,apertura,12,2022-09-16,T005,Tigres,T002,Club América,1,0,1,0,Estadio Universitario,W,0,
4354,Apertura 2022,2022,apertura,12,2022-09-16,T003,Rayados,T009,Santos,1,0,0,0,Estadio BBVA,W,0,
4355,Apertura 2022,2022,apertura,12,2022-09-16,T016,Querétaro,T001,Cruz Azul,1,0,1,0,Estadio Corregidora,W,1,
4356,Apertura 2022,2022,apertura,12,2022-09-16,T008,Atlas,T017,Puebla FC,2,3,0,1,Estadio Jalisco,L,0,
4357,Apertura 2022,2022,apertura,12,2022-09-16,T011,Mazatlán FC,T013,FC Juárez,2,1,0,1,Estadio Morelos,W,0,Antes llamado 'Monarcas Morelia' (pre-2020) — cuidado en análisis histórico
4358,Apertura 2022,2022,apertura,12,2022-09-16,T015,Club Necaxa,T006,Club León,1,1,1,1,Estadio Victoria,D,0,
4359,Apertura 2022,2022,apertura,12,2022-09-16,T007,Pumas,T018,Mazatlán FC,1,1,1,1,Estadio Olímpico Universitario,D,0,
4360,Apertura 2022,2022,apertura,13,2022-09-23,T018,Mazatlán FC,T003,CF Monterrey,1,3,0,1,Estadio de Mazatlán,L,0,
4361,Apertura 2022,2022,apertura,13,2022-09-23,T002,CF América,T004,Deportivo Guadalajara,1,0,0,0,Estadio Azteca,W,0,
4362,Apertura 2022,2022,apertura,13,2022-09-23,T012,Xoloitzcuintles,T008,Atlas Guadalajara,2,3,0,0,Estadio Caliente,L,0,
4363,Apertura 2022,2022,apertura,13,2022-09-23,T017,Puebla FC,T007,Pumas UNAM,1,0,1,0,Estadio Cuauhtémoc,W,0,
4364,Apertura 2022,2022,apertura,13,2022-09-23,T014,Atlético San Luis,T015,Impulsora Necaxa,0,0,0,0,Estadio Alfonso Lastras,D,0,
4365,Apertura 2022,2022,apertura,13,2022-09-23,T016,Querétaro,T011,Mazatlán FC,1,1,0,0,Estadio Corregidora,D,0,Antes llamado 'Monarcas Morelia' (pre-2020) — cuidado en análisis histórico
4366,Apertura 2022,2022,apertura,13,2022-09-23,T005,Tigres UANL,T006,León FC,4,1,0,1,Estadio Universitario,W,0,
4367,Apertura 2022,2022,apertura,13,2022-09-23,T010,Toluca,T013,Juárez,2,1,1,0,Estadio Nemesio Díez,W,0,
4368,Apertura 2022,2022,apertura,14,2022-09-30,T016,Querétaro,T007,UNAM Pumas,2,1,2,1,Estadio Corregidora,W,0,
4369,Apertura 2022,2022,apertura,14,2022-09-30,T003,Rayados,T010,Toluca,1,2,1,0,Estadio BBVA,L,0,
4370,Apertura 2022,2022,apertura,14,2022-09-30,T002,América,T009,Santos Laguna FC,1,0,1,0,Estadio Azteca,W,0,
4371,Apertura 2022,2022,apertura,14,2022-09-30,T014,Atlético San Luis,T011,Mazatlán FC,2,1,1,1,Estadio Alfonso Lastras,W,0,Antes llamado 'Monarcas Morelia' (pre-2020) — cuidado en análisis histórico
4372,Apertura 2022,2022,apertura,14,2022-09-30,T006,Club León,T017,La Franja,4,0,0,0,Estadio León,W,0,
4373,Apertura 2022,2022,apertura,14,2022-09-30,T018,Mazatlán FC,T013,Juárez,1,3,0,0,Estadio de Mazatlán,L,0,
4374,Apertura 2022,2022,apertura,14,2022-09-30,T012,Xoloitzcuintles,T001,Cruz Azul FC,2,1,1,0,Estadio Caliente,W,1,
4375,Apertura 2022,2022,apertura,14,2022-09-30,T004,Guadalajara,T005,UANL Tigres,2,4,1,2,Estadio Akron,L,0,
4376,Apertura 2022,2022,apertura,15,2022-10-07,T011,Mazatlán FC,T016,Gallos Blancos,2,1,1,1,Estadio Morelos,W,0,Antes llamado 'Monarcas Morelia' (pre-2020) — cuidado en análisis histórico
4377,Apertura 2022,2022,apertura,15,2022-10-07,T015,Necaxa,T005,UANL Tigres,0,1,0,1,Estadio Victoria,L,0,
4378,Apertura 2022,2022,apertura,15,2022-10-07,T009,Santos,T007,UNAM Pumas,1,3,1,3,Estadio Corona,L,0,
4379,Apertura 2022,2022,apertura,15,2022-10-07,T003,Rayados,T017,La Franja,2,0,2,0,Estadio BBVA,W,0,
4380,Apertura 2022,2022,apertura,15,2022-10-07,T001,C. Azul,T018,Mazatlán FC,1,1,1,0,Estadio Ciudad de los Deportes,D,1,
4381,Apertura 2022,2022,apertura,15,2022-10-07,T006,León FC,T008,Atlas,1,1,0,0,Estadio León,D,0,
4382,Apertura 2022,2022,apertura,15,2022-10-07,T014,San Luis,T004,Deportivo Guadalajara,1,2,0,0,Estadio Alfonso Lastras,L,0,
4383,Apertura 2022,2022,apertura,15,2022-10-07,T010,Toluca,T013,FC Juárez,3,2,0,0,Estadio Nemesio Díez,W,0,
4384,Apertura 2022,2022,apertura,16,2022-10-14,T018,Mazatlán FC,T015,Impulsora Necaxa,1,1,0,1,Estadio de Mazatlán,D,0,
4385,Apertura 2022,2022,apertura,16,2022-10-14,T016,Gallos Blancos,T017,Puebla FC,2,0,1,0,Estadio Corregidora,W,0,
4386,Apertura 2022,2022,apertura,16,2022-10-14,T006,León FC,T007,UNAM Pumas,1,0,1,0,Estadio León,W,0,
4387,Apertura 2022,2022,apertura,16,2022-10-14,T011,Mazatlán FC,T012,Xoloitzcuintles,1,1,0,0,Estadio Morelos,D,0,Antes llamado 'Monarcas Morelia' (pre-2020) — cuidado en análisis histórico
4388,Apertura 2022,2022,apertura,16,2022-10-14,T010,Toluca FC,T002,CF América,1,2,0,1,Estadio Nemesio Díez,L,0,
4389,Apertura 2022,2022,apertura,16,2022-10-14,T003,Monterrey,T001,Cruz Azul,0,2,0,0,Estadio BBVA,L,1,
4390,Apertura 2022,2022,apertura,16,2022-10-14,T005,UANL Tigres,T004,Guadalajara,2,2,2,0,Estadio Universitario,D,0,
4391,Apertura 2022,2022,apertura,16,2022-10-14,T009,Santos,T013,FC Juárez,4,0,4,0,Estadio Corona,W,0,
4392,Apertura 2022,2022,apertura,17,2022-10-21,T013,FC Juárez,T003,Rayados,2,1,0,0,Estadio Olímpico Benito Juárez,W,0,
4393,Apertura 2022,2022,apertura,17,2022-10-21,T011,Mazatlán FC,T006,León,1,2,0,0,Estadio Morelos,L,0,Antes llamado 'Monarcas Morelia' (pre-2020) — cuidado en análisis histórico
4394,Apertura 2022,2022,apertura,17,2022-10-21,T017,La Franja,T004,Guadalajara,0,0,0,0,Estadio Cuauhtémoc,D,0,
4395,Apertura 2022,2022,apertura,17,2022-10-21,T005,Tigres UANL,T007,Pumas,0,3,0,0,Estadio Universitario,L,0,
4396,Apertura 2022,2022,apertura,17,2022-10-21,T016,Querétaro,T014,A. San Luis,0,2,0,1,Estadio Corregidora,L,0,
4397,Apertura 2022,2022,apertura,17,2022-10-21,T010,Toluca,T009,Santos,2,1,2,0,Estadio Nemesio Díez,W,0,
4398,Apertura 2022,2022,apertura,17,2022-10-21,T015,Club Necaxa,T012,Xoloitzcuintles,1,1,0,1,Estadio Victoria,D,0,
4399,Apertura 2022,2022,apertura,17,2022-10-21,T008,Club Atlas,T002,Club América,2,0,1,0,Estadio Jalisco,W,0,
4400,Clausura 2023,2023,clausura,1,2023-01-01,T005,Tigres UANL,T018,Mazatlán FC,0,0,0,0,Estadio Universitario,D,0,
4401,Clausura 2023,2023,clausura,1,2023-01-01,T009,Santos Laguna,T007,UNAM Pumas,2,1,0,1,Estadio Corona,W,0,
4402,Clausura 2023,2023,clausura,1,2023-01-01,T006,Club León,T008,Atlas,2,3,1,3,Estadio León,L,0,
4403,Clausura 2023,2023,clausura,1,2023-01-01,T002,Club América,T012,Club Tijuana,0,2,0,1,Estadio Azteca,L,0,
4404,Clausura 2023,2023,clausura,1,2023-01-01,T011,Mazatlán FC,T015,Impulsora Necaxa,1,1,0,1,Estadio Morelos,D,0,Antes llamado 'Monarcas Morelia' (pre-2020) — cuidado en análisis histórico
4405,Clausura 2023,2023,clausura,1,2023-01-01,T004,Deportivo Guadalajara,T013,Juárez,3,0,0,0,Estadio Akron,W,0,
4406,Clausura 2023,2023,clausura,1,2023-01-01,T001,C. Azul,T016,Querétaro FC,3,2,3,1,Estadio Ciudad de los Deportes,W,1,
4407,Clausura 2023,2023,clausura,1,2023-01-01,T003,Monterrey,T014,A. San Luis,1,1,1,1,Estadio BBVA,D,0,
4408,Clausura 2023,2023,clausura,2,2023-01-08,T017,Club Puebla,T007,Pumas UNAM,1,4,1,2,Estadio Cuauhtémoc,L,0,
4409,Clausura 2023,2023,clausura,2,2023-01-08,T016,Gallos Blancos,T011,Mazatlán FC,3,1,2,0,Estadio Corregidora,W,0,Antes llamado 'Monarcas Morelia' (pre-2020) — cuidado en análisis histórico
4410,Clausura 2023,2023,clausura,2,2023-01-08,T001,Cruz Azul,T005,UANL Tigres,2,2,2,0,Estadio Ciudad de los Deportes,D,1,
4411,Clausura 2023,2023,clausura,2,2023-01-08,T010,Toluca FC,T018,Mazatlán FC,4,0,1,0,Estadio Nemesio Díez,W,0,
4412,Clausura 2023,2023,clausura,2,2023-01-08,T002,Club América,T004,Chivas,3,1,3,0,Estadio Azteca,W,0,
4413,Clausura 2023,2023,clausura,2,2023-01-08,T014,San Luis,T008,Club Atlas,4,0,4,0,Estadio Alfonso Lastras,W,0,
4414,Clausura 2023,2023,clausura,2,2023-01-08,T015,Impulsora Necaxa,T006,León,1,1,0,0,Estadio Victoria,D,0,
4415,Clausura 2023,2023,clausura,2,2023-01-08,T003,Monterrey,T009,Santos Laguna,1,1,0,1,Estadio BBVA,D,0,
4416,Clausura 2023,2023,clausura,3,2023-01-15,T003,Monterrey,T013,FC Juárez,2,1,1,0,Estadio BBVA,W,0,
4417,Clausura 2023,2023,clausura,3,2023-01-15,T007,UNAM Pumas,T011,Mazatlán FC,1,0,0,0,Estadio Olímpico Universitario,W,0,Antes llamado 'Monarcas Morelia' (pre-2020) — cuidado en análisis histórico
4418,Clausura 2023,2023,clausura,3,2023-01-15,T006,León,T004,Chivas,1,1,1,0,Estadio León,D,0,
4419,Clausura 2023,2023,clausura,3,2023-01-15,T017,La Franja,T015,Impulsora Necaxa,1,2,0,0,Estadio Cuauhtémoc,L,0,
4420,Clausura 2023,2023,clausura,3,2023-01-15,T008,Atlas Guadalajara,T014,A. San Luis,1,0,0,0,Estadio Jalisco,W,0,
4421,Clausura 2023,2023,clausura,3,2023-01-15,T001,Cruz Azul FC,T018,Mazatlán FC,2,2,1,0,Estadio Ciudad de los Deportes,D,1,
4422,Clausura 2023,2023,clausura,3,2023-01-15,T010,Deportivo Toluca,T012,Xoloitzcuintles,2,2,0,1,Estadio Nemesio Díez,D,0,
4423,Clausura 2023,2023,clausura,3,2023-01-15,T002,Club América,T005,Tigres UANL,4,1,1,1,Estadio Azteca,W,0,
4424,Clausura 2023,2023,clausura,4,2023-01-22,T011,Mazatlán FC,T007,UNAM Pumas,4,2,0,1,Estadio Morelos,W,0,Antes llamado 'Monarcas Morelia' (pre-2020) — cuidado en análisis histórico
4425,Clausura 2023,2023,clausura,4,2023-01-22,T015,Club Necaxa,T005,Tigres UANL,1,1,0,0,Estadio Victoria,D,0,
4426,Clausura 2023,2023,clausura,4,2023-01-22,T017,Puebla FC,T003,Monterrey,3,2,3,1,Estadio Cuauhtémoc,W,0,
4427,Clausura 2023,2023,clausura,4,2023-01-22,T008,Atlas Guadalajara,T001,Cruz Azul FC,2,4,0,1,Estadio Jalisco,L,1,
4428,Clausura 2023,2023,clausura,4,2023-01-22,T013,FC Juárez,T012,Xoloitzcuintles,0,0,0,0,Estadio Olímpico Benito Juárez,D,0,
4429,Clausura 2023,2023,clausura,4,2023-01-22,T004,Chivas,T002,CF América,2,2,1,1,Estadio Akron,D,0,
4430,Clausura 2023,2023,clausura,4,2023-01-22,T010,Toluca FC,T006,León,1,1,0,0,Estadio Nemesio Díez,D,0,
4431,Clausura 2023,2023,clausura,4,2023-01-22,T018,Mazatlán FC,T014,San Luis,1,0,1,0,Estadio de Mazatlán,W,0,
4432,Clausura 2023,2023,clausura,5,2023-01-29,T011,Mazatlán FC,T001,Cruz Azul,4,1,1,0,Estadio Morelos,W,1,Antes llamado 'Monarcas Morelia' (pre-2020) — cuidado en análisis histórico
4433,Clausura 2023,2023,clausura,5,2023-01-29,T014,San Luis,T013,Bravos de Juárez,0,1,0,1,Estadio Alfonso Lastras,L,0,
4434,Clausura 2023,2023,clausura,5,2023-01-29,T018,Mazatlán FC,T009,Santos,1,0,1,0,Estadio de Mazatlán,W,0,
4435,Clausura 2023,2023,clausura,5,2023-01-29,T012,Tijuana,T010,Toluca,1,4,1,2,Estadio Caliente,L,0,
4436,Clausura 2023,2023,clausura,5,2023-01-29,T006,León FC,T008,Atlas,4,2,1,2,Estadio León,W,0,
4437,Clausura 2023,2023,clausura,5,2023-01-29,T016,Querétaro FC,T003,Rayados,0,2,0,0,Estadio Corregidora,L,0,
4438,Clausura 2023,2023,clausura,5,2023-01-29,T015,Club Necaxa,T017,La Franja,3,1,3,0,Estadio Victoria,W,0,
4439,Clausura 2023,2023,clausura,5,2023-01-29,T005,UANL Tigres,T004,Deportivo Guadalajara,0,4,0,2,Estadio Universitario,L,0,
4440,Clausura 2023,2023,clausura,6,2023-02-05,T017,Puebla FC,T012,Club Tijuana,2,3,0,2,Estadio Cuauhtémoc,L,0,
4441,Clausura 2023,2023,clausura,6,2023-02-05,T004,Guadalajara,T015,Impulsora Necaxa,3,3,3,0,Estadio Akron,D,0,
4442,Clausura 2023,2023,clausura,6,2023-02-05,T008,Club Atlas,T010,Toluca,2,3,2,3,Estadio Jalisco,L,0,
4443,Clausura 2023,2023,clausura,6,2023-02-05,T016,Querétaro FC,T006,Club León,3,1,0,0,Estadio Corregidora,W,0,
4444,Clausura 2023,2023,clausura,6,2023-02-05,T001,C. Azul,T009,Santos Laguna FC,2,1,2,1,Estadio Ciudad de los Deportes,W,1,
4445,Clausura 2023,2023,clausura,6,2023-02-05,T002,Club América,T014,San Luis,0,1,0,0,Estadio Azteca,L,0,
4446,Clausura 2023,2023,clausura,6,2023-02-05,T018,Mazatlán FC,T005,UANL Tigres,0,3,0,3,Estadio de Mazatlán,L,0,
4447,Clausura 2023,2023,clausura,6,2023-02-05,T007,Pumas,T003,Monterrey,2,1,1,1,Estadio Olímpico Universitario,W,0,
4448,Clausura 2023,2023,clausura,7,2023-02-12,T017,La Franja,T010,Toluca FC,3,0,2,0,Estadio Cuauhtémoc,W,0,
4449,Clausura 2023,2023,clausura,7,2023-02-12,T014,A. San Luis,T015,Impulsora Necaxa,2,4,1,4,Estadio Alfonso Lastras,L,0,
4450,Clausura 2023,2023,clausura,7,2023-02-12,T005,Tigres UANL,T008,Club Atlas,1,0,0,0,Estadio Universitario,W,0,
4451,Clausura 2023,2023,clausura,7,2023-02-12,T002,Club América,T006,León,3,3,3,1,Estadio Azteca,D,0,
4452,Clausura 2023,2023,clausura,7,2023-02-12,T013,Juárez,T016,Gallos Blancos,4,1,2,0,Estadio Olímpico Benito Juárez,W,0,
4453,Clausura 2023,2023,clausura,7,2023-02-12,T001,Cruz Azul FC,T003,Rayados,2,1,1,1,Estadio Ciudad de los Deportes,W,1,
4454,Clausura 2023,2023,clausura,7,2023-02-12,T009,Santos,T007,Pumas,2,2,1,2,Estadio Corona,D,0,
4455,Clausura 2023,2023,clausura,7,2023-02-12,T012,Club Tijuana,T004,Guadalajara,0,0,0,0,Estadio Caliente,D,0,
4456,Clausura 2023,2023,clausura,8,2023-02-19,T005,Tigres UANL,T011,Mazatlán FC,1,2,0,2,Estadio Universitario,L,0,Antes llamado 'Monarcas Morelia' (pre-2020) — cuidado en análisis histórico
4457,Clausura 2023,2023,clausura,8,2023-02-19,T003,Monterrey,T014,San Luis,3,4,1,1,Estadio BBVA,L,0,
4458,Clausura 2023,2023,clausura,8,2023-02-19,T009,Santos Laguna,T017,La Franja,3,1,1,0,Estadio Corona,W,0,
4459,Clausura 2023,2023,clausura,8,2023-02-19,T001,Cruz Azul,T012,Xoloitzcuintles,0,1,0,1,Estadio Ciudad de los Deportes,L,1,
4460,Clausura 2023,2023,clausura,8,2023-02-19,T016,Querétaro FC,T004,Guadalajara,0,1,0,1,Estadio Corregidora,L,0,
4461,Clausura 2023,2023,clausura,8,2023-02-19,T002,CF América,T008,Atlas,4,0,4,0,Estadio Azteca,W,0,
4462,Clausura 2023,2023,clausura,8,2023-02-19,T006,Club León,T015,Club Necaxa,1,0,0,0,Estadio León,W,0,
4463,Clausura 2023,2023,clausura,8,2023-02-19,T010,Deportivo Toluca,T018,Mazatlán FC,2,0,0,0,Estadio Nemesio Díez,W,0,
4464,Clausura 2023,2023,clausura,9,2023-02-26,T018,Mazatlán FC,T007,Pumas UNAM,1,1,0,0,Estadio de Mazatlán,D,0,
4465,Clausura 2023,2023,clausura,9,2023-02-26,T017,La Franja,T003,CF Monterrey,2,1,0,1,Estadio Cuauhtémoc,W,0,
4466,Clausura 2023,2023,clausura,9,2023-02-26,T009,Santos Laguna FC,T002,América,3,4,0,2,Estadio Corona,L,0,
4467,Clausura 2023,2023,clausura,9,2023-02-26,T016,Gallos Blancos,T004,Guadalajara,1,0,1,0,Estadio Corregidora,W,0,
4468,Clausura 2023,2023,clausura,9,2023-02-26,T008,Atlas,T014,Atlético San Luis,2,0,2,0,Estadio Jalisco,W,0,
4469,Clausura 2023,2023,clausura,9,2023-02-26,T006,León FC,T001,Cruz Azul FC,1,2,0,0,Estadio León,L,1,
4470,Clausura 2023,2023,clausura,9,2023-02-26,T011,Mazatlán FC,T010,Toluca,0,0,0,0,Estadio Morelos,D,0,Antes llamado 'Monarcas Morelia' (pre-2020) — cuidado en análisis histórico
4471,Clausura 2023,2023,clausura,9,2023-02-26,T005,Tigres,T012,Xoloitzcuintles,1,3,1,0,Estadio Universitario,L,0,
4472,Clausura 2023,2023,clausura,10,2023-03-05,T004,Chivas,T008,Club Atlas,3,0,1,0,Estadio Akron,W,0,
4473,Clausura 2023,2023,clausura,10,2023-03-05,T010,Toluca,T007,Pumas,3,3,0,1,Estadio Nemesio Díez,D,0,
4474,Clausura 2023,2023,clausura,10,2023-03-05,T015,Necaxa,T001,Cruz Azul,3,2,2,0,Estadio Victoria,W,1,
4475,Clausura 2023,2023,clausura,10,2023-03-05,T017,La Franja,T009,Santos Laguna,3,1,0,0,Estadio Cuauhtémoc,W,0,
4476,Clausura 2023,2023,clausura,10,2023-03-05,T014,Atlético San Luis,T013,Bravos de Juárez,1,1,0,1,Estadio Alfonso Lastras,D,0,
4477,Clausura 2023,2023,clausura,10,2023-03-05,T005,Tigres UANL,T012,Tijuana,3,2,1,0,Estadio Universitario,W,0,
4478,Clausura 2023,2023,clausura,10,2023-03-05,T018,Mazatlán FC,T011,Mazatlán FC,4,1,4,0,Estadio de Mazatlán,W,0,Antes llamado 'Monarcas Morelia' (pre-2020) — cuidado en análisis histórico
4479,Clausura 2023,2023,clausura,10,2023-03-05,T006,León,T003,Rayados,4,2,4,2,Estadio León,W,0,
4480,Clausura 2023,2023,clausura,11,2023-03-12,T016,Gallos Blancos,T011,Mazatlán FC,3,1,2,0,Estadio Corregidora,W,0,Antes llamado 'Monarcas Morelia' (pre-2020) — cuidado en análisis histórico
4481,Clausura 2023,2023,clausura,11,2023-03-12,T001,C. Azul,T006,León,0,1,0,0,Estadio Ciudad de los Deportes,L,1,
4482,Clausura 2023,2023,clausura,11,2023-03-12,T002,Club América,T015,Impulsora Necaxa,2,1,0,1,Estadio Azteca,W,0,
4483,Clausura 2023,2023,clausura,11,2023-03-12,T003,Rayados,T014,Atlético San Luis,2,3,0,3,Estadio BBVA,L,0,
4484,Clausura 2023,2023,clausura,11,2023-03-12,T007,Pumas UNAM,T013,Bravos de Juárez,4,1,0,0,Estadio Olímpico Universitario,W,0,
4485,Clausura 2023,2023,clausura,11,2023-03-12,T018,Mazatlán FC,T009,Santos Laguna FC,2,3,0,2,Estadio de Mazatlán,L,0,
4486,Clausura 2023,2023,clausura,11,2023-03-12,T005,Tigres,T008,Atlas,3,0,0,0,Estadio Universitario,W,0,
4487,Clausura 2023,2023,clausura,11,2023-03-12,T010,Toluca,T004,Chivas,0,1,0,0,Estadio Nemesio Díez,L,0,
4488,Clausura 2023,2023,clausura,12,2023-03-19,T011,Mazatlán FC,T016,Gallos Blancos,3,3,1,2,Estadio Morelos,D,0,Antes llamado 'Monarcas Morelia' (pre-2020) — cuidado en análisis histórico
4489,Clausura 2023,2023,clausura,12,2023-03-19,T012,Tijuana,T017,Club Puebla,1,2,1,0,Estadio Caliente,L,0,
4490,Clausura 2023,2023,clausura,12,2023-03-19,T015,Club Necaxa,T004,Guadalajara,3,3,3,2,Estadio Victoria,D,0,
4491,Clausura 2023,2023,clausura,12,2023-03-19,T013,Bravos de Juárez,T010,Deportivo Toluca,3,2,3,0,Estadio Olímpico Benito Juárez,W,0,
4492,Clausura 2023,2023,clausura,12,2023-03-19,T001,Cruz Azul,T003,Monterrey,4,0,3,0,Estadio Ciudad de los Deportes,W,1,
4493,Clausura 2023,2023,clausura,12,2023-03-19,T008,Atlas Guadalajara,T005,Tigres UANL,3,1,0,1,Estadio Jalisco,W,0,
4494,Clausura 2023,2023,clausura,12,2023-03-19,T009,Santos,T007,Pumas,1,0,0,0,Estadio Corona,W,0,
4495,Clausura 2023,2023,clausura,12,2023-03-19,T002,América,T018,Mazatlán FC,2,1,2,0,Estadio Azteca,W,0,
4496,Clausura 2023,2023,clausura,13,2023-03-26,T008,Club Atlas,T010,Toluca FC,3,4,3,2,Estadio Jalisco,L,0,
4497,Clausura 2023,2023,clausura,13,2023-03-26,T006,León,T004,Deportivo Guadalajara,3,0,0,0,Estadio León,W,0,
4498,Clausura 2023,2023,clausura,13,2023-03-26,T017,La Franja,T009,Santos Laguna,3,1,3,0,Estadio Cuauhtémoc,W,0,
4499,Clausura 2023,2023,clausura,13,2023-03-26,T001,Cruz Azul FC,T018,Mazatlán FC,2,0,1,0,Estadio Ciudad de los Deportes,W,1,
4500,Clausura 2023,2023,clausura,13,2023-03-26,T013,FC Juárez,T015,Club Necaxa,2,1,2,0,Estadio Olímpico Benito Juárez,W,0,
4501,Clausura 2023,2023,clausura,13,2023-03-26,T002,América,T011,Mazatlán FC,1,1,0,1,Estadio Azteca,D,0,Antes llamado 'Monarcas Morelia' (pre-2020) — cuidado en análisis histórico
4502,Clausura 2023,2023,clausura,13,2023-03-26,T003,Monterrey,T012,Tijuana,3,0,0,0,Estadio BBVA,W,0,
4503,Clausura 2023,2023,clausura,13,2023-03-26,T005,Tigres UANL,T007,Pumas UNAM,2,3,1,0,Estadio Universitario,L,0,
4504,Clausura 2023,2023,clausura,14,2023-04-02,T003,Monterrey,T017,La Franja,1,4,1,2,Estadio BBVA,L,0,
4505,Clausura 2023,2023,clausura,14,2023-04-02,T015,Necaxa,T006,León FC,2,1,1,1,Estadio Victoria,W,0,
4506,Clausura 2023,2023,clausura,14,2023-04-02,T018,Mazatlán FC,T011,Mazatlán FC,1,1,1,1,Estadio de Mazatlán,D,0,Antes llamado 'Monarcas Morelia' (pre-2020) — cuidado en análisis histórico
4507,Clausura 2023,2023,clausura,14,2023-04-02,T013,Juárez,T001,C. Azul,1,1,1,1,Estadio Olímpico Benito Juárez,D,1,
4508,Clausura 2023,2023,clausura,14,2023-04-02,T002,América,T008,Club Atlas,0,1,0,1,Estadio Azteca,L,0,
4509,Clausura 2023,2023,clausura,14,2023-04-02,T010,Deportivo Toluca,T004,Deportivo Guadalajara,4,3,1,1,Estadio Nemesio Díez,W,0,
4510,Clausura 2023,2023,clausura,14,2023-04-02,T016,Querétaro FC,T007,UNAM Pumas,0,1,0,1,Estadio Corregidora,L,0,
4511,Clausura 2023,2023,clausura,14,2023-04-02,T005,Tigres,T014,Atlético San Luis,0,2,0,2,Estadio Universitario,L,0,
4512,Clausura 2023,2023,clausura,15,2023-04-09,T015,Necaxa,T007,Pumas UNAM,3,4,1,3,Estadio Victoria,L,0,
4513,Clausura 2023,2023,clausura,15,2023-04-09,T011,Mazatlán FC,T003,Monterrey,3,1,0,1,Estadio Morelos,W,0,Antes llamado 'Monarcas Morelia' (pre-2020) — cuidado en análisis histórico
4514,Clausura 2023,2023,clausura,15,2023-04-09,T008,Atlas,T016,Gallos Blancos,2,1,0,1,Estadio Jalisco,W,0,
4515,Clausura 2023,2023,clausura,15,2023-04-09,T012,Xoloitzcuintles,T006,León FC,1,1,0,0,Estadio Caliente,D,0,
4516,Clausura 2023,2023,clausura,15,2023-04-09,T018,Mazatlán FC,T009,Santos Laguna,4,0,2,0,Estadio de Mazatlán,W,0,
4517,Clausura 2023,2023,clausura,15,2023-04-09,T017,Puebla FC,T005,Tigres,2,1,0,1,Estadio Cuauhtémoc,W,0,
4518,Clausura 2023,2023,clausura,15,2023-04-09,T014,San Luis,T001,Cruz Azul,4,0,2,0,Estadio Alfonso Lastras,W,1,
4519,Clausura 2023,2023,clausura,15,2023-04-09,T002,CF América,T013,Juárez,1,1,1,0,Estadio Azteca,D,0,
4520,Clausura 2023,2023,clausura,16,2023-04-16,T004,Guadalajara,T016,Querétaro FC,1,3,1,2,Estadio Akron,L,0,
4521,Clausura 2023,2023,clausura,16,2023-04-16,T003,Rayados,T008,Atlas,4,0,3,0,Estadio BBVA,W,0,
4522,Clausura 2023,2023,clausura,16,2023-04-16,T007,Pumas UNAM,T002,CF América,1,3,0,3,Estadio Olímpico Universitario,L,0,
4523,Clausura 2023,2023,clausura,16,2023-04-16,T013,FC Juárez,T018,Mazatlán FC,2,0,1,0,Estadio Olímpico Benito Juárez,W,0,
4524,Clausura 2023,2023,clausura,16,2023-04-16,T017,La Franja,T009,Santos,0,0,0,0,Estadio Cuauhtémoc,D,0,
4525,Clausura 2023,2023,clausura,16,2023-04-16,T015,Necaxa,T011,Mazatlán FC,1,0,0,0,Estadio Victoria,W,0,Antes llamado 'Monarcas Morelia' (pre-2020) — cuidado en análisis histórico
4526,Clausura 2023,2023,clausura,16,2023-04-16,T001,Cruz Azul FC,T014,A. San Luis,4,2,4,0,Estadio Ciudad de los Deportes,W,1,
4527,Clausura 2023,2023,clausura,16,2023-04-16,T012,Club Tijuana,T005,Tigres UANL,0,0,0,0,Estadio Caliente,D,0,
4528,Clausura 2023,2023,clausura,17,2023-04-23,T011,Mazatlán FC,T006,Club León,0,1,0,1,Estadio Morelos,L,0,Antes llamado 'Monarcas Morelia' (pre-2020) — cuidado en análisis histórico
4529,Clausura 2023,2023,clausura,17,2023-04-23,T013,FC Juárez,T015,Club Necaxa,3,1,3,1,Estadio Olímpico Benito Juárez,W,0,
4530,Clausura 2023,2023,clausura,17,2023-04-23,T017,Puebla FC,T010,Toluca,0,0,0,0,Estadio Cuauhtémoc,D,0,
4531,Clausura 2023,2023,clausura,17,2023-04-23,T001,C. Azul,T012,Tijuana,3,0,1,0,Estadio Ciudad de los Deportes,W,1,
4532,Clausura 2023,2023,clausura,17,2023-04-23,T016,Querétaro FC,T008,Atlas Guadalajara,1,2,0,2,Estadio Corregidora,L,0,
4533,Clausura 2023,2023,clausura,17,2023-04-23,T009,Santos,T007,Pumas UNAM,4,3,1,0,Estadio Corona,W,0,
4534,Clausura 2023,2023,clausura,17,2023-04-23,T005,Tigres UANL,T014,Atlético San Luis,2,4,1,0,Estadio Universitario,L,0,
4535,Clausura 2023,2023,clausura,17,2023-04-23,T002,América,T003,CF Monterrey,0,4,0,0,Estadio Azteca,L,0,
4536,Apertura 2023,2023,apertura,1,2023-07-01,T003,CF Monterrey,T012,Club Tijuana,4,3,1,2,Estadio BBVA,W,0,
4537,Apertura 2023,2023,apertura,1,2023-07-01,T002,CF América,T007,Pumas,4,0,3,0,Estadio Azteca,W,0,
4538,Apertura 2023,2023,apertura,1,2023-07-01,T015,Impulsora Necaxa,T018,Mazatlán FC,1,1,0,1,Estadio Victoria,D,0,
4539,Apertura 2023,2023,apertura,1,2023-07-01,T017,Club Puebla,T014,San Luis,1,1,0,1,Estadio Cuauhtémoc,D,0,
4540,Apertura 2023,2023,apertura,1,2023-07-01,T004,Deportivo Guadalajara,T006,Club León,2,0,1,0,Estadio Akron,W,0,
4541,Apertura 2023,2023,apertura,1,2023-07-01,T008,Atlas,T013,Juárez,0,4,0,4,Estadio Jalisco,L,0,
4542,Apertura 2023,2023,apertura,1,2023-07-01,T005,UANL Tigres,T016,Querétaro,0,1,0,0,Estadio Universitario,L,0,
4543,Apertura 2023,2023,apertura,1,2023-07-01,T010,Toluca,T009,Santos Laguna FC,2,0,0,0,Estadio Nemesio Díez,W,0,
4544,Apertura 2023,2023,apertura,2,2023-07-08,T001,Cruz Azul FC,T006,León FC,1,1,1,1,Estadio Ciudad de los Deportes,D,1,
4545,Apertura 2023,2023,apertura,2,2023-07-08,T003,Rayados,T018,Mazatlán FC,0,2,0,0,Estadio BBVA,L,0,
4546,Apertura 2023,2023,apertura,2,2023-07-08,T009,Santos Laguna,T005,Tigres,0,2,0,2,Estadio Corona,L,0,
4547,Apertura 2023,2023,apertura,2,2023-07-08,T010,Toluca,T002,América,1,3,0,1,Estadio Nemesio Díez,L,0,
4548,Apertura 2023,2023,apertura,2,2023-07-08,T014,A. San Luis,T008,Club Atlas,0,1,0,1,Estadio Alfonso Lastras,L,0,
4549,Apertura 2023,2023,apertura,2,2023-07-08,T012,Club Tijuana,T015,Impulsora Necaxa,3,1,2,0,Estadio Caliente,W,0,
4550,Apertura 2023,2023,apertura,2,2023-07-08,T007,Pumas UNAM,T004,Chivas,2,1,1,1,Estadio Olímpico Universitario,W,0,
4551,Apertura 2023,2023,apertura,2,2023-07-08,T016,Gallos Blancos,T013,Juárez,1,0,0,0,Estadio Corregidora,W,0,
4552,Apertura 2023,2023,apertura,3,2023-07-15,T011,Mazatlán FC,T016,Querétaro FC,2,0,2,0,Estadio Morelos,W,0,Antes llamado 'Monarcas Morelia' (pre-2020) — cuidado en análisis histórico
4553,Apertura 2023,2023,apertura,3,2023-07-15,T010,Toluca,T002,América,1,0,1,0,Estadio Nemesio Díez,W,0,
4554,Apertura 2023,2023,apertura,3,2023-07-15,T015,Necaxa,T008,Atlas,0,2,0,2,Estadio Victoria,L,0,
4555,Apertura 2023,2023,apertura,3,2023-07-15,T013,Bravos de Juárez,T007,Pumas,4,2,3,1,Estadio Olímpico Benito Juárez,W,0,
4556,Apertura 2023,2023,apertura,3,2023-07-15,T001,C. Azul,T018,Mazatlán FC,3,1,0,0,Estadio Ciudad de los Deportes,W,1,
4557,Apertura 2023,2023,apertura,3,2023-07-15,T004,Chivas,T003,Rayados,0,2,0,2,Estadio Akron,L,0,
4558,Apertura 2023,2023,apertura,3,2023-07-15,T017,La Franja,T012,Club Tijuana,2,1,2,1,Estadio Cuauhtémoc,W,0,
4559,Apertura 2023,2023,apertura,3,2023-07-15,T014,San Luis,T009,Santos,3,0,3,0,Estadio Alfonso Lastras,W,0,
4560,Apertura 2023,2023,apertura,4,2023-07-22,T016,Querétaro FC,T004,Guadalajara,1,1,1,1,Estadio Corregidora,D,0,
4561,Apertura 2023,2023,apertura,4,2023-07-22,T001,Cruz Azul,T003,Monterrey,0,1,0,1,Estadio Ciudad de los Deportes,L,1,
4562,Apertura 2023,2023,apertura,4,2023-07-22,T007,Pumas UNAM,T011,Mazatlán FC,3,2,3,2,Estadio Olímpico Universitario,W,0,Antes llamado 'Monarcas Morelia' (pre-2020) — cuidado en análisis histórico
4563,Apertura 2023,2023,apertura,4,2023-07-22,T018,Mazatlán FC,T009,Santos,2,4,0,4,Estadio de Mazatlán,L,0,
4564,Apertura 2023,2023,apertura,4,2023-07-22,T014,A. San Luis,T013,FC Juárez,0,2,0,2,Estadio Alfonso Lastras,L,0,
4565,Apertura 2023,2023,apertura,4,2023-07-22,T006,León,T012,Club Tijuana,2,1,2,1,Estadio León,W,0,
4566,Apertura 2023,2023,apertura,4,2023-07-22,T010,Deportivo Toluca,T002,Club América,4,4,4,0,Estadio Nemesio Díez,D,0,
4567,Apertura 2023,2023,apertura,4,2023-07-22,T008,Club Atlas,T015,Impulsora Necaxa,1,4,0,4,Estadio Jalisco,L,0,
4568,Apertura 2023,2023,apertura,5,2023-07-29,T003,Rayados,T001,Cruz Azul FC,3,0,3,0,Estadio BBVA,W,1,
4569,Apertura 2023,2023,apertura,5,2023-07-29,T010,Toluca,T007,UNAM Pumas,0,0,0,0,Estadio Nemesio Díez,D,0,
4570,Apertura 2023,2023,apertura,5,2023-07-29,T015,Impulsora Necaxa,T009,Santos Laguna,0,0,0,0,Estadio Victoria,D,0,
4571,Apertura 2023,2023,apertura,5,2023-07-29,T017,Puebla FC,T016,Querétaro FC,0,4,0,4,Estadio Cuauhtémoc,L,0,
4572,Apertura 2023,2023,apertura,5,2023-07-29,T018,Mazatlán FC,T013,Juárez,4,4,3,4,Estadio de Mazatlán,D,0,
4573,Apertura 2023,2023,apertura,5,2023-07-29,T005,UANL Tigres,T008,Club Atlas,1,2,1,2,Estadio Universitario,L,0,
4574,Apertura 2023,2023,apertura,5,2023-07-29,T014,San Luis,T011,Mazatlán FC,1,0,0,0,Estadio Alfonso Lastras,W,0,Antes llamado 'Monarcas Morelia' (pre-2020) — cuidado en análisis histórico
4575,Apertura 2023,2023,apertura,5,2023-07-29,T002,América,T006,Club León,2,1,0,1,Estadio Azteca,W,0,
4576,Apertura 2023,2023,apertura,6,2023-08-05,T014,Atlético San Luis,T005,UANL Tigres,1,3,1,2,Estadio Alfonso Lastras,L,0,
4577,Apertura 2023,2023,apertura,6,2023-08-05,T004,Guadalajara,T016,Querétaro FC,3,1,3,0,Estadio Akron,W,0,
4578,Apertura 2023,2023,apertura,6,2023-08-05,T002,CF América,T001,Cruz Azul,0,1,0,1,Estadio Azteca,L,1,
4579,Apertura 2023,2023,apertura,6,2023-08-05,T007,Pumas,T009,Santos Laguna,2,2,2,0,Estadio Olímpico Universitario,D,0,
4580,Apertura 2023,2023,apertura,6,2023-08-05,T008,Atlas Guadalajara,T012,Club Tijuana,3,1,1,0,Estadio Jalisco,W,0,
4581,Apertura 2023,2023,apertura,6,2023-08-05,T010,Deportivo Toluca,T015,Necaxa,0,0,0,0,Estadio Nemesio Díez,D,0,
4582,Apertura 2023,2023,apertura,6,2023-08-05,T003,Rayados,T006,León FC,3,0,2,0,Estadio BBVA,W,0,
4583,Apertura 2023,2023,apertura,6,2023-08-05,T013,Bravos de Juárez,T011,Mazatlán FC,0,3,0,3,Estadio Olímpico Benito Juárez,L,0,Antes llamado 'Monarcas Morelia' (pre-2020) — cuidado en análisis histórico
4584,Apertura 2023,2023,apertura,7,2023-08-12,T006,León,T010,Deportivo Toluca,0,2,0,0,Estadio León,L,0,
4585,Apertura 2023,2023,apertura,7,2023-08-12,T003,CF Monterrey,T017,Puebla FC,1,1,0,1,Estadio BBVA,D,0,
4586,Apertura 2023,2023,apertura,7,2023-08-12,T014,Atlético San Luis,T002,CF América,2,1,1,1,Estadio Alfonso Lastras,W,0,
4587,Apertura 2023,2023,apertura,7,2023-08-12,T009,Santos Laguna,T016,Gallos Blancos,2,2,1,2,Estadio Corona,D,0,
4588,Apertura 2023,2023,apertura,7,2023-08-12,T011,Mazatlán FC,T012,Club Tijuana,0,1,0,0,Estadio Morelos,L,0,Antes llamado 'Monarcas Morelia' (pre-2020) — cuidado en análisis histórico
4589,Apertura 2023,2023,apertura,7,2023-08-12,T004,Guadalajara,T001,C. Azul,1,1,0,1,Estadio Akron,D,1,
4590,Apertura 2023,2023,apertura,7,2023-08-12,T015,Necaxa,T005,UANL Tigres,0,1,0,0,Estadio Victoria,L,0,
4591,Apertura 2023,2023,apertura,7,2023-08-12,T008,Club Atlas,T007,UNAM Pumas,1,2,1,2,Estadio Jalisco,L,0,
4592,Apertura 2023,2023,apertura,8,2023-08-19,T002,Club América,T016,Querétaro FC,2,2,0,1,Estadio Azteca,D,0,
4593,Apertura 2023,2023,apertura,8,2023-08-19,T017,Puebla FC,T004,Chivas,0,3,0,2,Estadio Cuauhtémoc,L,0,
4594,Apertura 2023,2023,apertura,8,2023-08-19,T012,Tijuana,T003,Monterrey,2,2,1,2,Estadio Caliente,D,0,
4595,Apertura 2023,2023,apertura,8,2023-08-19,T006,Club León,T005,UANL Tigres,0,0,0,0,Estadio León,D,0,
4596,Apertura 2023,2023,apertura,8,2023-08-19,T007,Pumas,T013,FC Juárez,3,4,1,4,Estadio Olímpico Universitario,L,0,
4597,Apertura 2023,2023,apertura,8,2023-08-19,T008,Club Atlas,T010,Toluca FC,0,2,0,2,Estadio Jalisco,L,0,
4598,Apertura 2023,2023,apertura,8,2023-08-19,T018,Mazatlán FC,T014,San Luis,1,0,0,0,Estadio de Mazatlán,W,0,
4599,Apertura 2023,2023,apertura,8,2023-08-19,T001,C. Azul,T011,Mazatlán FC,3,0,3,0,Estadio Ciudad de los Deportes,W,1,Antes llamado 'Monarcas Morelia' (pre-2020) — cuidado en análisis histórico
4600,Apertura 2023,2023,apertura,9,2023-08-26,T017,Puebla FC,T005,Tigres,2,1,1,0,Estadio Cuauhtémoc,W,0,
4601,Apertura 2023,2023,apertura,9,2023-08-26,T002,América,T006,León,1,1,1,0,Estadio Azteca,D,0,
4602,Apertura 2023,2023,apertura,9,2023-08-26,T011,Mazatlán FC,T010,Deportivo Toluca,0,1,0,0,Estadio Morelos,L,0,Antes llamado 'Monarcas Morelia' (pre-2020) — cuidado en análisis histórico
4603,Apertura 2023,2023,apertura,9,2023-08-26,T004,Chivas,T009,Santos Laguna,2,1,2,0,Estadio Akron,W,0,
4604,Apertura 2023,2023,apertura,9,2023-08-26,T001,Cruz Azul FC,T015,Club Necaxa,0,0,0,0,Estadio Ciudad de los Deportes,D,1,
4605,Apertura 2023,2023,apertura,9,2023-08-26,T012,Xoloitzcuintles,T018,Mazatlán FC,1,2,0,0,Estadio Caliente,L,0,
4606,Apertura 2023,2023,apertura,9,2023-08-26,T013,FC Juárez,T014,San Luis,2,0,0,0,Estadio Olímpico Benito Juárez,W,0,
4607,Apertura 2023,2023,apertura,9,2023-08-26,T008,Atlas,T007,UNAM Pumas,3,3,0,1,Estadio Jalisco,D,0,
4608,Apertura 2023,2023,apertura,10,2023-09-02,T001,Cruz Azul FC,T011,Mazatlán FC,1,2,1,2,Estadio Ciudad de los Deportes,L,1,Antes llamado 'Monarcas Morelia' (pre-2020) — cuidado en análisis histórico
4609,Apertura 2023,2023,apertura,10,2023-09-02,T010,Toluca FC,T014,A. San Luis,1,1,1,1,Estadio Nemesio Díez,D,0,
4610,Apertura 2023,2023,apertura,10,2023-09-02,T007,UNAM Pumas,T002,América,3,3,2,3,Estadio Olímpico Universitario,D,0,
4611,Apertura 2023,2023,apertura,10,2023-09-02,T017,La Franja,T016,Querétaro FC,2,1,0,0,Estadio Cuauhtémoc,W,0,
4612,Apertura 2023,2023,apertura,10,2023-09-02,T008,Club Atlas,T003,CF Monterrey,2,1,1,1,Estadio Jalisco,W,0,
4613,Apertura 2023,2023,apertura,10,2023-09-02,T015,Necaxa,T004,Guadalajara,0,2,0,1,Estadio Victoria,L,0,
4614,Apertura 2023,2023,apertura,10,2023-09-02,T012,Club Tijuana,T009,Santos Laguna,1,2,0,2,Estadio Caliente,L,0,
4615,Apertura 2023,2023,apertura,10,2023-09-02,T006,León FC,T013,Juárez,0,3,0,0,Estadio León,L,0,
4616,Apertura 2023,2023,apertura,11,2023-09-09,T006,León FC,T010,Toluca,0,0,0,0,Estadio León,D,0,
4617,Apertura 2023,2023,apertura,11,2023-09-09,T018,Mazatlán FC,T014,Atlético San Luis,0,0,0,0,Estadio de Mazatlán,D,0,
4618,Apertura 2023,2023,apertura,11,2023-09-09,T004,Chivas,T008,Atlas,2,2,1,2,Estadio Akron,D,0,
4619,Apertura 2023,2023,apertura,11,2023-09-09,T005,Tigres UANL,T012,Xoloitzcuintles,1,3,0,2,Estadio Universitario,L,0,
4620,Apertura 2023,2023,apertura,11,2023-09-09,T016,Querétaro,T001,Cruz Azul FC,0,4,0,4,Estadio Corregidora,L,1,
4621,Apertura 2023,2023,apertura,11,2023-09-09,T007,Pumas,T009,Santos Laguna FC,0,3,0,2,Estadio Olímpico Universitario,L,0,
4622,Apertura 2023,2023,apertura,11,2023-09-09,T003,Monterrey,T015,Impulsora Necaxa,2,2,1,1,Estadio BBVA,D,0,
4623,Apertura 2023,2023,apertura,11,2023-09-09,T017,Puebla FC,T002,Club América,4,0,2,0,Estadio Cuauhtémoc,W,0,
4624,Apertura 2023,2023,apertura,12,2023-09-16,T005,Tigres,T007,Pumas,1,1,0,0,Estadio Universitario,D,0,
4625,Apertura 2023,2023,apertura,12,2023-09-16,T002,Club América,T013,Juárez,1,4,0,0,Estadio Azteca,L,0,
4626,Apertura 2023,2023,apertura,12,2023-09-16,T003,Monterrey,T004,Chivas,1,1,0,0,Estadio BBVA,D,0,
4627,Apertura 2023,2023,apertura,12,2023-09-16,T017,Puebla FC,T008,Atlas,1,1,0,0,Estadio Cuauhtémoc,D,0,
4628,Apertura 2023,2023,apertura,12,2023-09-16,T010,Toluca FC,T011,Mazatlán FC,4,1,0,0,Estadio Nemesio Díez,W,0,Antes llamado 'Monarcas Morelia' (pre-2020) — cuidado en análisis histórico
4629,Apertura 2023,2023,apertura,12,2023-09-16,T012,Xoloitzcuintles,T009,Santos Laguna FC,3,3,2,1,Estadio Caliente,D,0,
4630,Apertura 2023,2023,apertura,12,2023-09-16,T015,Necaxa,T016,Querétaro,1,3,0,1,Estadio Victoria,L,0,
4631,Apertura 2023,2023,apertura,12,2023-09-16,T018,Mazatlán FC,T001,Cruz Azul,1,2,1,2,Estadio de Mazatlán,L,1,
4632,Apertura 2023,2023,apertura,13,2023-09-23,T016,Gallos Blancos,T017,La Franja,0,4,0,3,Estadio Corregidora,L,0,
4633,Apertura 2023,2023,apertura,13,2023-09-23,T006,León,T014,A. San Luis,0,2,0,1,Estadio León,L,0,
4634,Apertura 2023,2023,apertura,13,2023-09-23,T015,Club Necaxa,T018,Mazatlán FC,2,2,0,1,Estadio Victoria,D,0,
4635,Apertura 2023,2023,apertura,13,2023-09-23,T012,Tijuana,T004,Guadalajara,1,2,1,1,Estadio Caliente,L,0,
4636,Apertura 2023,2023,apertura,13,2023-09-23,T003,Rayados,T013,Bravos de Juárez,4,1,1,0,Estadio BBVA,W,0,
4637,Apertura 2023,2023,apertura,13,2023-09-23,T007,Pumas UNAM,T005,Tigres,2,1,1,0,Estadio Olímpico Universitario,W,0,
4638,Apertura 2023,2023,apertura,13,2023-09-23,T008,Atlas Guadalajara,T001,C. Azul,2,0,1,0,Estadio Jalisco,W,1,
4639,Apertura 2023,2023,apertura,13,2023-09-23,T011,Mazatlán FC,T002,Club América,0,1,0,0,Estadio Morelos,L,0,Antes llamado 'Monarcas Morelia' (pre-2020) — cuidado en análisis histórico
4640,Apertura 2023,2023,apertura,14,2023-09-30,T016,Gallos Blancos,T018,Mazatlán FC,0,1,0,1,Estadio Corregidora,L,0,
4641,Apertura 2023,2023,apertura,14,2023-09-30,T012,Tijuana,T001,C. Azul,3,2,3,2,Estadio Caliente,W,1,
4642,Apertura 2023,2023,apertura,14,2023-09-30,T017,Puebla FC,T010,Toluca,1,1,0,0,Estadio Cuauhtémoc,D,0,
4643,Apertura 2023,2023,apertura,14,2023-09-30,T002,América,T005,UANL Tigres,0,3,0,1,Estadio Azteca,L,0,
4644,Apertura 2023,2023,apertura,14,2023-09-30,T004,Guadalajara,T008,Atlas,4,1,0,1,Estadio Akron,W,0,
4645,Apertura 2023,2023,apertura,14,2023-09-30,T003,Rayados,T015,Necaxa,4,1,4,1,Estadio BBVA,W,0,
4646,Apertura 2023,2023,apertura,14,2023-09-30,T009,Santos,T007,Pumas UNAM,3,2,2,1,Estadio Corona,W,0,
4647,Apertura 2023,2023,apertura,14,2023-09-30,T011,Mazatlán FC,T013,FC Juárez,1,3,1,2,Estadio Morelos,L,0,Antes llamado 'Monarcas Morelia' (pre-2020) — cuidado en análisis histórico
4648,Apertura 2023,2023,apertura,15,2023-10-07,T016,Querétaro FC,T004,Deportivo Guadalajara,2,1,1,1,Estadio Corregidora,W,0,
4649,Apertura 2023,2023,apertura,15,2023-10-07,T010,Toluca FC,T009,Santos,0,3,0,3,Estadio Nemesio Díez,L,0,
4650,Apertura 2023,2023,apertura,15,2023-10-07,T006,León,T018,Mazatlán FC,3,2,0,2,Estadio León,W,0,
4651,Apertura 2023,2023,apertura,15,2023-10-07,T001,C. Azul,T008,Club Atlas,3,1,0,0,Estadio Ciudad de los Deportes,W,1,
4652,Apertura 2023,2023,apertura,15,2023-10-07,T002,América,T005,Tigres,2,0,1,0,Estadio Azteca,W,0,
4653,Apertura 2023,2023,apertura,15,2023-10-07,T015,Club Necaxa,T014,Atlético San Luis,2,1,0,1,Estadio Victoria,W,0,
4654,Apertura 2023,2023,apertura,15,2023-10-07,T011,Mazatlán FC,T012,Club Tijuana,1,0,1,0,Estadio Morelos,W,0,Antes llamado 'Monarcas Morelia' (pre-2020) — cuidado en análisis histórico
4655,Apertura 2023,2023,apertura,15,2023-10-07,T017,Club Puebla,T003,CF Monterrey,0,3,0,3,Estadio Cuauhtémoc,L,0,
4656,Apertura 2023,2023,apertura,16,2023-10-14,T016,Gallos Blancos,T010,Deportivo Toluca,2,2,1,0,Estadio Corregidora,D,0,
4657,Apertura 2023,2023,apertura,16,2023-10-14,T004,Chivas,T008,Atlas Guadalajara,3,2,0,0,Estadio Akron,W,0,
4658,Apertura 2023,2023,apertura,16,2023-10-14,T003,Rayados,T005,UANL Tigres,2,4,1,1,Estadio BBVA,L,0,
4659,Apertura 2023,2023,apertura,16,2023-10-14,T007,UNAM Pumas,T013,Juárez,1,1,1,0,Estadio Olímpico Universitario,D,0,
4660,Apertura 2023,2023,apertura,16,2023-10-14,T018,Mazatlán FC,T017,Puebla FC,1,0,1,0,Estadio de Mazatlán,W,0,
4661,Apertura 2023,2023,apertura,16,2023-10-14,T015,Impulsora Necaxa,T006,León FC,4,2,2,2,Estadio Victoria,W,0,
4662,Apertura 2023,2023,apertura,16,2023-10-14,T012,Club Tijuana,T002,América,4,1,1,0,Estadio Caliente,W,0,
4663,Apertura 2023,2023,apertura,16,2023-10-14,T001,Cruz Azul FC,T014,A. San Luis,1,0,1,0,Estadio Ciudad de los Deportes,W,1,
4664,Apertura 2023,2023,apertura,17,2023-10-21,T010,Deportivo Toluca,T002,América,1,2,0,0,Estadio Nemesio Díez,L,0,
4665,Apertura 2023,2023,apertura,17,2023-10-21,T009,Santos Laguna,T015,Necaxa,3,0,3,0,Estadio Corona,W,0,
4666,Apertura 2023,2023,apertura,17,2023-10-21,T013,FC Juárez,T012,Club Tijuana,0,4,0,0,Estadio Olímpico Benito Juárez,L,0,
4667,Apertura 2023,2023,apertura,17,2023-10-21,T017,Club Puebla,T006,León,0,4,0,4,Estadio Cuauhtémoc,L,0,
4668,Apertura 2023,2023,apertura,17,2023-10-21,T018,Mazatlán FC,T007,UNAM Pumas,2,0,1,0,Estadio de Mazatlán,W,0,
4669,Apertura 2023,2023,apertura,17,2023-10-21,T004,Guadalajara,T011,Mazatlán FC,2,2,2,2,Estadio Akron,D,0,Antes llamado 'Monarcas Morelia' (pre-2020) — cuidado en análisis histórico
4670,Apertura 2023,2023,apertura,17,2023-10-21,T005,UANL Tigres,T016,Gallos Blancos,1,0,1,0,Estadio Universitario,W,0,
4671,Apertura 2023,2023,apertura,17,2023-10-21,T014,San Luis,T001,C. Azul,1,2,0,2,Estadio Alfonso Lastras,L,1,
4672,Clausura 2024,2024,clausura,1,2024-01-01,T006,León FC,T011,Mazatlán FC,3,4,0,1,Estadio León,L,0,Antes llamado 'Monarcas Morelia' (pre-2020) — cuidado en análisis histórico
4673,Clausura 2024,2024,clausura,1,2024-01-01,T013,FC Juárez,T009,Santos Laguna,0,3,0,0,Estadio Olímpico Benito Juárez,L,0,
4674,Clausura 2024,2024,clausura,1,2024-01-01,T010,Toluca,T001,Cruz Azul FC,3,2,1,0,Estadio Nemesio Díez,W,1,
4675,Clausura 2024,2024,clausura,1,2024-01-01,T015,Club Necaxa,T003,Monterrey,1,0,1,0,Estadio Victoria,W,0,
4676,Clausura 2024,2024,clausura,1,2024-01-01,T017,La Franja,T007,Pumas,0,4,0,4,Estadio Cuauhtémoc,L,0,
4677,Clausura 2024,2024,clausura,1,2024-01-01,T004,Chivas,T018,Mazatlán FC,4,0,3,0,Estadio Akron,W,0,
4678,Clausura 2024,2024,clausura,1,2024-01-01,T005,UANL Tigres,T016,Querétaro FC,4,2,2,2,Estadio Universitario,W,0,
4679,Clausura 2024,2024,clausura,1,2024-01-01,T014,Atlético San Luis,T008,Atlas,2,3,1,1,Estadio Alfonso Lastras,L,0,
4680,Clausura 2024,2024,clausura,2,2024-01-08,T016,Gallos Blancos,T006,León FC,1,2,0,1,Estadio Corregidora,L,0,
4681,Clausura 2024,2024,clausura,2,2024-01-08,T013,FC Juárez,T003,Monterrey,4,2,2,0,Estadio Olímpico Benito Juárez,W,0,
4682,Clausura 2024,2024,clausura,2,2024-01-08,T014,Atlético San Luis,T017,Puebla FC,1,3,0,2,Estadio Alfonso Lastras,L,0,
4683,Clausura 2024,2024,clausura,2,2024-01-08,T015,Necaxa,T002,América,3,2,1,1,Estadio Victoria,W,0,
4684,Clausura 2024,2024,clausura,2,2024-01-08,T010,Toluca,T018,Mazatlán FC,3,3,1,1,Estadio Nemesio Díez,D,0,
4685,Clausura 2024,2024,clausura,2,2024-01-08,T007,Pumas,T008,Atlas Guadalajara,0,2,0,1,Estadio Olímpico Universitario,L,0,
4686,Clausura 2024,2024,clausura,2,2024-01-08,T004,Deportivo Guadalajara,T001,Cruz Azul,3,2,1,0,Estadio Akron,W,1,
4687,Clausura 2024,2024,clausura,2,2024-01-08,T012,Club Tijuana,T009,Santos Laguna FC,2,2,1,0,Estadio Caliente,D,0,
4688,Clausura 2024,2024,clausura,3,2024-01-15,T013,Juárez,T011,Mazatlán FC,4,1,0,1,Estadio Olímpico Benito Juárez,W,0,Antes llamado 'Monarcas Morelia' (pre-2020) — cuidado en análisis histórico
4689,Clausura 2024,2024,clausura,3,2024-01-15,T008,Club Atlas,T005,Tigres,2,3,0,0,Estadio Jalisco,L,0,
4690,Clausura 2024,2024,clausura,3,2024-01-15,T010,Toluca FC,T007,Pumas UNAM,3,0,0,0,Estadio Nemesio Díez,W,0,
4691,Clausura 2024,2024,clausura,3,2024-01-15,T001,C. Azul,T015,Necaxa,0,2,0,2,Estadio Ciudad de los Deportes,L,1,
4692,Clausura 2024,2024,clausura,3,2024-01-15,T018,Mazatlán FC,T006,Club León,2,2,2,2,Estadio de Mazatlán,D,0,
4693,Clausura 2024,2024,clausura,3,2024-01-15,T004,Guadalajara,T017,La Franja,2,1,0,1,Estadio Akron,W,0,
4694,Clausura 2024,2024,clausura,3,2024-01-15,T012,Tijuana,T003,Monterrey,1,4,0,2,Estadio Caliente,L,0,
4695,Clausura 2024,2024,clausura,3,2024-01-15,T009,Santos,T002,América,2,1,2,1,Estadio Corona,W,0,
4696,Clausura 2024,2024,clausura,4,2024-01-22,T016,Gallos Blancos,T006,León,2,4,2,3,Estadio Corregidora,L,0,
4697,Clausura 2024,2024,clausura,4,2024-01-22,T011,Mazatlán FC,T012,Xoloitzcuintles,1,2,0,2,Estadio Morelos,L,0,Antes llamado 'Monarcas Morelia' (pre-2020) — cuidado en análisis histórico
4698,Clausura 2024,2024,clausura,4,2024-01-22,T018,Mazatlán FC,T004,Chivas,0,0,0,0,Estadio de Mazatlán,D,0,
4699,Clausura 2024,2024,clausura,4,2024-01-22,T013,Juárez,T005,Tigres,1,0,0,0,Estadio Olímpico Benito Juárez,W,0,
4700,Clausura 2024,2024,clausura,4,2024-01-22,T003,Monterrey,T001,C. Azul,2,0,1,0,Estadio BBVA,W,1,
4701,Clausura 2024,2024,clausura,4,2024-01-22,T010,Toluca FC,T015,Impulsora Necaxa,2,3,0,3,Estadio Nemesio Díez,L,0,
4702,Clausura 2024,2024,clausura,4,2024-01-22,T009,Santos,T007,Pumas,2,2,1,2,Estadio Corona,D,0,
4703,Clausura 2024,2024,clausura,4,2024-01-22,T008,Atlas Guadalajara,T002,CF América,3,1,0,1,Estadio Jalisco,W,0,
4704,Clausura 2024,2024,clausura,5,2024-01-29,T001,Cruz Azul FC,T012,Tijuana,0,2,0,1,Estadio Ciudad de los Deportes,L,1,
4705,Clausura 2024,2024,clausura,5,2024-01-29,T015,Impulsora Necaxa,T016,Gallos Blancos,1,3,1,2,Estadio Victoria,L,0,
4706,Clausura 2024,2024,clausura,5,2024-01-29,T014,A. San Luis,T002,América,1,1,1,0,Estadio Alfonso Lastras,D,0,
4707,Clausura 2024,2024,clausura,5,2024-01-29,T017,Puebla FC,T003,CF Monterrey,2,4,1,3,Estadio Cuauhtémoc,L,0,
4708,Clausura 2024,2024,clausura,5,2024-01-29,T013,FC Juárez,T010,Toluca FC,1,1,0,1,Estadio Olímpico Benito Juárez,D,0,
4709,Clausura 2024,2024,clausura,5,2024-01-29,T008,Atlas Guadalajara,T007,Pumas,0,0,0,0,Estadio Jalisco,D,0,
4710,Clausura 2024,2024,clausura,5,2024-01-29,T004,Deportivo Guadalajara,T006,León,4,1,2,0,Estadio Akron,W,0,
4711,Clausura 2024,2024,clausura,5,2024-01-29,T005,Tigres,T011,Mazatlán FC,3,4,0,4,Estadio Universitario,L,0,Antes llamado 'Monarcas Morelia' (pre-2020) — cuidado en análisis histórico
4712,Clausura 2024,2024,clausura,6,2024-02-05,T002,Club América,T015,Impulsora Necaxa,1,1,1,1,Estadio Azteca,D,0,
4713,Clausura 2024,2024,clausura,6,2024-02-05,T003,Monterrey,T014,A. San Luis,4,1,1,1,Estadio BBVA,W,0,
4714,Clausura 2024,2024,clausura,6,2024-02-05,T004,Guadalajara,T006,León FC,2,2,2,2,Estadio Akron,D,0,
4715,Clausura 2024,2024,clausura,6,2024-02-05,T008,Atlas,T011,Mazatlán FC,4,4,0,1,Estadio Jalisco,D,0,Antes llamado 'Monarcas Morelia' (pre-2020) — cuidado en análisis histórico
4716,Clausura 2024,2024,clausura,6,2024-02-05,T017,Club Puebla,T009,Santos,1,2,0,1,Estadio Cuauhtémoc,L,0,
4717,Clausura 2024,2024,clausura,6,2024-02-05,T005,UANL Tigres,T012,Xoloitzcuintles,1,3,1,1,Estadio Universitario,L,0,
4718,Clausura 2024,2024,clausura,6,2024-02-05,T013,Bravos de Juárez,T001,Cruz Azul FC,4,1,3,0,Estadio Olímpico Benito Juárez,W,1,
4719,Clausura 2024,2024,clausura,6,2024-02-05,T016,Querétaro FC,T007,Pumas,1,0,0,0,Estadio Corregidora,W,0,
4720,Clausura 2024,2024,clausura,7,2024-02-12,T015,Club Necaxa,T002,Club América,0,0,0,0,Estadio Victoria,D,0,
4721,Clausura 2024,2024,clausura,7,2024-02-12,T009,Santos Laguna,T014,Atlético San Luis,2,3,0,3,Estadio Corona,L,0,
4722,Clausura 2024,2024,clausura,7,2024-02-12,T006,León FC,T013,Bravos de Juárez,1,0,1,0,Estadio León,W,0,
4723,Clausura 2024,2024,clausura,7,2024-02-12,T001,Cruz Azul,T004,Chivas,2,1,1,0,Estadio Ciudad de los Deportes,W,1,
4724,Clausura 2024,2024,clausura,7,2024-02-12,T007,UNAM Pumas,T010,Deportivo Toluca,3,0,0,0,Estadio Olímpico Universitario,W,0,
4725,Clausura 2024,2024,clausura,7,2024-02-12,T005,Tigres UANL,T018,Mazatlán FC,1,1,1,0,Estadio Universitario,D,0,
4726,Clausura 2024,2024,clausura,7,2024-02-12,T011,Mazatlán FC,T017,Club Puebla,1,1,0,0,Estadio Morelos,D,0,Antes llamado 'Monarcas Morelia' (pre-2020) — cuidado en análisis histórico
4727,Clausura 2024,2024,clausura,7,2024-02-12,T012,Club Tijuana,T016,Querétaro,2,3,1,2,Estadio Caliente,L,0,
4728,Clausura 2024,2024,clausura,8,2024-02-19,T001,Cruz Azul FC,T018,Mazatlán FC,2,1,2,1,Estadio Ciudad de los Deportes,W,1,
4729,Clausura 2024,2024,clausura,8,2024-02-19,T010,Toluca,T012,Tijuana,1,1,0,1,Estadio Nemesio Díez,D,0,
4730,Clausura 2024,2024,clausura,8,2024-02-19,T007,Pumas UNAM,T009,Santos,3,1,2,1,Estadio Olímpico Universitario,W,0,
4731,Clausura 2024,2024,clausura,8,2024-02-19,T015,Club Necaxa,T016,Gallos Blancos,1,1,1,1,Estadio Victoria,D,0,
4732,Clausura 2024,2024,clausura,8,2024-02-19,T013,FC Juárez,T004,Deportivo Guadalajara,1,2,1,2,Estadio Olímpico Benito Juárez,L,0,
4733,Clausura 2024,2024,clausura,8,2024-02-19,T014,Atlético San Luis,T006,Club León,3,2,0,1,Estadio Alfonso Lastras,W,0,
4734,Clausura 2024,2024,clausura,8,2024-02-19,T011,Mazatlán FC,T002,América,1,1,0,0,Estadio Morelos,D,0,Antes llamado 'Monarcas Morelia' (pre-2020) — cuidado en análisis histórico
4735,Clausura 2024,2024,clausura,8,2024-02-19,T008,Atlas,T005,UANL Tigres,0,1,0,0,Estadio Jalisco,L,0,
4736,Clausura 2024,2024,clausura,9,2024-02-26,T014,Atlético San Luis,T012,Club Tijuana,1,1,0,1,Estadio Alfonso Lastras,D,0,
4737,Clausura 2024,2024,clausura,9,2024-02-26,T008,Atlas,T003,Monterrey,3,1,2,1,Estadio Jalisco,W,0,
4738,Clausura 2024,2024,clausura,9,2024-02-26,T004,Deportivo Guadalajara,T013,FC Juárez,4,1,0,1,Estadio Akron,W,0,
4739,Clausura 2024,2024,clausura,9,2024-02-26,T016,Querétaro,T007,UNAM Pumas,3,4,3,4,Estadio Corregidora,L,0,
4740,Clausura 2024,2024,clausura,9,2024-02-26,T010,Toluca FC,T009,Santos Laguna FC,2,1,2,0,Estadio Nemesio Díez,W,0,
4741,Clausura 2024,2024,clausura,9,2024-02-26,T006,León,T017,Club Puebla,2,2,2,1,Estadio León,D,0,
4742,Clausura 2024,2024,clausura,9,2024-02-26,T002,Club América,T011,Mazatlán FC,2,3,2,1,Estadio Azteca,L,0,Antes llamado 'Monarcas Morelia' (pre-2020) — cuidado en análisis histórico
4743,Clausura 2024,2024,clausura,9,2024-02-26,T005,Tigres,T001,C. Azul,4,2,1,1,Estadio Universitario,W,1,
4744,Clausura 2024,2024,clausura,10,2024-03-04,T007,Pumas,T015,Club Necaxa,2,3,0,1,Estadio Olímpico Universitario,L,0,
4745,Clausura 2024,2024,clausura,10,2024-03-04,T013,Juárez,T017,Club Puebla,1,1,0,0,Estadio Olímpico Benito Juárez,D,0,
4746,Clausura 2024,2024,clausura,10,2024-03-04,T005,Tigres UANL,T006,León FC,3,0,3,0,Estadio Universitario,W,0,
4747,Clausura 2024,2024,clausura,10,2024-03-04,T004,Guadalajara,T001,Cruz Azul,1,1,1,1,Estadio Akron,D,1,
4748,Clausura 2024,2024,clausura,10,2024-03-04,T003,CF Monterrey,T009,Santos,2,3,0,2,Estadio BBVA,L,0,
4749,Clausura 2024,2024,clausura,10,2024-03-04,T011,Mazatlán FC,T008,Atlas,1,1,1,0,Estadio Morelos,D,0,Antes llamado 'Monarcas Morelia' (pre-2020) — cuidado en análisis histórico
4750,Clausura 2024,2024,clausura,10,2024-03-04,T010,Toluca FC,T014,Atlético San Luis,2,1,1,0,Estadio Nemesio Díez,W,0,
4751,Clausura 2024,2024,clausura,10,2024-03-04,T012,Xoloitzcuintles,T018,Mazatlán FC,0,4,0,1,Estadio Caliente,L,0,
4752,Clausura 2024,2024,clausura,11,2024-03-11,T013,Juárez,T011,Mazatlán FC,2,1,1,0,Estadio Olímpico Benito Juárez,W,0,Antes llamado 'Monarcas Morelia' (pre-2020) — cuidado en análisis histórico
4753,Clausura 2024,2024,clausura,11,2024-03-11,T006,León FC,T010,Toluca FC,3,1,3,1,Estadio León,W,0,
4754,Clausura 2024,2024,clausura,11,2024-03-11,T002,Club América,T018,Mazatlán FC,2,3,0,3,Estadio Azteca,L,0,
4755,Clausura 2024,2024,clausura,11,2024-03-11,T007,Pumas,T001,Cruz Azul,3,0,1,0,Estadio Olímpico Universitario,W,1,
4756,Clausura 2024,2024,clausura,11,2024-03-11,T009,Santos,T016,Querétaro FC,0,3,0,2,Estadio Corona,L,0,
4757,Clausura 2024,2024,clausura,11,2024-03-11,T017,La Franja,T012,Club Tijuana,0,0,0,0,Estadio Cuauhtémoc,D,0,
4758,Clausura 2024,2024,clausura,11,2024-03-11,T003,Monterrey,T014,Atlético San Luis,1,2,0,0,Estadio BBVA,L,0,
4759,Clausura 2024,2024,clausura,11,2024-03-11,T005,Tigres UANL,T004,Guadalajara,1,3,0,0,Estadio Universitario,L,0,
4760,Clausura 2024,2024,clausura,12,2024-03-18,T008,Atlas Guadalajara,T016,Gallos Blancos,0,2,0,2,Estadio Jalisco,L,0,
4761,Clausura 2024,2024,clausura,12,2024-03-18,T007,Pumas UNAM,T002,América,1,2,0,0,Estadio Olímpico Universitario,L,0,
4762,Clausura 2024,2024,clausura,12,2024-03-18,T015,Impulsora Necaxa,T012,Xoloitzcuintles,1,0,1,0,Estadio Victoria,W,0,
4763,Clausura 2024,2024,clausura,12,2024-03-18,T017,Club Puebla,T011,Mazatlán FC,0,0,0,0,Estadio Cuauhtémoc,D,0,Antes llamado 'Monarcas Morelia' (pre-2020) — cuidado en análisis histórico
4764,Clausura 2024,2024,clausura,12,2024-03-18,T013,FC Juárez,T006,León FC,0,2,0,1,Estadio Olímpico Benito Juárez,L,0,
4765,Clausura 2024,2024,clausura,12,2024-03-18,T009,Santos Laguna,T004,Deportivo Guadalajara,3,4,0,4,Estadio Corona,L,0,
4766,Clausura 2024,2024,clausura,12,2024-03-18,T018,Mazatlán FC,T003,CF Monterrey,0,0,0,0,Estadio de Mazatlán,D,0,
4767,Clausura 2024,2024,clausura,12,2024-03-18,T005,Tigres,T014,Atlético San Luis,0,0,0,0,Estadio Universitario,D,0,
4768,Clausura 2024,2024,clausura,13,2024-03-25,T014,Atlético San Luis,T011,Mazatlán FC,0,1,0,1,Estadio Alfonso Lastras,L,0,Antes llamado 'Monarcas Morelia' (pre-2020) — cuidado en análisis histórico
4769,Clausura 2024,2024,clausura,13,2024-03-25,T017,La Franja,T001,Cruz Azul,0,2,0,0,Estadio Cuauhtémoc,L,1,
4770,Clausura 2024,2024,clausura,13,2024-03-25,T008,Club Atlas,T010,Toluca,4,0,4,0,Estadio Jalisco,W,0,
4771,Clausura 2024,2024,clausura,13,2024-03-25,T018,Mazatlán FC,T003,Monterrey,1,2,0,2,Estadio de Mazatlán,L,0,
4772,Clausura 2024,2024,clausura,13,2024-03-25,T016,Querétaro FC,T002,América,0,1,0,1,Estadio Corregidora,L,0,
4773,Clausura 2024,2024,clausura,13,2024-03-25,T013,FC Juárez,T006,León,2,2,2,2,Estadio Olímpico Benito Juárez,D,0,
4774,Clausura 2024,2024,clausura,13,2024-03-25,T009,Santos,T012,Club Tijuana,3,1,0,1,Estadio Corona,W,0,
4775,Clausura 2024,2024,clausura,13,2024-03-25,T015,Necaxa,T005,Tigres UANL,0,0,0,0,Estadio Victoria,D,0,
4776,Clausura 2024,2024,clausura,14,2024-04-01,T018,Mazatlán FC,T017,La Franja,1,1,0,0,Estadio de Mazatlán,D,0,
4777,Clausura 2024,2024,clausura,14,2024-04-01,T016,Querétaro FC,T009,Santos,0,1,0,1,Estadio Corregidora,L,0,
4778,Clausura 2024,2024,clausura,14,2024-04-01,T010,Toluca FC,T006,León FC,3,0,1,0,Estadio Nemesio Díez,W,0,
4779,Clausura 2024,2024,clausura,14,2024-04-01,T003,Monterrey,T013,Juárez,4,2,1,0,Estadio BBVA,W,0,
4780,Clausura 2024,2024,clausura,14,2024-04-01,T015,Necaxa,T005,Tigres UANL,1,1,1,0,Estadio Victoria,D,0,
4781,Clausura 2024,2024,clausura,14,2024-04-01,T011,Mazatlán FC,T002,América,4,0,1,0,Estadio Morelos,W,0,Antes llamado 'Monarcas Morelia' (pre-2020) — cuidado en análisis histórico
4782,Clausura 2024,2024,clausura,14,2024-04-01,T001,Cruz Azul,T008,Atlas Guadalajara,1,1,0,0,Estadio Ciudad de los Deportes,D,1,
4783,Clausura 2024,2024,clausura,14,2024-04-01,T012,Club Tijuana,T014,Atlético San Luis,1,2,0,1,Estadio Caliente,L,0,
4784,Clausura 2024,2024,clausura,15,2024-04-08,T017,La Franja,T002,CF América,3,2,0,2,Estadio Cuauhtémoc,W,0,
4785,Clausura 2024,2024,clausura,15,2024-04-08,T003,CF Monterrey,T012,Xoloitzcuintles,3,0,2,0,Estadio BBVA,W,0,
4786,Clausura 2024,2024,clausura,15,2024-04-08,T018,Mazatlán FC,T005,Tigres UANL,0,1,0,1,Estadio de Mazatlán,L,0,
4787,Clausura 2024,2024,clausura,15,2024-04-08,T016,Querétaro,T009,Santos Laguna,3,1,2,1,Estadio Corregidora,W,0,
4788,Clausura 2024,2024,clausura,15,2024-04-08,T007,Pumas,T014,A. San Luis,0,2,0,0,Estadio Olímpico Universitario,L,0,
4789,Clausura 2024,2024,clausura,15,2024-04-08,T004,Deportivo Guadalajara,T011,Mazatlán FC,1,0,0,0,Estadio Akron,W,0,Antes llamado 'Monarcas Morelia' (pre-2020) — cuidado en análisis histórico
4790,Clausura 2024,2024,clausura,15,2024-04-08,T008,Club Atlas,T001,Cruz Azul,1,3,0,3,Estadio Jalisco,L,1,
4791,Clausura 2024,2024,clausura,15,2024-04-08,T013,Juárez,T015,Impulsora Necaxa,1,1,0,1,Estadio Olímpico Benito Juárez,D,0,
4792,Clausura 2024,2024,clausura,16,2024-04-15,T016,Querétaro,T004,Chivas,1,4,0,1,Estadio Corregidora,L,0,
4793,Clausura 2024,2024,clausura,16,2024-04-15,T006,León,T009,Santos,3,0,1,0,Estadio León,W,0,
4794,Clausura 2024,2024,clausura,16,2024-04-15,T001,Cruz Azul,T013,Juárez,2,2,0,0,Estadio Ciudad de los Deportes,D,1,
4795,Clausura 2024,2024,clausura,16,2024-04-15,T005,Tigres UANL,T007,UNAM Pumas,0,2,0,2,Estadio Universitario,L,0,
4796,Clausura 2024,2024,clausura,16,2024-04-15,T012,Xoloitzcuintles,T018,Mazatlán FC,0,2,0,1,Estadio Caliente,L,0,
4797,Clausura 2024,2024,clausura,16,2024-04-15,T017,Club Puebla,T003,CF Monterrey,2,0,0,0,Estadio Cuauhtémoc,W,0,
4798,Clausura 2024,2024,clausura,16,2024-04-15,T008,Club Atlas,T002,América,1,3,1,2,Estadio Jalisco,L,0,
4799,Clausura 2024,2024,clausura,16,2024-04-15,T011,Mazatlán FC,T015,Impulsora Necaxa,3,0,3,0,Estadio Morelos,W,0,Antes llamado 'Monarcas Morelia' (pre-2020) — cuidado en análisis histórico
4800,Clausura 2024,2024,clausura,17,2024-04-22,T018,Mazatlán FC,T004,Deportivo Guadalajara,4,0,4,0,Estadio de Mazatlán,W,0,
4801,Clausura 2024,2024,clausura,17,2024-04-22,T016,Gallos Blancos,T007,Pumas UNAM,3,3,2,2,Estadio Corregidora,D,0,
4802,Clausura 2024,2024,clausura,17,2024-04-22,T006,León,T009,Santos Laguna FC,0,1,0,1,Estadio León,L,0,
4803,Clausura 2024,2024,clausura,17,2024-04-22,T010,Deportivo Toluca,T001,C. Azul,3,4,2,1,Estadio Nemesio Díez,L,1,
4804,Clausura 2024,2024,clausura,17,2024-04-22,T003,Rayados,T014,A. San Luis,3,1,1,0,Estadio BBVA,W,0,
4805,Clausura 2024,2024,clausura,17,2024-04-22,T011,Mazatlán FC,T017,La Franja,3,3,2,0,Estadio Morelos,D,0,Antes llamado 'Monarcas Morelia' (pre-2020) — cuidado en análisis histórico
4806,Clausura 2024,2024,clausura,17,2024-04-22,T013,Juárez,T015,Necaxa,4,3,3,3,Estadio Olímpico Benito Juárez,W,0,
4807,Clausura 2024,2024,clausura,17,2024-04-22,T005,UANL Tigres,T002,América,0,1,0,0,Estadio Universitario,L,0,
4808,Apertura 2024,2024,apertura,1,2024-07-01,T004,Deportivo Guadalajara,T014,A. San Luis,1,3,1,3,Estadio Akron,L,0,
4809,Apertura 2024,2024,apertura,1,2024-07-01,T017,La Franja,T018,Mazatlán FC,1,0,0,0,Estadio Cuauhtémoc,W,0,
4810,Apertura 2024,2024,apertura,1,2024-07-01,T001,Cruz Azul FC,T008,Atlas,3,0,0,0,Estadio Ciudad de los Deportes,W,1,
4811,Apertura 2024,2024,apertura,1,2024-07-01,T016,Querétaro,T007,Pumas,3,0,2,0,Estadio Corregidora,W,0,
4812,Apertura 2024,2024,apertura,1,2024-07-01,T005,Tigres,T010,Deportivo Toluca,2,3,1,3,Estadio Universitario,L,0,
4813,Apertura 2024,2024,apertura,1,2024-07-01,T009,Santos Laguna FC,T013,Juárez,4,1,1,0,Estadio Corona,W,0,
4814,Apertura 2024,2024,apertura,1,2024-07-01,T015,Necaxa,T003,Rayados,3,1,1,1,Estadio Victoria,W,0,
4815,Apertura 2024,2024,apertura,1,2024-07-01,T002,Club América,T012,Xoloitzcuintles,1,0,1,0,Estadio Azteca,W,0,
4816,Apertura 2024,2024,apertura,2,2024-07-08,T012,Tijuana,T002,Club América,0,0,0,0,Estadio Caliente,D,0,
4817,Apertura 2024,2024,apertura,2,2024-07-08,T016,Querétaro,T010,Toluca,2,2,0,1,Estadio Corregidora,D,0,
4818,Apertura 2024,2024,apertura,2,2024-07-08,T006,Club León,T003,Rayados,1,0,1,0,Estadio León,W,0,
4819,Apertura 2024,2024,apertura,2,2024-07-08,T018,Mazatlán FC,T009,Santos,2,0,1,0,Estadio de Mazatlán,W,0,
4820,Apertura 2024,2024,apertura,2,2024-07-08,T004,Guadalajara,T017,Club Puebla,1,2,0,1,Estadio Akron,L,0,
4821,Apertura 2024,2024,apertura,2,2024-07-08,T001,C. Azul,T005,UANL Tigres,1,2,0,1,Estadio Ciudad de los Deportes,L,1,
4822,Apertura 2024,2024,apertura,2,2024-07-08,T007,Pumas UNAM,T008,Atlas,1,0,0,0,Estadio Olímpico Universitario,W,0,
4823,Apertura 2024,2024,apertura,2,2024-07-08,T015,Impulsora Necaxa,T011,Mazatlán FC,4,4,3,3,Estadio Victoria,D,0,Antes llamado 'Monarcas Morelia' (pre-2020) — cuidado en análisis histórico
4824,Apertura 2024,2024,apertura,3,2024-07-15,T008,Atlas,T014,San Luis,2,1,2,1,Estadio Jalisco,W,0,
4825,Apertura 2024,2024,apertura,3,2024-07-15,T016,Querétaro,T015,Impulsora Necaxa,2,3,1,0,Estadio Corregidora,L,0,
4826,Apertura 2024,2024,apertura,3,2024-07-15,T003,Rayados,T010,Toluca FC,4,3,3,2,Estadio BBVA,W,0,
4827,Apertura 2024,2024,apertura,3,2024-07-15,T011,Mazatlán FC,T018,Mazatlán FC,1,1,0,0,Estadio Morelos,D,0,Antes llamado 'Monarcas Morelia' (pre-2020) — cuidado en análisis histórico
4828,Apertura 2024,2024,apertura,3,2024-07-15,T009,Santos Laguna,T013,FC Juárez,3,0,3,0,Estadio Corona,W,0,
4829,Apertura 2024,2024,apertura,3,2024-07-15,T004,Chivas,T001,Cruz Azul,1,3,0,0,Estadio Akron,L,1,
4830,Apertura 2024,2024,apertura,3,2024-07-15,T006,León FC,T017,Club Puebla,1,2,1,1,Estadio León,L,0,
4831,Apertura 2024,2024,apertura,3,2024-07-15,T005,UANL Tigres,T007,Pumas,1,2,1,2,Estadio Universitario,L,0,
4832,Apertura 2024,2024,apertura,4,2024-07-22,T009,Santos Laguna,T002,Club América,1,2,1,2,Estadio Corona,L,0,
4833,Apertura 2024,2024,apertura,4,2024-07-22,T005,UANL Tigres,T010,Toluca,1,3,0,3,Estadio Universitario,L,0,
4834,Apertura 2024,2024,apertura,4,2024-07-22,T014,A. San Luis,T001,C. Azul,2,4,0,2,Estadio Alfonso Lastras,L,1,
4835,Apertura 2024,2024,apertura,4,2024-07-22,T012,Xoloitzcuintles,T008,Club Atlas,1,4,1,1,Estadio Caliente,L,0,
4836,Apertura 2024,2024,apertura,4,2024-07-22,T018,Mazatlán FC,T007,Pumas,1,4,1,3,Estadio de Mazatlán,L,0,
4837,Apertura 2024,2024,apertura,4,2024-07-22,T004,Chivas,T011,Mazatlán FC,2,3,1,0,Estadio Akron,L,0,Antes llamado 'Monarcas Morelia' (pre-2020) — cuidado en análisis histórico
4838,Apertura 2024,2024,apertura,4,2024-07-22,T015,Impulsora Necaxa,T003,Rayados,3,2,0,2,Estadio Victoria,W,0,
4839,Apertura 2024,2024,apertura,4,2024-07-22,T013,FC Juárez,T017,La Franja,4,1,0,0,Estadio Olímpico Benito Juárez,W,0,
4840,Apertura 2024,2024,apertura,5,2024-07-29,T008,Club Atlas,T005,Tigres,2,1,2,0,Estadio Jalisco,W,0,
4841,Apertura 2024,2024,apertura,5,2024-07-29,T010,Deportivo Toluca,T014,A. San Luis,1,1,1,0,Estadio Nemesio Díez,D,0,
4842,Apertura 2024,2024,apertura,5,2024-07-29,T003,Monterrey,T017,Puebla FC,2,2,1,2,Estadio BBVA,D,0,
4843,Apertura 2024,2024,apertura,5,2024-07-29,T013,Bravos de Juárez,T009,Santos Laguna FC,0,3,0,3,Estadio Olímpico Benito Juárez,L,0,
4844,Apertura 2024,2024,apertura,5,2024-07-29,T007,Pumas UNAM,T006,León FC,1,1,0,1,Estadio Olímpico Universitario,D,0,
4845,Apertura 2024,2024,apertura,5,2024-07-29,T002,Club América,T012,Xoloitzcuintles,3,0,3,0,Estadio Azteca,W,0,
4846,Apertura 2024,2024,apertura,5,2024-07-29,T015,Club Necaxa,T011,Mazatlán FC,2,4,0,1,Estadio Victoria,L,0,Antes llamado 'Monarcas Morelia' (pre-2020) — cuidado en análisis histórico
4847,Apertura 2024,2024,apertura,5,2024-07-29,T004,Guadalajara,T018,Mazatlán FC,1,1,1,0,Estadio Akron,D,0,
4848,Apertura 2024,2024,apertura,6,2024-08-05,T010,Toluca FC,T002,CF América,1,2,1,2,Estadio Nemesio Díez,L,0,
4849,Apertura 2024,2024,apertura,6,2024-08-05,T015,Club Necaxa,T017,La Franja,1,2,1,0,Estadio Victoria,L,0,
4850,Apertura 2024,2024,apertura,6,2024-08-05,T004,Guadalajara,T008,Atlas Guadalajara,2,2,1,2,Estadio Akron,D,0,
4851,Apertura 2024,2024,apertura,6,2024-08-05,T007,Pumas,T006,León,1,1,1,1,Estadio Olímpico Universitario,D,0,
4852,Apertura 2024,2024,apertura,6,2024-08-05,T012,Xoloitzcuintles,T011,Mazatlán FC,4,3,4,0,Estadio Caliente,W,0,Antes llamado 'Monarcas Morelia' (pre-2020) — cuidado en análisis histórico
4853,Apertura 2024,2024,apertura,6,2024-08-05,T018,Mazatlán FC,T016,Querétaro FC,3,1,1,0,Estadio de Mazatlán,W,0,
4854,Apertura 2024,2024,apertura,6,2024-08-05,T009,Santos Laguna,T013,Bravos de Juárez,2,2,0,1,Estadio Corona,D,0,
4855,Apertura 2024,2024,apertura,6,2024-08-05,T005,Tigres,T001,Cruz Azul,2,2,1,2,Estadio Universitario,D,1,
4856,Apertura 2024,2024,apertura,7,2024-08-12,T018,Mazatlán FC,T008,Atlas Guadalajara,1,0,1,0,Estadio de Mazatlán,W,0,
4857,Apertura 2024,2024,apertura,7,2024-08-12,T016,Querétaro,T009,Santos Laguna FC,3,0,2,0,Estadio Corregidora,W,0,
4858,Apertura 2024,2024,apertura,7,2024-08-12,T017,Puebla FC,T011,Mazatlán FC,1,2,1,1,Estadio Cuauhtémoc,L,0,Antes llamado 'Monarcas Morelia' (pre-2020) — cuidado en análisis histórico
4859,Apertura 2024,2024,apertura,7,2024-08-12,T005,Tigres UANL,T003,Monterrey,2,2,0,0,Estadio Universitario,D,0,
4860,Apertura 2024,2024,apertura,7,2024-08-12,T002,CF América,T006,León FC,0,2,0,0,Estadio Azteca,L,0,
4861,Apertura 2024,2024,apertura,7,2024-08-12,T001,Cruz Azul,T014,Atlético San Luis,0,0,0,0,Estadio Ciudad de los Deportes,D,1,
4862,Apertura 2024,2024,apertura,7,2024-08-12,T015,Necaxa,T004,Chivas,3,1,1,0,Estadio Victoria,W,0,
4863,Apertura 2024,2024,apertura,7,2024-08-12,T007,Pumas,T013,Bravos de Juárez,0,2,0,1,Estadio Olímpico Universitario,L,0,
4864,Apertura 2024,2024,apertura,8,2024-08-19,T006,Club León,T010,Toluca FC,4,1,2,1,Estadio León,W,0,
4865,Apertura 2024,2024,apertura,8,2024-08-19,T012,Xoloitzcuintles,T004,Deportivo Guadalajara,2,0,1,0,Estadio Caliente,W,0,
4866,Apertura 2024,2024,apertura,8,2024-08-19,T018,Mazatlán FC,T002,América,0,4,0,0,Estadio de Mazatlán,L,0,
4867,Apertura 2024,2024,apertura,8,2024-08-19,T015,Impulsora Necaxa,T016,Gallos Blancos,2,1,1,0,Estadio Victoria,W,0,
4868,Apertura 2024,2024,apertura,8,2024-08-19,T017,Club Puebla,T014,A. San Luis,4,2,1,1,Estadio Cuauhtémoc,W,0,
4869,Apertura 2024,2024,apertura,8,2024-08-19,T013,Bravos de Juárez,T001,C. Azul,4,4,3,0,Estadio Olímpico Benito Juárez,D,1,
4870,Apertura 2024,2024,apertura,8,2024-08-19,T007,Pumas UNAM,T009,Santos,2,1,0,1,Estadio Olímpico Universitario,W,0,
4871,Apertura 2024,2024,apertura,8,2024-08-19,T011,Mazatlán FC,T008,Atlas Guadalajara,2,0,2,0,Estadio Morelos,W,0,Antes llamado 'Monarcas Morelia' (pre-2020) — cuidado en análisis histórico
4872,Apertura 2024,2024,apertura,9,2024-08-26,T010,Toluca FC,T018,Mazatlán FC,1,4,0,2,Estadio Nemesio Díez,L,0,
4873,Apertura 2024,2024,apertura,9,2024-08-26,T013,Bravos de Juárez,T002,CF América,1,2,0,0,Estadio Olímpico Benito Juárez,L,0,
4874,Apertura 2024,2024,apertura,9,2024-08-26,T012,Tijuana,T009,Santos Laguna,2,2,2,2,Estadio Caliente,D,0,
4875,Apertura 2024,2024,apertura,9,2024-08-26,T005,Tigres,T011,Mazatlán FC,1,1,1,0,Estadio Universitario,D,0,Antes llamado 'Monarcas Morelia' (pre-2020) — cuidado en análisis histórico
4876,Apertura 2024,2024,apertura,9,2024-08-26,T015,Club Necaxa,T008,Atlas Guadalajara,0,1,0,0,Estadio Victoria,L,0,
4877,Apertura 2024,2024,apertura,9,2024-08-26,T017,La Franja,T014,San Luis,3,2,3,1,Estadio Cuauhtémoc,W,0,
4878,Apertura 2024,2024,apertura,9,2024-08-26,T001,Cruz Azul FC,T004,Chivas,2,0,2,0,Estadio Ciudad de los Deportes,W,1,
4879,Apertura 2024,2024,apertura,9,2024-08-26,T016,Querétaro,T003,CF Monterrey,4,4,3,3,Estadio Corregidora,D,0,
4880,Apertura 2024,2024,apertura,10,2024-09-02,T005,Tigres UANL,T011,Mazatlán FC,2,1,2,0,Estadio Universitario,W,0,Antes llamado 'Monarcas Morelia' (pre-2020) — cuidado en análisis histórico
4881,Apertura 2024,2024,apertura,10,2024-09-02,T017,Club Puebla,T006,León FC,2,0,1,0,Estadio Cuauhtémoc,W,0,
4882,Apertura 2024,2024,apertura,10,2024-09-02,T003,CF Monterrey,T010,Toluca FC,0,0,0,0,Estadio BBVA,D,0,
4883,Apertura 2024,2024,apertura,10,2024-09-02,T018,Mazatlán FC,T015,Necaxa,0,1,0,1,Estadio de Mazatlán,L,0,
4884,Apertura 2024,2024,apertura,10,2024-09-02,T009,Santos Laguna FC,T013,Juárez,2,1,2,1,Estadio Corona,W,0,
4885,Apertura 2024,2024,apertura,10,2024-09-02,T016,Querétaro FC,T014,A. San Luis,2,0,0,0,Estadio Corregidora,W,0,
4886,Apertura 2024,2024,apertura,10,2024-09-02,T004,Deportivo Guadalajara,T008,Club Atlas,0,2,0,2,Estadio Akron,L,0,
4887,Apertura 2024,2024,apertura,10,2024-09-02,T012,Xoloitzcuintles,T001,Cruz Azul FC,1,2,1,1,Estadio Caliente,L,1,
4888,Apertura 2024,2024,apertura,11,2024-09-09,T002,América,T013,Bravos de Juárez,2,0,2,0,Estadio Azteca,W,0,
4889,Apertura 2024,2024,apertura,11,2024-09-09,T012,Xoloitzcuintles,T011,Mazatlán FC,1,3,0,2,Estadio Caliente,L,0,Antes llamado 'Monarcas Morelia' (pre-2020) — cuidado en análisis histórico
4890,Apertura 2024,2024,apertura,11,2024-09-09,T005,Tigres,T014,Atlético San Luis,3,2,3,1,Estadio Universitario,W,0,
4891,Apertura 2024,2024,apertura,11,2024-09-09,T015,Necaxa,T006,León,1,3,1,0,Estadio Victoria,L,0,
4892,Apertura 2024,2024,apertura,11,2024-09-09,T007,Pumas UNAM,T004,Guadalajara,2,2,1,1,Estadio Olímpico Universitario,D,0,
4893,Apertura 2024,2024,apertura,11,2024-09-09,T016,Gallos Blancos,T010,Toluca,0,1,0,0,Estadio Corregidora,L,0,
4894,Apertura 2024,2024,apertura,11,2024-09-09,T017,Puebla FC,T008,Club Atlas,0,1,0,0,Estadio Cuauhtémoc,L,0,
4895,Apertura 2024,2024,apertura,11,2024-09-09,T003,Rayados,T009,Santos Laguna FC,2,0,2,0,Estadio BBVA,W,0,
4896,Apertura 2024,2024,apertura,12,2024-09-16,T006,León FC,T014,A. San Luis,0,0,0,0,Estadio León,D,0,
4897,Apertura 2024,2024,apertura,12,2024-09-16,T008,Atlas Guadalajara,T003,CF Monterrey,2,0,1,0,Estadio Jalisco,W,0,
4898,Apertura 2024,2024,apertura,12,2024-09-16,T004,Deportivo Guadalajara,T001,Cruz Azul,1,0,1,0,Estadio Akron,W,1,
4899,Apertura 2024,2024,apertura,12,2024-09-16,T011,Mazatlán FC,T015,Impulsora Necaxa,0,2,0,2,Estadio Morelos,L,0,Antes llamado 'Monarcas Morelia' (pre-2020) — cuidado en análisis histórico
4900,Apertura 2024,2024,apertura,12,2024-09-16,T009,Santos Laguna FC,T002,Club América,1,3,1,3,Estadio Corona,L,0,
4901,Apertura 2024,2024,apertura,12,2024-09-16,T007,Pumas UNAM,T005,UANL Tigres,1,1,0,1,Estadio Olímpico Universitario,D,0,
4902,Apertura 2024,2024,apertura,12,2024-09-16,T012,Xoloitzcuintles,T010,Deportivo Toluca,4,3,0,1,Estadio Caliente,W,0,
4903,Apertura 2024,2024,apertura,12,2024-09-16,T018,Mazatlán FC,T017,La Franja,2,0,1,0,Estadio de Mazatlán,W,0,
4904,Apertura 2024,2024,apertura,13,2024-09-23,T001,C. Azul,T008,Atlas Guadalajara,4,2,4,2,Estadio Ciudad de los Deportes,W,1,
4905,Apertura 2024,2024,apertura,13,2024-09-23,T003,CF Monterrey,T004,Chivas,2,3,1,0,Estadio BBVA,L,0,
4906,Apertura 2024,2024,apertura,13,2024-09-23,T018,Mazatlán FC,T014,Atlético San Luis,2,0,0,0,Estadio de Mazatlán,W,0,
4907,Apertura 2024,2024,apertura,13,2024-09-23,T005,Tigres,T007,Pumas UNAM,2,1,1,1,Estadio Universitario,W,0,
4908,Apertura 2024,2024,apertura,13,2024-09-23,T013,Bravos de Juárez,T006,Club León,0,1,0,0,Estadio Olímpico Benito Juárez,L,0,
4909,Apertura 2024,2024,apertura,13,2024-09-23,T011,Mazatlán FC,T016,Querétaro,2,2,1,2,Estadio Morelos,D,0,Antes llamado 'Monarcas Morelia' (pre-2020) — cuidado en análisis histórico
4910,Apertura 2024,2024,apertura,13,2024-09-23,T002,Club América,T015,Impulsora Necaxa,2,0,1,0,Estadio Azteca,W,0,
4911,Apertura 2024,2024,apertura,13,2024-09-23,T012,Tijuana,T009,Santos,1,2,1,0,Estadio Caliente,L,0,
4912,Apertura 2024,2024,apertura,14,2024-09-30,T016,Querétaro,T001,Cruz Azul FC,2,1,2,1,Estadio Corregidora,W,1,
4913,Apertura 2024,2024,apertura,14,2024-09-30,T010,Toluca,T012,Club Tijuana,3,0,0,0,Estadio Nemesio Díez,W,0,
4914,Apertura 2024,2024,apertura,14,2024-09-30,T005,UANL Tigres,T018,Mazatlán FC,2,1,2,1,Estadio Universitario,W,0,
4915,Apertura 2024,2024,apertura,14,2024-09-30,T006,León FC,T015,Impulsora Necaxa,3,1,0,0,Estadio León,W,0,
4916,Apertura 2024,2024,apertura,14,2024-09-30,T017,Club Puebla,T007,Pumas,2,2,2,2,Estadio Cuauhtémoc,D,0,
4917,Apertura 2024,2024,apertura,14,2024-09-30,T002,CF América,T013,Juárez,2,0,2,0,Estadio Azteca,W,0,
4918,Apertura 2024,2024,apertura,14,2024-09-30,T014,Atlético San Luis,T008,Atlas,3,2,2,0,Estadio Alfonso Lastras,W,0,
4919,Apertura 2024,2024,apertura,14,2024-09-30,T011,Mazatlán FC,T009,Santos Laguna FC,2,1,1,0,Estadio Morelos,W,0,Antes llamado 'Monarcas Morelia' (pre-2020) — cuidado en análisis histórico
4920,Apertura 2024,2024,apertura,15,2024-10-07,T012,Tijuana,T003,Rayados,4,0,4,0,Estadio Caliente,W,0,
4921,Apertura 2024,2024,apertura,15,2024-10-07,T002,Club América,T001,Cruz Azul,3,4,1,1,Estadio Azteca,L,1,
4922,Apertura 2024,2024,apertura,15,2024-10-07,T018,Mazatlán FC,T005,UANL Tigres,0,0,0,0,Estadio de Mazatlán,D,0,
4923,Apertura 2024,2024,apertura,15,2024-10-07,T010,Deportivo Toluca,T017,La Franja,2,2,1,1,Estadio Nemesio Díez,D,0,
4924,Apertura 2024,2024,apertura,15,2024-10-07,T009,Santos Laguna FC,T004,Chivas,2,0,0,0,Estadio Corona,W,0,
4925,Apertura 2024,2024,apertura,15,2024-10-07,T014,A. San Luis,T008,Atlas Guadalajara,0,1,0,0,Estadio Alfonso Lastras,L,0,
4926,Apertura 2024,2024,apertura,15,2024-10-07,T007,UNAM Pumas,T006,León FC,0,1,0,1,Estadio Olímpico Universitario,L,0,
4927,Apertura 2024,2024,apertura,15,2024-10-07,T011,Mazatlán FC,T015,Club Necaxa,2,3,0,3,Estadio Morelos,L,0,Antes llamado 'Monarcas Morelia' (pre-2020) — cuidado en análisis histórico
4928,Apertura 2024,2024,apertura,16,2024-10-14,T005,Tigres UANL,T012,Xoloitzcuintles,4,0,1,0,Estadio Universitario,W,0,
4929,Apertura 2024,2024,apertura,16,2024-10-14,T018,Mazatlán FC,T007,Pumas UNAM,0,1,0,1,Estadio de Mazatlán,L,0,
4930,Apertura 2024,2024,apertura,16,2024-10-14,T015,Necaxa,T013,Bravos de Juárez,3,4,0,3,Estadio Victoria,L,0,
4931,Apertura 2024,2024,apertura,16,2024-10-14,T004,Deportivo Guadalajara,T010,Toluca FC,1,3,1,3,Estadio Akron,L,0,
4932,Apertura 2024,2024,apertura,16,2024-10-14,T002,CF América,T014,A. San Luis,1,0,0,0,Estadio Azteca,W,0,
4933,Apertura 2024,2024,apertura,16,2024-10-14,T017,Club Puebla,T008,Atlas,4,4,2,2,Estadio Cuauhtémoc,D,0,
4934,Apertura 2024,2024,apertura,16,2024-10-14,T009,Santos Laguna FC,T016,Gallos Blancos,1,1,0,1,Estadio Corona,D,0,
4935,Apertura 2024,2024,apertura,16,2024-10-14,T003,CF Monterrey,T011,Mazatlán FC,2,2,1,0,Estadio BBVA,D,0,Antes llamado 'Monarcas Morelia' (pre-2020) — cuidado en análisis histórico
4936,Apertura 2024,2024,apertura,17,2024-10-21,T017,La Franja,T006,León FC,1,2,0,2,Estadio Cuauhtémoc,L,0,
4937,Apertura 2024,2024,apertura,17,2024-10-21,T009,Santos,T004,Deportivo Guadalajara,0,2,0,2,Estadio Corona,L,0,
4938,Apertura 2024,2024,apertura,17,2024-10-21,T001,Cruz Azul FC,T005,UANL Tigres,2,1,2,1,Estadio Ciudad de los Deportes,W,1,
4939,Apertura 2024,2024,apertura,17,2024-10-21,T015,Club Necaxa,T008,Atlas Guadalajara,1,1,0,0,Estadio Victoria,D,0,
4940,Apertura 2024,2024,apertura,17,2024-10-21,T013,Juárez,T002,Club América,3,1,3,0,Estadio Olímpico Benito Juárez,W,0,
4941,Apertura 2024,2024,apertura,17,2024-10-21,T010,Deportivo Toluca,T007,UNAM Pumas,0,2,0,2,Estadio Nemesio Díez,L,0,
4942,Apertura 2024,2024,apertura,17,2024-10-21,T011,Mazatlán FC,T018,Mazatlán FC,0,0,0,0,Estadio Morelos,D,0,Antes llamado 'Monarcas Morelia' (pre-2020) — cuidado en análisis histórico
4943,Apertura 2024,2024,apertura,17,2024-10-21,T014,San Luis,T012,Club Tijuana,3,4,0,2,Estadio Alfonso Lastras,L,0,
4944,Clausura 2025,2025,clausura,1,2025-01-01,T001,Cruz Azul,T006,Club León,0,0,0,0,Estadio Ciudad de los Deportes,D,1,
4945,Clausura 2025,2025,clausura,1,2025-01-01,T010,Deportivo Toluca,T009,Santos Laguna FC,4,1,0,1,Estadio Nemesio Díez,W,0,
4946,Clausura 2025,2025,clausura,1,2025-01-01,T017,Club Puebla,T012,Xoloitzcuintles,2,4,2,1,Estadio Cuauhtémoc,L,0,
4947,Clausura 2025,2025,clausura,1,2025-01-01,T007,Pumas UNAM,T015,Club Necaxa,2,3,1,1,Estadio Olímpico Universitario,L,0,
4948,Clausura 2025,2025,clausura,1,2025-01-01,T004,Chivas,T018,Mazatlán FC,4,0,1,0,Estadio Akron,W,0,
4949,Clausura 2025,2025,clausura,1,2025-01-01,T016,Querétaro FC,T011,Mazatlán FC,2,3,1,1,Estadio Corregidora,L,0,Antes llamado 'Monarcas Morelia' (pre-2020) — cuidado en análisis histórico
4950,Clausura 2025,2025,clausura,1,2025-01-01,T008,Club Atlas,T014,Atlético San Luis,0,2,0,0,Estadio Jalisco,L,0,
4951,Clausura 2025,2025,clausura,1,2025-01-01,T013,Juárez,T005,Tigres,0,0,0,0,Estadio Olímpico Benito Juárez,D,0,
4952,Clausura 2025,2025,clausura,2,2025-01-08,T008,Club Atlas,T001,Cruz Azul FC,1,2,0,2,Estadio Jalisco,L,1,
4953,Clausura 2025,2025,clausura,2,2025-01-08,T005,UANL Tigres,T017,Club Puebla,2,2,0,2,Estadio Universitario,D,0,
4954,Clausura 2025,2025,clausura,2,2025-01-08,T014,Atlético San Luis,T012,Tijuana,0,2,0,2,Estadio Alfonso Lastras,L,0,
4955,Clausura 2025,2025,clausura,2,2025-01-08,T013,Bravos de Juárez,T016,Querétaro FC,0,2,0,1,Estadio Olímpico Benito Juárez,L,0,
4956,Clausura 2025,2025,clausura,2,2025-01-08,T003,Rayados,T009,Santos,3,3,3,0,Estadio BBVA,D,0,
4957,Clausura 2025,2025,clausura,2,2025-01-08,T015,Necaxa,T004,Chivas,1,1,1,1,Estadio Victoria,D,0,
4958,Clausura 2025,2025,clausura,2,2025-01-08,T002,Club América,T010,Toluca,1,0,0,0,Estadio Azteca,W,0,
4959,Clausura 2025,2025,clausura,2,2025-01-08,T006,León,T007,UNAM Pumas,0,1,0,1,Estadio León,L,0,
4960,Clausura 2025,2025,clausura,3,2025-01-15,T005,Tigres UANL,T006,León FC,1,2,1,1,Estadio Universitario,L,0,
4961,Clausura 2025,2025,clausura,3,2025-01-15,T015,Necaxa,T010,Toluca FC,2,0,1,0,Estadio Victoria,W,0,
4962,Clausura 2025,2025,clausura,3,2025-01-15,T014,Atlético San Luis,T003,Rayados,1,0,1,0,Estadio Alfonso Lastras,W,0,
4963,Clausura 2025,2025,clausura,3,2025-01-15,T016,Querétaro FC,T007,Pumas UNAM,0,1,0,0,Estadio Corregidora,L,0,
4964,Clausura 2025,2025,clausura,3,2025-01-15,T011,Mazatlán FC,T017,La Franja,1,2,0,1,Estadio Morelos,L,0,Antes llamado 'Monarcas Morelia' (pre-2020) — cuidado en análisis histórico
4965,Clausura 2025,2025,clausura,3,2025-01-15,T013,FC Juárez,T002,CF América,3,3,3,1,Estadio Olímpico Benito Juárez,D,0,
4966,Clausura 2025,2025,clausura,3,2025-01-15,T008,Club Atlas,T012,Xoloitzcuintles,2,2,1,2,Estadio Jalisco,D,0,
4967,Clausura 2025,2025,clausura,3,2025-01-15,T001,C. Azul,T018,Mazatlán FC,1,1,0,0,Estadio Ciudad de los Deportes,D,1,
4968,Clausura 2025,2025,clausura,4,2025-01-22,T011,Mazatlán FC,T002,CF América,1,2,1,2,Estadio Morelos,L,0,Antes llamado 'Monarcas Morelia' (pre-2020) — cuidado en análisis histórico
4969,Clausura 2025,2025,clausura,4,2025-01-22,T015,Impulsora Necaxa,T005,UANL Tigres,1,0,1,0,Estadio Victoria,W,0,
4970,Clausura 2025,2025,clausura,4,2025-01-22,T014,Atlético San Luis,T003,Monterrey,1,0,1,0,Estadio Alfonso Lastras,W,0,
4971,Clausura 2025,2025,clausura,4,2025-01-22,T006,León,T007,Pumas,4,1,2,1,Estadio León,W,0,
4972,Clausura 2025,2025,clausura,4,2025-01-22,T017,Club Puebla,T008,Club Atlas,4,1,2,0,Estadio Cuauhtémoc,W,0,
4973,Clausura 2025,2025,clausura,4,2025-01-22,T010,Deportivo Toluca,T018,Mazatlán FC,1,0,0,0,Estadio Nemesio Díez,W,0,
4974,Clausura 2025,2025,clausura,4,2025-01-22,T013,FC Juárez,T009,Santos,1,2,0,1,Estadio Olímpico Benito Juárez,L,0,
4975,Clausura 2025,2025,clausura,4,2025-01-22,T004,Guadalajara,T012,Club Tijuana,0,2,0,0,Estadio Akron,L,0,
4976,Clausura 2025,2025,clausura,5,2025-01-29,T007,UNAM Pumas,T015,Necaxa,1,0,0,0,Estadio Olímpico Universitario,W,0,
4977,Clausura 2025,2025,clausura,5,2025-01-29,T011,Mazatlán FC,T013,Bravos de Juárez,1,4,0,3,Estadio Morelos,L,0,Antes llamado 'Monarcas Morelia' (pre-2020) — cuidado en análisis histórico
4978,Clausura 2025,2025,clausura,5,2025-01-29,T006,León FC,T018,Mazatlán FC,1,0,0,0,Estadio León,W,0,
4979,Clausura 2025,2025,clausura,5,2025-01-29,T001,C. Azul,T005,Tigres UANL,3,3,0,0,Estadio Ciudad de los Deportes,D,1,
4980,Clausura 2025,2025,clausura,5,2025-01-29,T010,Toluca,T014,A. San Luis,1,0,1,0,Estadio Nemesio Díez,W,0,
4981,Clausura 2025,2025,clausura,5,2025-01-29,T002,Club América,T009,Santos Laguna,3,4,3,2,Estadio Azteca,L,0,
4982,Clausura 2025,2025,clausura,5,2025-01-29,T003,CF Monterrey,T008,Club Atlas,2,4,2,3,Estadio BBVA,L,0,
4983,Clausura 2025,2025,clausura,5,2025-01-29,T017,La Franja,T012,Xoloitzcuintles,3,0,3,0,Estadio Cuauhtémoc,W,0,
4984,Clausura 2025,2025,clausura,6,2025-02-05,T010,Toluca,T003,Rayados,1,1,0,1,Estadio Nemesio Díez,D,0,
4985,Clausura 2025,2025,clausura,6,2025-02-05,T008,Atlas Guadalajara,T015,Impulsora Necaxa,1,2,0,1,Estadio Jalisco,L,0,
4986,Clausura 2025,2025,clausura,6,2025-02-05,T011,Mazatlán FC,T012,Club Tijuana,2,2,2,0,Estadio Morelos,D,0,Antes llamado 'Monarcas Morelia' (pre-2020) — cuidado en análisis histórico
4987,Clausura 2025,2025,clausura,6,2025-02-05,T017,Club Puebla,T013,FC Juárez,3,2,1,2,Estadio Cuauhtémoc,W,0,
4988,Clausura 2025,2025,clausura,6,2025-02-05,T001,Cruz Azul FC,T018,Mazatlán FC,2,1,0,0,Estadio Ciudad de los Deportes,W,1,
4989,Clausura 2025,2025,clausura,6,2025-02-05,T002,CF América,T005,UANL Tigres,1,2,0,2,Estadio Azteca,L,0,
4990,Clausura 2025,2025,clausura,6,2025-02-05,T009,Santos Laguna FC,T006,León FC,0,0,0,0,Estadio Corona,D,0,
4991,Clausura 2025,2025,clausura,6,2025-02-05,T007,Pumas,T004,Chivas,1,2,0,2,Estadio Olímpico Universitario,L,0,
4992,Clausura 2025,2025,clausura,7,2025-02-12,T017,Puebla FC,T005,UANL Tigres,0,1,0,0,Estadio Cuauhtémoc,L,0,
4993,Clausura 2025,2025,clausura,7,2025-02-12,T011,Mazatlán FC,T003,CF Monterrey,2,1,0,0,Estadio Morelos,W,0,Antes llamado 'Monarcas Morelia' (pre-2020) — cuidado en análisis histórico
4994,Clausura 2025,2025,clausura,7,2025-02-12,T001,Cruz Azul,T010,Toluca,4,1,4,0,Estadio Ciudad de los Deportes,W,1,
4995,Clausura 2025,2025,clausura,7,2025-02-12,T015,Impulsora Necaxa,T002,América,0,0,0,0,Estadio Victoria,D,0,
4996,Clausura 2025,2025,clausura,7,2025-02-12,T014,Atlético San Luis,T016,Querétaro FC,3,1,1,0,Estadio Alfonso Lastras,W,0,
4997,Clausura 2025,2025,clausura,7,2025-02-12,T013,FC Juárez,T007,Pumas UNAM,0,3,0,2,Estadio Olímpico Benito Juárez,L,0,
4998,Clausura 2025,2025,clausura,7,2025-02-12,T004,Guadalajara,T009,Santos Laguna,2,2,0,2,Estadio Akron,D,0,
4999,Clausura 2025,2025,clausura,7,2025-02-12,T008,Atlas,T012,Tijuana,0,2,0,0,Estadio Jalisco,L,0,
5000,Clausura 2025,2025,clausura,8,2025-02-19,T008,Atlas Guadalajara,T004,Guadalajara,0,0,0,0,Estadio Jalisco,D,0,
5001,Clausura 2025,2025,clausura,8,2025-02-19,T007,UNAM Pumas,T003,CF Monterrey,0,1,0,0,Estadio Olímpico Universitario,L,0,
5002,Clausura 2025,2025,clausura,8,2025-02-19,T010,Toluca,T015,Impulsora Necaxa,2,0,0,0,Estadio Nemesio Díez,W,0,
5003,Clausura 2025,2025,clausura,8,2025-02-19,T009,Santos Laguna,T005,Tigres,0,2,0,1,Estadio Corona,L,0,
5004,Clausura 2025,2025,clausura,8,2025-02-19,T018,Mazatlán FC,T006,Club León,0,1,0,1,Estadio de Mazatlán,L,0,
5005,Clausura 2025,2025,clausura,8,2025-02-19,T013,Bravos de Juárez,T016,Gallos Blancos,1,2,0,1,Estadio Olímpico Benito Juárez,L,0,
5006,Clausura 2025,2025,clausura,8,2025-02-19,T014,A. San Luis,T002,América,0,1,0,1,Estadio Alfonso Lastras,L,0,
5007,Clausura 2025,2025,clausura,8,2025-02-19,T011,Mazatlán FC,T012,Xoloitzcuintles,1,4,0,1,Estadio Morelos,L,0,Antes llamado 'Monarcas Morelia' (pre-2020) — cuidado en análisis histórico
5008,Clausura 2025,2025,clausura,9,2025-02-26,T009,Santos Laguna FC,T004,Deportivo Guadalajara,0,2,0,1,Estadio Corona,L,0,
5009,Clausura 2025,2025,clausura,9,2025-02-26,T013,FC Juárez,T016,Querétaro,1,1,1,1,Estadio Olímpico Benito Juárez,D,0,
5010,Clausura 2025,2025,clausura,9,2025-02-26,T015,Impulsora Necaxa,T007,UNAM Pumas,4,2,4,1,Estadio Victoria,W,0,
5011,Clausura 2025,2025,clausura,9,2025-02-26,T002,Club América,T006,Club León,0,1,0,1,Estadio Azteca,L,0,
5012,Clausura 2025,2025,clausura,9,2025-02-26,T001,Cruz Azul FC,T018,Mazatlán FC,1,0,1,0,Estadio Ciudad de los Deportes,W,1,
5013,Clausura 2025,2025,clausura,9,2025-02-26,T010,Toluca FC,T017,Puebla FC,1,3,0,3,Estadio Nemesio Díez,L,0,
5014,Clausura 2025,2025,clausura,9,2025-02-26,T005,Tigres UANL,T003,CF Monterrey,3,2,0,0,Estadio Universitario,W,0,
5015,Clausura 2025,2025,clausura,9,2025-02-26,T012,Club Tijuana,T014,A. San Luis,3,0,0,0,Estadio Caliente,W,0,
5016,Clausura 2025,2025,clausura,10,2025-03-05,T014,Atlético San Luis,T018,Mazatlán FC,2,0,2,0,Estadio Alfonso Lastras,W,0,
5017,Clausura 2025,2025,clausura,10,2025-03-05,T007,UNAM Pumas,T005,Tigres UANL,1,1,1,0,Estadio Olímpico Universitario,D,0,
5018,Clausura 2025,2025,clausura,10,2025-03-05,T004,Chivas,T011,Mazatlán FC,1,1,1,1,Estadio Akron,D,0,Antes llamado 'Monarcas Morelia' (pre-2020) — cuidado en análisis histórico
5019,Clausura 2025,2025,clausura,10,2025-03-05,T016,Querétaro,T001,C. Azul,1,2,1,1,Estadio Corregidora,L,1,
5020,Clausura 2025,2025,clausura,10,2025-03-05,T017,La Franja,T010,Deportivo Toluca,0,1,0,0,Estadio Cuauhtémoc,L,0,
5021,Clausura 2025,2025,clausura,10,2025-03-05,T006,León,T002,CF América,0,4,0,1,Estadio León,L,0,
5022,Clausura 2025,2025,clausura,10,2025-03-05,T015,Necaxa,T003,Rayados,0,3,0,0,Estadio Victoria,L,0,
5023,Clausura 2025,2025,clausura,10,2025-03-05,T009,Santos,T013,Bravos de Juárez,4,2,4,0,Estadio Corona,W,0,
5024,Clausura 2025,2025,clausura,11,2025-03-12,T017,Club Puebla,T018,Mazatlán FC,1,4,1,4,Estadio Cuauhtémoc,L,0,
5025,Clausura 2025,2025,clausura,11,2025-03-12,T005,Tigres UANL,T013,Juárez,0,4,0,4,Estadio Universitario,L,0,
5026,Clausura 2025,2025,clausura,11,2025-03-12,T014,A. San Luis,T008,Atlas Guadalajara,2,2,2,0,Estadio Alfonso Lastras,D,0,
5027,Clausura 2025,2025,clausura,11,2025-03-12,T001,Cruz Azul,T011,Mazatlán FC,0,0,0,0,Estadio Ciudad de los Deportes,D,1,Antes llamado 'Monarcas Morelia' (pre-2020) — cuidado en análisis histórico
5028,Clausura 2025,2025,clausura,11,2025-03-12,T002,América,T007,UNAM Pumas,3,1,0,0,Estadio Azteca,W,0,
5029,Clausura 2025,2025,clausura,11,2025-03-12,T012,Club Tijuana,T010,Toluca,0,1,0,1,Estadio Caliente,L,0,
5030,Clausura 2025,2025,clausura,11,2025-03-12,T009,Santos Laguna,T006,León FC,4,1,3,1,Estadio Corona,W,0,
5031,Clausura 2025,2025,clausura,11,2025-03-12,T004,Deportivo Guadalajara,T003,Rayados,3,3,3,0,Estadio Akron,D,0,
5032,Clausura 2025,2025,clausura,12,2025-03-19,T007,Pumas,T002,CF América,3,1,0,1,Estadio Olímpico Universitario,W,0,
5033,Clausura 2025,2025,clausura,12,2025-03-19,T016,Querétaro FC,T017,La Franja,0,1,0,0,Estadio Corregidora,L,0,
5034,Clausura 2025,2025,clausura,12,2025-03-19,T013,FC Juárez,T018,Mazatlán FC,3,1,1,0,Estadio Olímpico Benito Juárez,W,0,
5035,Clausura 2025,2025,clausura,12,2025-03-19,T003,Monterrey,T010,Deportivo Toluca,0,2,0,0,Estadio BBVA,L,0,
5036,Clausura 2025,2025,clausura,12,2025-03-19,T014,Atlético San Luis,T001,Cruz Azul,1,0,1,0,Estadio Alfonso Lastras,W,1,
5037,Clausura 2025,2025,clausura,12,2025-03-19,T005,Tigres,T009,Santos,1,0,1,0,Estadio Universitario,W,0,
5038,Clausura 2025,2025,clausura,12,2025-03-19,T011,Mazatlán FC,T008,Atlas,3,0,2,0,Estadio Morelos,W,0,Antes llamado 'Monarcas Morelia' (pre-2020) — cuidado en análisis histórico
5039,Clausura 2025,2025,clausura,12,2025-03-19,T004,Guadalajara,T015,Impulsora Necaxa,0,3,0,2,Estadio Akron,L,0,
5040,Clausura 2025,2025,clausura,13,2025-03-26,T012,Club Tijuana,T008,Atlas,2,2,0,1,Estadio Caliente,D,0,
5041,Clausura 2025,2025,clausura,13,2025-03-26,T015,Impulsora Necaxa,T002,Club América,4,0,3,0,Estadio Victoria,W,0,
5042,Clausura 2025,2025,clausura,13,2025-03-26,T006,León,T017,Club Puebla,2,2,1,1,Estadio León,D,0,
5043,Clausura 2025,2025,clausura,13,2025-03-26,T011,Mazatlán FC,T010,Deportivo Toluca,0,2,0,2,Estadio Morelos,L,0,Antes llamado 'Monarcas Morelia' (pre-2020) — cuidado en análisis histórico
5044,Clausura 2025,2025,clausura,13,2025-03-26,T007,UNAM Pumas,T003,Rayados,0,0,0,0,Estadio Olímpico Universitario,D,0,
5045,Clausura 2025,2025,clausura,13,2025-03-26,T013,Juárez,T004,Guadalajara,1,1,1,1,Estadio Olímpico Benito Juárez,D,0,
5046,Clausura 2025,2025,clausura,13,2025-03-26,T014,A. San Luis,T009,Santos,0,3,0,0,Estadio Alfonso Lastras,L,0,
5047,Clausura 2025,2025,clausura,13,2025-03-26,T005,Tigres,T016,Querétaro FC,0,0,0,0,Estadio Universitario,D,0,
5048,Clausura 2025,2025,clausura,14,2025-04-02,T005,Tigres UANL,T018,Mazatlán FC,2,1,2,0,Estadio Universitario,W,0,
5049,Clausura 2025,2025,clausura,14,2025-04-02,T013,Juárez,T015,Impulsora Necaxa,3,4,3,0,Estadio Olímpico Benito Juárez,L,0,
5050,Clausura 2025,2025,clausura,14,2025-04-02,T016,Querétaro,T006,Club León,1,0,1,0,Estadio Corregidora,W,0,
5051,Clausura 2025,2025,clausura,14,2025-04-02,T009,Santos Laguna FC,T007,Pumas UNAM,3,1,2,0,Estadio Corona,W,0,
5052,Clausura 2025,2025,clausura,14,2025-04-02,T004,Chivas,T012,Club Tijuana,3,1,1,1,Estadio Akron,W,0,
5053,Clausura 2025,2025,clausura,14,2025-04-02,T001,Cruz Azul FC,T010,Toluca FC,3,4,2,2,Estadio Ciudad de los Deportes,L,1,
5054,Clausura 2025,2025,clausura,14,2025-04-02,T002,América,T017,La Franja,1,0,1,0,Estadio Azteca,W,0,
5055,Clausura 2025,2025,clausura,14,2025-04-02,T014,Atlético San Luis,T011,Mazatlán FC,4,0,3,0,Estadio Alfonso Lastras,W,0,Antes llamado 'Monarcas Morelia' (pre-2020) — cuidado en análisis histórico
5056,Clausura 2025,2025,clausura,15,2025-04-09,T010,Deportivo Toluca,T002,América,3,0,0,0,Estadio Nemesio Díez,W,0,
5057,Clausura 2025,2025,clausura,15,2025-04-09,T003,Rayados,T009,Santos Laguna,1,2,1,1,Estadio BBVA,L,0,
5058,Clausura 2025,2025,clausura,15,2025-04-09,T005,Tigres,T013,Juárez,1,0,0,0,Estadio Universitario,W,0,
5059,Clausura 2025,2025,clausura,15,2025-04-09,T015,Necaxa,T018,Mazatlán FC,0,2,0,0,Estadio Victoria,L,0,
5060,Clausura 2025,2025,clausura,15,2025-04-09,T001,Cruz Azul FC,T008,Club Atlas,2,1,0,0,Estadio Ciudad de los Deportes,W,1,
5061,Clausura 2025,2025,clausura,15,2025-04-09,T006,Club León,T004,Deportivo Guadalajara,1,2,1,0,Estadio León,L,0,
5062,Clausura 2025,2025,clausura,15,2025-04-09,T017,Club Puebla,T012,Xoloitzcuintles,0,2,0,0,Estadio Cuauhtémoc,L,0,
5063,Clausura 2025,2025,clausura,15,2025-04-09,T007,Pumas UNAM,T014,A. San Luis,0,3,0,3,Estadio Olímpico Universitario,L,0,
5064,Clausura 2025,2025,clausura,16,2025-04-16,T016,Querétaro,T017,Puebla FC,2,0,0,0,Estadio Corregidora,W,0,
5065,Clausura 2025,2025,clausura,16,2025-04-16,T012,Xoloitzcuintles,T014,San Luis,1,1,1,0,Estadio Caliente,D,0,
5066,Clausura 2025,2025,clausura,16,2025-04-16,T006,Club León,T010,Toluca,1,1,0,0,Estadio León,D,0,
5067,Clausura 2025,2025,clausura,16,2025-04-16,T004,Guadalajara,T018,Mazatlán FC,0,2,0,1,Estadio Akron,L,0,
5068,Clausura 2025,2025,clausura,16,2025-04-16,T009,Santos Laguna FC,T007,UNAM Pumas,3,0,2,0,Estadio Corona,W,0,
5069,Clausura 2025,2025,clausura,16,2025-04-16,T001,C. Azul,T002,CF América,0,2,0,2,Estadio Ciudad de los Deportes,L,1,
5070,Clausura 2025,2025,clausura,16,2025-04-16,T008,Club Atlas,T015,Club Necaxa,1,4,0,4,Estadio Jalisco,L,0,
5071,Clausura 2025,2025,clausura,16,2025-04-16,T003,Rayados,T011,Mazatlán FC,0,2,0,2,Estadio BBVA,L,0,Antes llamado 'Monarcas Morelia' (pre-2020) — cuidado en análisis histórico
5072,Clausura 2025,2025,clausura,17,2025-04-23,T007,UNAM Pumas,T015,Club Necaxa,2,3,1,2,Estadio Olímpico Universitario,L,0,
5073,Clausura 2025,2025,clausura,17,2025-04-23,T009,Santos,T005,Tigres UANL,1,0,1,0,Estadio Corona,W,0,
5074,Clausura 2025,2025,clausura,17,2025-04-23,T010,Deportivo Toluca,T012,Club Tijuana,1,0,1,0,Estadio Nemesio Díez,W,0,
5075,Clausura 2025,2025,clausura,17,2025-04-23,T018,Mazatlán FC,T017,Club Puebla,4,2,2,1,Estadio de Mazatlán,W,0,
5076,Clausura 2025,2025,clausura,17,2025-04-23,T004,Chivas,T011,Mazatlán FC,2,4,2,2,Estadio Akron,L,0,Antes llamado 'Monarcas Morelia' (pre-2020) — cuidado en análisis histórico
5077,Clausura 2025,2025,clausura,17,2025-04-23,T002,Club América,T008,Atlas Guadalajara,0,1,0,0,Estadio Azteca,L,0,
5078,Clausura 2025,2025,clausura,17,2025-04-23,T001,Cruz Azul FC,T013,Bravos de Juárez,4,0,4,0,Estadio Ciudad de los Deportes,W,1,
5079,Clausura 2025,2025,clausura,17,2025-04-23,T003,Rayados,T006,Club León,0,0,0,0,Estadio BBVA,D,0,
